Copyright 1986-2021 Xilinx, Inc. All Rights Reserved.
-------------------------------------------------------------------------------------------------
| Tool Version : Vivado v.2021.2 (win64) Build 3367213 Tue Oct 19 02:48:09 MDT 2021
| Date         : Tue Aug 25 13:41:04 2026
| Host         : DESKTOP-27KRDOC running 64-bit major release  (build 9200)
| Command      : report_timing_summary -file C:/A7_M2/EXAMPLES/XDMA_DDR3/scripts/timing_full.rpt
| Design       : xdma_ddr3_core_top
| Device       : 7a200t-fbg484
| Speed File   : -2  PRODUCTION 1.23 2018-06-13
-------------------------------------------------------------------------------------------------

Timing Summary Report

------------------------------------------------------------------------------------------------
| Timer Settings
| --------------
------------------------------------------------------------------------------------------------

  Enable Multi Corner Analysis               :  Yes
  Enable Pessimism Removal                   :  Yes
  Pessimism Removal Resolution               :  Nearest Common Node
  Enable Input Delay Default Clock           :  No
  Enable Preset / Clear Arcs                 :  No
  Disable Flight Delays                      :  No
  Ignore I/O Paths                           :  No
  Timing Early Launch at Borrowing Latches   :  No
  Borrow Time for Max Delay Exceptions       :  Yes
  Merge Timing Exceptions                    :  Yes

  Corner  Analyze    Analyze    
  Name    Max Paths  Min Paths  
  ------  ---------  ---------  
  Slow    Yes        Yes        
  Fast    Yes        Yes        


------------------------------------------------------------------------------------------------
| Report Methodology
| ------------------
------------------------------------------------------------------------------------------------

No report available as report_methodology has not been run prior. Run report_methodology on the current design for the summary of methodology violations.



check_timing report

Table of Contents
-----------------
1. checking no_clock (8514)
2. checking constant_clock (0)
3. checking pulse_width_clock (8)
4. checking unconstrained_internal_endpoints (20038)
5. checking no_input_delay (17)
6. checking no_output_delay (48)
7. checking multiple_clock (0)
8. checking generated_clocks (0)
9. checking loops (1)
10. checking partial_input_delay (0)
11. checking partial_output_delay (0)
12. checking latch_loops (0)

1. checking no_clock (8514)
---------------------------
 There are 9 register/latch pins with no clock driven by root clock pin: diff_clock_rtl_0_clk_p[0] (HIGH)

 There are 8505 register/latch pins with no clock driven by root clock pin: xdma_ddr3_i/mig_7series_0/u_xdma_ddr3_mig_7series_0_0_mig/u_ddr3_infrastructure/gen_mmcm.mmcm_i/CLKFBOUT (HIGH)


2. checking constant_clock (0)
------------------------------
 There are 0 register/latch pins with constant_clock.


3. checking pulse_width_clock (8)
---------------------------------
 There are 8 register/latch pins which need pulse_width check. (LOW)


4. checking unconstrained_internal_endpoints (20038)
----------------------------------------------------
 There are 20038 pins that are not constrained for maximum delay. (HIGH)

 There are 0 pins that are not constrained for maximum delay due to constant clock.


5. checking no_input_delay (17)
-------------------------------
 There are 17 input ports with no input delay specified. (HIGH)

 There are 0 input ports with no input delay but user has a false path constraint.


6. checking no_output_delay (48)
--------------------------------
 There are 48 ports with no output delay specified. (HIGH)

 There are 0 ports with no output delay but user has a false path constraint

 There are 0 ports with no output delay but with a timing clock defined on it or propagating through it


7. checking multiple_clock (0)
------------------------------
 There are 0 register/latch pins with multiple clocks.


8. checking generated_clocks (0)
--------------------------------
 There are 0 generated clocks that are not connected to a clock source.


9. checking loops (1)
---------------------
 There is 1 combinational loop in the design. (HIGH)


10. checking partial_input_delay (0)
------------------------------------
 There are 0 input ports with partial input delay specified.


11. checking partial_output_delay (0)
-------------------------------------
 There are 0 ports with partial output delay specified.


12. checking latch_loops (0)
----------------------------
 There are 0 combinational latch loops in the design through latch input



------------------------------------------------------------------------------------------------
| Design Timing Summary
| ---------------------
------------------------------------------------------------------------------------------------

    WNS(ns)      TNS(ns)  TNS Failing Endpoints  TNS Total Endpoints      WHS(ns)      THS(ns)  THS Failing Endpoints  THS Total Endpoints     WPWS(ns)     TPWS(ns)  TPWS Failing Endpoints  TPWS Total Endpoints  
    -------      -------  ---------------------  -------------------      -------      -------  ---------------------  -------------------     --------     --------  ----------------------  --------------------  
      0.370        0.000                      0               109148        0.034        0.000                      0               109050        0.000        0.000                       0                 38995  


All user specified timing constraints are met.


------------------------------------------------------------------------------------------------
| Clock Summary
| -------------
------------------------------------------------------------------------------------------------

Clock                    Waveform(ns)         Period(ns)      Frequency(MHz)
-----                    ------------         ----------      --------------
txoutclk_x0y0            {0.000 5.000}        10.000          100.000         
  clk_125mhz_x0y0        {0.000 4.000}        8.000           125.000         
    clk_125mhz_mux_x0y0  {0.000 4.000}        8.000           125.000         
  clk_250mhz_x0y0        {0.000 2.000}        4.000           250.000         
    clk_250mhz_mux_x0y0  {0.000 2.000}        4.000           250.000         
  mmcm_fb                {0.000 5.000}        10.000          100.000         
  userclk1               {0.000 2.000}        4.000           250.000         
  userclk2               {0.000 4.000}        8.000           125.000         


------------------------------------------------------------------------------------------------
| Intra Clock Table
| -----------------
------------------------------------------------------------------------------------------------

Clock                        WNS(ns)      TNS(ns)  TNS Failing Endpoints  TNS Total Endpoints      WHS(ns)      THS(ns)  THS Failing Endpoints  THS Total Endpoints     WPWS(ns)     TPWS(ns)  TPWS Failing Endpoints  TPWS Total Endpoints  
-----                        -------      -------  ---------------------  -------------------      -------      -------  ---------------------  -------------------     --------     --------  ----------------------  --------------------  
txoutclk_x0y0                                                                                                                                                              3.000        0.000                       0                     3  
  clk_125mhz_x0y0              0.755        0.000                      0                  782        0.118        0.000                      0                  782        2.286        0.000                       0                   340  
    clk_125mhz_mux_x0y0        4.363        0.000                      0                 2487        0.100        0.000                      0                 2487        3.146        0.000                       0                  1160  
  clk_250mhz_x0y0                                                                                                                                                          2.408        0.000                       0                     2  
    clk_250mhz_mux_x0y0        0.370        0.000                      0                 2487        0.100        0.000                      0                 2487        0.000        0.000                       0                  1160  
  mmcm_fb                                                                                                                                                                  8.751        0.000                       0                     2  
  userclk1                     0.859        0.000                      0                  466        0.122        0.000                      0                  466        0.000        0.000                       0                    19  
  userclk2                     0.459        0.000                      0               105165        0.034        0.000                      0               105165        2.870        0.000                       0                 37469  


------------------------------------------------------------------------------------------------
| Inter Clock Table
| -----------------
------------------------------------------------------------------------------------------------

From Clock           To Clock                 WNS(ns)      TNS(ns)  TNS Failing Endpoints  TNS Total Endpoints      WHS(ns)      THS(ns)  THS Failing Endpoints  THS Total Endpoints  
----------           --------                 -------      -------  ---------------------  -------------------      -------      -------  ---------------------  -------------------  
clk_125mhz_mux_x0y0  clk_125mhz_x0y0            5.308        0.000                      0                   10        0.340        0.000                      0                   10  
clk_250mhz_mux_x0y0  clk_125mhz_x0y0            1.188        0.000                      0                   10        0.149        0.000                      0                   10  
clk_125mhz_x0y0      clk_125mhz_mux_x0y0        5.186        0.000                      0                    9        0.320        0.000                      0                    9  
clk_125mhz_x0y0      clk_250mhz_mux_x0y0        1.066        0.000                      0                    9        0.129        0.000                      0                    9  
                     userclk2                 998.807        0.000                      0                   42                                                                        


------------------------------------------------------------------------------------------------
| Other Path Groups Table
| -----------------------
------------------------------------------------------------------------------------------------

Path Group         From Clock         To Clock               WNS(ns)      TNS(ns)  TNS Failing Endpoints  TNS Total Endpoints      WHS(ns)      THS(ns)  THS Failing Endpoints  THS Total Endpoints  
----------         ----------         --------               -------      -------  ---------------------  -------------------      -------      -------  ---------------------  -------------------  
**async_default**  userclk2           userclk2                 2.157        0.000                      0                  131        0.343        0.000                      0                  131  
**default**                                                    3.182        0.000                      0                   14                                                                        
**default**        userclk2                                    6.754        0.000                      0                   42                                                                        


------------------------------------------------------------------------------------------------
| Timing Details
| --------------
------------------------------------------------------------------------------------------------


---------------------------------------------------------------------------------------------------
From Clock:  txoutclk_x0y0
  To Clock:  txoutclk_x0y0

Setup :           NA  Failing Endpoints,  Worst Slack           NA  ,  Total Violation           NA
Hold  :           NA  Failing Endpoints,  Worst Slack           NA  ,  Total Violation           NA
PW    :            0  Failing Endpoints,  Worst Slack        3.000ns,  Total Violation        0.000ns
---------------------------------------------------------------------------------------------------


Pulse Width Checks
--------------------------------------------------------------------------------------
Clock Name:         txoutclk_x0y0
Waveform(ns):       { 0.000 5.000 }
Period(ns):         10.000
Sources:            { xdma_ddr3_i/xdma_0/inst/xdma_ddr3_xdma_0_0_pcie2_to_pcie3_wrapper_i/pcie2_ip_i/inst/inst/gt_top_i/pipe_wrapper_i/pipe_lane[0].gt_wrapper_i/gtp_channel.gtpe2_channel_i/TXOUTCLK }

Check Type        Corner  Lib Pin                 Reference Pin  Required(ns)  Actual(ns)  Slack(ns)  Location            Pin
Min Period        n/a     GTPE2_CHANNEL/TXOUTCLK  n/a            2.424         10.000      7.576      GTPE2_CHANNEL_X0Y4  xdma_ddr3_i/xdma_0/inst/xdma_ddr3_xdma_0_0_pcie2_to_pcie3_wrapper_i/pcie2_ip_i/inst/inst/gt_top_i/pipe_wrapper_i/pipe_lane[0].gt_wrapper_i/gtp_channel.gtpe2_channel_i/TXOUTCLK
Max Period        n/a     MMCME2_ADV/CLKIN1       n/a            100.000       10.000      90.000     MMCME2_ADV_X0Y2     xdma_ddr3_i/xdma_0/inst/xdma_ddr3_xdma_0_0_pcie2_to_pcie3_wrapper_i/pcie2_ip_i/inst/inst/gt_top_i/pipe_wrapper_i/pipe_clock_int.pipe_clock_i/mmcm_i/CLKIN1
Low Pulse Width   Slow    MMCME2_ADV/CLKIN1       n/a            2.000         5.000       3.000      MMCME2_ADV_X0Y2     xdma_ddr3_i/xdma_0/inst/xdma_ddr3_xdma_0_0_pcie2_to_pcie3_wrapper_i/pcie2_ip_i/inst/inst/gt_top_i/pipe_wrapper_i/pipe_clock_int.pipe_clock_i/mmcm_i/CLKIN1
High Pulse Width  Slow    MMCME2_ADV/CLKIN1       n/a            2.000         5.000       3.000      MMCME2_ADV_X0Y2     xdma_ddr3_i/xdma_0/inst/xdma_ddr3_xdma_0_0_pcie2_to_pcie3_wrapper_i/pcie2_ip_i/inst/inst/gt_top_i/pipe_wrapper_i/pipe_clock_int.pipe_clock_i/mmcm_i/CLKIN1



---------------------------------------------------------------------------------------------------
From Clock:  clk_125mhz_x0y0
  To Clock:  clk_125mhz_x0y0

Setup :            0  Failing Endpoints,  Worst Slack        0.755ns,  Total Violation        0.000ns
Hold  :            0  Failing Endpoints,  Worst Slack        0.118ns,  Total Violation        0.000ns
PW    :            0  Failing Endpoints,  Worst Slack        2.286ns,  Total Violation        0.000ns
---------------------------------------------------------------------------------------------------


Max Delay Paths
--------------------------------------------------------------------------------------
Slack (MET) :             0.755ns  (required time - arrival time)
  Source:                 xdma_ddr3_i/xdma_0/inst/xdma_ddr3_xdma_0_0_pcie2_to_pcie3_wrapper_i/pcie2_ip_i/inst/inst/gt_top_i/pipe_wrapper_i/gtp_pipe_reset.gtp_pipe_reset_i/dclk_rst_reg2_reg/C
                            (rising edge-triggered cell FDRE clocked by clk_125mhz_x0y0  {rise@0.000ns fall@4.000ns period=8.000ns})
  Destination:            xdma_ddr3_i/xdma_0/inst/xdma_ddr3_xdma_0_0_pcie2_to_pcie3_wrapper_i/pcie2_ip_i/inst/inst/gt_top_i/pipe_wrapper_i/pipe_lane[2].gtp_pipe_drp.gtp_pipe_drp_i/do_reg1_reg[10]/R
                            (rising edge-triggered cell FDRE clocked by clk_125mhz_x0y0  {rise@0.000ns fall@4.000ns period=8.000ns})
  Path Group:             clk_125mhz_x0y0
  Path Type:              Setup (Max at Slow Process Corner)
  Requirement:            8.000ns  (clk_125mhz_x0y0 rise@8.000ns - clk_125mhz_x0y0 rise@0.000ns)
  Data Path Delay:        6.678ns  (logic 0.379ns (5.676%)  route 6.299ns (94.324%))
  Logic Levels:           0  
  Clock Path Skew:        -0.144ns (DCD - SCD + CPR)
    Destination Clock Delay (DCD):    5.815ns = ( 13.815 - 8.000 ) 
    Source Clock Delay      (SCD):    6.218ns
    Clock Pessimism Removal (CPR):    0.259ns
  Clock Uncertainty:      0.071ns  ((TSJ^2 + DJ^2)^1/2) / 2 + PE
    Total System Jitter     (TSJ):    0.071ns
    Discrete Jitter          (DJ):    0.124ns
    Phase Error              (PE):    0.000ns

    Location             Delay type                Incr(ns)  Path(ns)    Netlist Resource(s)
  -------------------------------------------------------------------    -------------------
                         (clock clk_125mhz_x0y0 rise edge)
                                                      0.000     0.000 r  
    GTPE2_CHANNEL_X0Y4   GTPE2_CHANNEL                0.000     0.000 r  xdma_ddr3_i/xdma_0/inst/xdma_ddr3_xdma_0_0_pcie2_to_pcie3_wrapper_i/pcie2_ip_i/inst/inst/gt_top_i/pipe_wrapper_i/pipe_lane[0].gt_wrapper_i/gtp_channel.gtpe2_channel_i/TXOUTCLK
                         net (fo=1, routed)           1.274     1.274    xdma_ddr3_i/xdma_0/inst/xdma_ddr3_xdma_0_0_pcie2_to_pcie3_wrapper_i/pcie2_ip_i/inst/inst/gt_top_i/pipe_wrapper_i/pipe_clock_int.pipe_clock_i/txoutclk_i.txoutclk_i_0
    BUFGCTRL_X0Y17       BUFG (Prop_bufg_I_O)         0.081     1.355 r  xdma_ddr3_i/xdma_0/inst/xdma_ddr3_xdma_0_0_pcie2_to_pcie3_wrapper_i/pcie2_ip_i/inst/inst/gt_top_i/pipe_wrapper_i/pipe_clock_int.pipe_clock_i/txoutclk_i.txoutclk_i/O
                         net (fo=1, routed)           1.520     2.874    xdma_ddr3_i/xdma_0/inst/xdma_ddr3_xdma_0_0_pcie2_to_pcie3_wrapper_i/pcie2_ip_i/inst/inst/gt_top_i/pipe_wrapper_i/pipe_clock_int.pipe_clock_i/refclk
    MMCME2_ADV_X0Y2      MMCME2_ADV (Prop_mmcme2_adv_CLKIN1_CLKOUT0)
                                                      0.077     2.951 r  xdma_ddr3_i/xdma_0/inst/xdma_ddr3_xdma_0_0_pcie2_to_pcie3_wrapper_i/pcie2_ip_i/inst/inst/gt_top_i/pipe_wrapper_i/pipe_clock_int.pipe_clock_i/mmcm_i/CLKOUT0
                         net (fo=2, routed)           1.559     4.510    xdma_ddr3_i/xdma_0/inst/xdma_ddr3_xdma_0_0_pcie2_to_pcie3_wrapper_i/pcie2_ip_i/inst/inst/gt_top_i/pipe_wrapper_i/pipe_clock_int.pipe_clock_i/clk_125mhz
    BUFGCTRL_X0Y3        BUFG (Prop_bufg_I_O)         0.081     4.591 r  xdma_ddr3_i/xdma_0/inst/xdma_ddr3_xdma_0_0_pcie2_to_pcie3_wrapper_i/pcie2_ip_i/inst/inst/gt_top_i/pipe_wrapper_i/pipe_clock_int.pipe_clock_i/dclk_i_bufg.dclk_i/O
                         net (fo=337, routed)         1.627     6.218    xdma_ddr3_i/xdma_0/inst/xdma_ddr3_xdma_0_0_pcie2_to_pcie3_wrapper_i/pcie2_ip_i/inst/inst/gt_top_i/pipe_wrapper_i/gtp_pipe_reset.gtp_pipe_reset_i/CLK
    SLICE_X39Y226        FDRE                                         r  xdma_ddr3_i/xdma_0/inst/xdma_ddr3_xdma_0_0_pcie2_to_pcie3_wrapper_i/pcie2_ip_i/inst/inst/gt_top_i/pipe_wrapper_i/gtp_pipe_reset.gtp_pipe_reset_i/dclk_rst_reg2_reg/C
  -------------------------------------------------------------------    -------------------
    SLICE_X39Y226        FDRE (Prop_fdre_C_Q)         0.379     6.597 r  xdma_ddr3_i/xdma_0/inst/xdma_ddr3_xdma_0_0_pcie2_to_pcie3_wrapper_i/pcie2_ip_i/inst/inst/gt_top_i/pipe_wrapper_i/gtp_pipe_reset.gtp_pipe_reset_i/dclk_rst_reg2_reg/Q
                         net (fo=270, routed)         6.299    12.896    xdma_ddr3_i/xdma_0/inst/xdma_ddr3_xdma_0_0_pcie2_to_pcie3_wrapper_i/pcie2_ip_i/inst/inst/gt_top_i/pipe_wrapper_i/pipe_lane[2].gtp_pipe_drp.gtp_pipe_drp_i/rst_dclk_reset
    SLICE_X114Y237       FDRE                                         r  xdma_ddr3_i/xdma_0/inst/xdma_ddr3_xdma_0_0_pcie2_to_pcie3_wrapper_i/pcie2_ip_i/inst/inst/gt_top_i/pipe_wrapper_i/pipe_lane[2].gtp_pipe_drp.gtp_pipe_drp_i/do_reg1_reg[10]/R
  -------------------------------------------------------------------    -------------------

                         (clock clk_125mhz_x0y0 rise edge)
                                                      8.000     8.000 r  
    GTPE2_CHANNEL_X0Y4   GTPE2_CHANNEL                0.000     8.000 r  xdma_ddr3_i/xdma_0/inst/xdma_ddr3_xdma_0_0_pcie2_to_pcie3_wrapper_i/pcie2_ip_i/inst/inst/gt_top_i/pipe_wrapper_i/pipe_lane[0].gt_wrapper_i/gtp_channel.gtpe2_channel_i/TXOUTCLK
                         net (fo=1, routed)           1.216     9.216    xdma_ddr3_i/xdma_0/inst/xdma_ddr3_xdma_0_0_pcie2_to_pcie3_wrapper_i/pcie2_ip_i/inst/inst/gt_top_i/pipe_wrapper_i/pipe_clock_int.pipe_clock_i/txoutclk_i.txoutclk_i_0
    BUFGCTRL_X0Y17       BUFG (Prop_bufg_I_O)         0.077     9.293 r  xdma_ddr3_i/xdma_0/inst/xdma_ddr3_xdma_0_0_pcie2_to_pcie3_wrapper_i/pcie2_ip_i/inst/inst/gt_top_i/pipe_wrapper_i/pipe_clock_int.pipe_clock_i/txoutclk_i.txoutclk_i/O
                         net (fo=1, routed)           1.417    10.710    xdma_ddr3_i/xdma_0/inst/xdma_ddr3_xdma_0_0_pcie2_to_pcie3_wrapper_i/pcie2_ip_i/inst/inst/gt_top_i/pipe_wrapper_i/pipe_clock_int.pipe_clock_i/refclk
    MMCME2_ADV_X0Y2      MMCME2_ADV (Prop_mmcme2_adv_CLKIN1_CLKOUT0)
                                                      0.073    10.783 r  xdma_ddr3_i/xdma_0/inst/xdma_ddr3_xdma_0_0_pcie2_to_pcie3_wrapper_i/pcie2_ip_i/inst/inst/gt_top_i/pipe_wrapper_i/pipe_clock_int.pipe_clock_i/mmcm_i/CLKOUT0
                         net (fo=2, routed)           1.488    12.270    xdma_ddr3_i/xdma_0/inst/xdma_ddr3_xdma_0_0_pcie2_to_pcie3_wrapper_i/pcie2_ip_i/inst/inst/gt_top_i/pipe_wrapper_i/pipe_clock_int.pipe_clock_i/clk_125mhz
    BUFGCTRL_X0Y3        BUFG (Prop_bufg_I_O)         0.077    12.347 r  xdma_ddr3_i/xdma_0/inst/xdma_ddr3_xdma_0_0_pcie2_to_pcie3_wrapper_i/pcie2_ip_i/inst/inst/gt_top_i/pipe_wrapper_i/pipe_clock_int.pipe_clock_i/dclk_i_bufg.dclk_i/O
                         net (fo=337, routed)         1.468    13.815    xdma_ddr3_i/xdma_0/inst/xdma_ddr3_xdma_0_0_pcie2_to_pcie3_wrapper_i/pcie2_ip_i/inst/inst/gt_top_i/pipe_wrapper_i/pipe_lane[2].gtp_pipe_drp.gtp_pipe_drp_i/CLK
    SLICE_X114Y237       FDRE                                         r  xdma_ddr3_i/xdma_0/inst/xdma_ddr3_xdma_0_0_pcie2_to_pcie3_wrapper_i/pcie2_ip_i/inst/inst/gt_top_i/pipe_wrapper_i/pipe_lane[2].gtp_pipe_drp.gtp_pipe_drp_i/do_reg1_reg[10]/C
                         clock pessimism              0.259    14.074    
                         clock uncertainty           -0.071    14.003    
    SLICE_X114Y237       FDRE (Setup_fdre_C_R)       -0.352    13.651    xdma_ddr3_i/xdma_0/inst/xdma_ddr3_xdma_0_0_pcie2_to_pcie3_wrapper_i/pcie2_ip_i/inst/inst/gt_top_i/pipe_wrapper_i/pipe_lane[2].gtp_pipe_drp.gtp_pipe_drp_i/do_reg1_reg[10]
  -------------------------------------------------------------------
                         required time                         13.651    
                         arrival time                         -12.896    
  -------------------------------------------------------------------
                         slack                                  0.755    





Min Delay Paths
--------------------------------------------------------------------------------------
Slack (MET) :             0.118ns  (arrival time - required time)
  Source:                 xdma_ddr3_i/xdma_0/inst/xdma_ddr3_xdma_0_0_pcie2_to_pcie3_wrapper_i/pcie2_ip_i/inst/inst/gt_top_i/pipe_wrapper_i/pipe_lane[0].gtp_pipe_drp.gtp_pipe_drp_i/rdy_reg1_reg/C
                            (rising edge-triggered cell FDRE clocked by clk_125mhz_x0y0  {rise@0.000ns fall@4.000ns period=8.000ns})
  Destination:            xdma_ddr3_i/xdma_0/inst/xdma_ddr3_xdma_0_0_pcie2_to_pcie3_wrapper_i/pcie2_ip_i/inst/inst/gt_top_i/pipe_wrapper_i/pipe_lane[0].gtp_pipe_drp.gtp_pipe_drp_i/rdy_reg2_reg/D
                            (rising edge-triggered cell FDRE clocked by clk_125mhz_x0y0  {rise@0.000ns fall@4.000ns period=8.000ns})
  Path Group:             clk_125mhz_x0y0
  Path Type:              Hold (Min at Fast Process Corner)
  Requirement:            0.000ns  (clk_125mhz_x0y0 rise@0.000ns - clk_125mhz_x0y0 rise@0.000ns)
  Data Path Delay:        0.196ns  (logic 0.141ns (71.838%)  route 0.055ns (28.162%))
  Logic Levels:           0  
  Clock Path Skew:        0.000ns (DCD - SCD - CPR)
    Destination Clock Delay (DCD):    3.061ns
    Source Clock Delay      (SCD):    2.422ns
    Clock Pessimism Removal (CPR):    0.639ns

    Location             Delay type                Incr(ns)  Path(ns)    Netlist Resource(s)
  -------------------------------------------------------------------    -------------------
                         (clock clk_125mhz_x0y0 rise edge)
                                                      0.000     0.000 r  
    GTPE2_CHANNEL_X0Y4   GTPE2_CHANNEL                0.000     0.000 r  xdma_ddr3_i/xdma_0/inst/xdma_ddr3_xdma_0_0_pcie2_to_pcie3_wrapper_i/pcie2_ip_i/inst/inst/gt_top_i/pipe_wrapper_i/pipe_lane[0].gt_wrapper_i/gtp_channel.gtpe2_channel_i/TXOUTCLK
                         net (fo=1, routed)           0.492     0.492    xdma_ddr3_i/xdma_0/inst/xdma_ddr3_xdma_0_0_pcie2_to_pcie3_wrapper_i/pcie2_ip_i/inst/inst/gt_top_i/pipe_wrapper_i/pipe_clock_int.pipe_clock_i/txoutclk_i.txoutclk_i_0
    BUFGCTRL_X0Y17       BUFG (Prop_bufg_I_O)         0.026     0.518 r  xdma_ddr3_i/xdma_0/inst/xdma_ddr3_xdma_0_0_pcie2_to_pcie3_wrapper_i/pcie2_ip_i/inst/inst/gt_top_i/pipe_wrapper_i/pipe_clock_int.pipe_clock_i/txoutclk_i.txoutclk_i/O
                         net (fo=1, routed)           0.612     1.130    xdma_ddr3_i/xdma_0/inst/xdma_ddr3_xdma_0_0_pcie2_to_pcie3_wrapper_i/pcie2_ip_i/inst/inst/gt_top_i/pipe_wrapper_i/pipe_clock_int.pipe_clock_i/refclk
    MMCME2_ADV_X0Y2      MMCME2_ADV (Prop_mmcme2_adv_CLKIN1_CLKOUT0)
                                                      0.050     1.180 r  xdma_ddr3_i/xdma_0/inst/xdma_ddr3_xdma_0_0_pcie2_to_pcie3_wrapper_i/pcie2_ip_i/inst/inst/gt_top_i/pipe_wrapper_i/pipe_clock_int.pipe_clock_i/mmcm_i/CLKOUT0
                         net (fo=2, routed)           0.545     1.725    xdma_ddr3_i/xdma_0/inst/xdma_ddr3_xdma_0_0_pcie2_to_pcie3_wrapper_i/pcie2_ip_i/inst/inst/gt_top_i/pipe_wrapper_i/pipe_clock_int.pipe_clock_i/clk_125mhz
    BUFGCTRL_X0Y3        BUFG (Prop_bufg_I_O)         0.026     1.751 r  xdma_ddr3_i/xdma_0/inst/xdma_ddr3_xdma_0_0_pcie2_to_pcie3_wrapper_i/pcie2_ip_i/inst/inst/gt_top_i/pipe_wrapper_i/pipe_clock_int.pipe_clock_i/dclk_i_bufg.dclk_i/O
                         net (fo=337, routed)         0.671     2.422    xdma_ddr3_i/xdma_0/inst/xdma_ddr3_xdma_0_0_pcie2_to_pcie3_wrapper_i/pcie2_ip_i/inst/inst/gt_top_i/pipe_wrapper_i/pipe_lane[0].gtp_pipe_drp.gtp_pipe_drp_i/CLK
    SLICE_X51Y204        FDRE                                         r  xdma_ddr3_i/xdma_0/inst/xdma_ddr3_xdma_0_0_pcie2_to_pcie3_wrapper_i/pcie2_ip_i/inst/inst/gt_top_i/pipe_wrapper_i/pipe_lane[0].gtp_pipe_drp.gtp_pipe_drp_i/rdy_reg1_reg/C
  -------------------------------------------------------------------    -------------------
    SLICE_X51Y204        FDRE (Prop_fdre_C_Q)         0.141     2.563 r  xdma_ddr3_i/xdma_0/inst/xdma_ddr3_xdma_0_0_pcie2_to_pcie3_wrapper_i/pcie2_ip_i/inst/inst/gt_top_i/pipe_wrapper_i/pipe_lane[0].gtp_pipe_drp.gtp_pipe_drp_i/rdy_reg1_reg/Q
                         net (fo=1, routed)           0.055     2.618    xdma_ddr3_i/xdma_0/inst/xdma_ddr3_xdma_0_0_pcie2_to_pcie3_wrapper_i/pcie2_ip_i/inst/inst/gt_top_i/pipe_wrapper_i/pipe_lane[0].gtp_pipe_drp.gtp_pipe_drp_i/rdy_reg1
    SLICE_X51Y204        FDRE                                         r  xdma_ddr3_i/xdma_0/inst/xdma_ddr3_xdma_0_0_pcie2_to_pcie3_wrapper_i/pcie2_ip_i/inst/inst/gt_top_i/pipe_wrapper_i/pipe_lane[0].gtp_pipe_drp.gtp_pipe_drp_i/rdy_reg2_reg/D
  -------------------------------------------------------------------    -------------------

                         (clock clk_125mhz_x0y0 rise edge)
                                                      0.000     0.000 r  
    GTPE2_CHANNEL_X0Y4   GTPE2_CHANNEL                0.000     0.000 r  xdma_ddr3_i/xdma_0/inst/xdma_ddr3_xdma_0_0_pcie2_to_pcie3_wrapper_i/pcie2_ip_i/inst/inst/gt_top_i/pipe_wrapper_i/pipe_lane[0].gt_wrapper_i/gtp_channel.gtpe2_channel_i/TXOUTCLK
                         net (fo=1, routed)           0.529     0.529    xdma_ddr3_i/xdma_0/inst/xdma_ddr3_xdma_0_0_pcie2_to_pcie3_wrapper_i/pcie2_ip_i/inst/inst/gt_top_i/pipe_wrapper_i/pipe_clock_int.pipe_clock_i/txoutclk_i.txoutclk_i_0
    BUFGCTRL_X0Y17       BUFG (Prop_bufg_I_O)         0.029     0.558 r  xdma_ddr3_i/xdma_0/inst/xdma_ddr3_xdma_0_0_pcie2_to_pcie3_wrapper_i/pcie2_ip_i/inst/inst/gt_top_i/pipe_wrapper_i/pipe_clock_int.pipe_clock_i/txoutclk_i.txoutclk_i/O
                         net (fo=1, routed)           0.881     1.438    xdma_ddr3_i/xdma_0/inst/xdma_ddr3_xdma_0_0_pcie2_to_pcie3_wrapper_i/pcie2_ip_i/inst/inst/gt_top_i/pipe_wrapper_i/pipe_clock_int.pipe_clock_i/refclk
    MMCME2_ADV_X0Y2      MMCME2_ADV (Prop_mmcme2_adv_CLKIN1_CLKOUT0)
                                                      0.053     1.491 r  xdma_ddr3_i/xdma_0/inst/xdma_ddr3_xdma_0_0_pcie2_to_pcie3_wrapper_i/pcie2_ip_i/inst/inst/gt_top_i/pipe_wrapper_i/pipe_clock_int.pipe_clock_i/mmcm_i/CLKOUT0
                         net (fo=2, routed)           0.595     2.086    xdma_ddr3_i/xdma_0/inst/xdma_ddr3_xdma_0_0_pcie2_to_pcie3_wrapper_i/pcie2_ip_i/inst/inst/gt_top_i/pipe_wrapper_i/pipe_clock_int.pipe_clock_i/clk_125mhz
    BUFGCTRL_X0Y3        BUFG (Prop_bufg_I_O)         0.029     2.115 r  xdma_ddr3_i/xdma_0/inst/xdma_ddr3_xdma_0_0_pcie2_to_pcie3_wrapper_i/pcie2_ip_i/inst/inst/gt_top_i/pipe_wrapper_i/pipe_clock_int.pipe_clock_i/dclk_i_bufg.dclk_i/O
                         net (fo=337, routed)         0.946     3.061    xdma_ddr3_i/xdma_0/inst/xdma_ddr3_xdma_0_0_pcie2_to_pcie3_wrapper_i/pcie2_ip_i/inst/inst/gt_top_i/pipe_wrapper_i/pipe_lane[0].gtp_pipe_drp.gtp_pipe_drp_i/CLK
    SLICE_X51Y204        FDRE                                         r  xdma_ddr3_i/xdma_0/inst/xdma_ddr3_xdma_0_0_pcie2_to_pcie3_wrapper_i/pcie2_ip_i/inst/inst/gt_top_i/pipe_wrapper_i/pipe_lane[0].gtp_pipe_drp.gtp_pipe_drp_i/rdy_reg2_reg/C
                         clock pessimism             -0.639     2.422    
    SLICE_X51Y204        FDRE (Hold_fdre_C_D)         0.078     2.500    xdma_ddr3_i/xdma_0/inst/xdma_ddr3_xdma_0_0_pcie2_to_pcie3_wrapper_i/pcie2_ip_i/inst/inst/gt_top_i/pipe_wrapper_i/pipe_lane[0].gtp_pipe_drp.gtp_pipe_drp_i/rdy_reg2_reg
  -------------------------------------------------------------------
                         required time                         -2.500    
                         arrival time                           2.618    
  -------------------------------------------------------------------
                         slack                                  0.118    





Pulse Width Checks
--------------------------------------------------------------------------------------
Clock Name:         clk_125mhz_x0y0
Waveform(ns):       { 0.000 4.000 }
Period(ns):         8.000
Sources:            { xdma_ddr3_i/xdma_0/inst/xdma_ddr3_xdma_0_0_pcie2_to_pcie3_wrapper_i/pcie2_ip_i/inst/inst/gt_top_i/pipe_wrapper_i/pipe_clock_int.pipe_clock_i/mmcm_i/CLKOUT0 }

Check Type        Corner  Lib Pin               Reference Pin  Required(ns)  Actual(ns)  Slack(ns)  Location            Pin
Min Period        n/a     GTPE2_CHANNEL/DRPCLK  n/a            5.714         8.000       2.286      GTPE2_CHANNEL_X0Y4  xdma_ddr3_i/xdma_0/inst/xdma_ddr3_xdma_0_0_pcie2_to_pcie3_wrapper_i/pcie2_ip_i/inst/inst/gt_top_i/pipe_wrapper_i/pipe_lane[0].gt_wrapper_i/gtp_channel.gtpe2_channel_i/DRPCLK
Max Period        n/a     MMCME2_ADV/CLKOUT0    n/a            213.360       8.000       205.360    MMCME2_ADV_X0Y2     xdma_ddr3_i/xdma_0/inst/xdma_ddr3_xdma_0_0_pcie2_to_pcie3_wrapper_i/pcie2_ip_i/inst/inst/gt_top_i/pipe_wrapper_i/pipe_clock_int.pipe_clock_i/mmcm_i/CLKOUT0
Low Pulse Width   Slow    FDRE/C                n/a            0.500         4.000       3.500      SLICE_X39Y226       xdma_ddr3_i/xdma_0/inst/xdma_ddr3_xdma_0_0_pcie2_to_pcie3_wrapper_i/pcie2_ip_i/inst/inst/gt_top_i/pipe_wrapper_i/gtp_pipe_reset.gtp_pipe_reset_i/dclk_rst_reg1_reg/C
High Pulse Width  Slow    FDRE/C                n/a            0.500         4.000       3.500      SLICE_X39Y226       xdma_ddr3_i/xdma_0/inst/xdma_ddr3_xdma_0_0_pcie2_to_pcie3_wrapper_i/pcie2_ip_i/inst/inst/gt_top_i/pipe_wrapper_i/gtp_pipe_reset.gtp_pipe_reset_i/dclk_rst_reg1_reg/C



---------------------------------------------------------------------------------------------------
From Clock:  clk_125mhz_mux_x0y0
  To Clock:  clk_125mhz_mux_x0y0

Setup :            0  Failing Endpoints,  Worst Slack        4.363ns,  Total Violation        0.000ns
Hold  :            0  Failing Endpoints,  Worst Slack        0.100ns,  Total Violation        0.000ns
PW    :            0  Failing Endpoints,  Worst Slack        3.146ns,  Total Violation        0.000ns
---------------------------------------------------------------------------------------------------


Max Delay Paths
--------------------------------------------------------------------------------------
Slack (MET) :             4.363ns  (required time - arrival time)
  Source:                 xdma_ddr3_i/xdma_0/inst/xdma_ddr3_xdma_0_0_pcie2_to_pcie3_wrapper_i/pcie2_ip_i/inst/inst/gt_top_i/gt_rx_valid_filter[1].GT_RX_VALID_FILTER_7x_inst/gt_rxdata_q_reg[9]/C
                            (rising edge-triggered cell FDRE clocked by clk_125mhz_mux_x0y0  {rise@0.000ns fall@4.000ns period=8.000ns})
  Destination:            xdma_ddr3_i/xdma_0/inst/xdma_ddr3_xdma_0_0_pcie2_to_pcie3_wrapper_i/pcie2_ip_i/inst/inst/gt_top_i/gt_rx_valid_filter[1].GT_RX_VALID_FILTER_7x_inst/reg_symbol_after_eios_reg/D
                            (rising edge-triggered cell FDRE clocked by clk_125mhz_mux_x0y0  {rise@0.000ns fall@4.000ns period=8.000ns})
  Path Group:             clk_125mhz_mux_x0y0
  Path Type:              Setup (Max at Slow Process Corner)
  Requirement:            8.000ns  (clk_125mhz_mux_x0y0 rise@8.000ns - clk_125mhz_mux_x0y0 rise@0.000ns)
  Data Path Delay:        3.572ns  (logic 1.276ns (35.726%)  route 2.296ns (64.274%))
  Logic Levels:           5  (LUT2=1 LUT3=1 LUT4=2 LUT6=1)
  Clock Path Skew:        -0.026ns (DCD - SCD + CPR)
    Destination Clock Delay (DCD):    5.791ns = ( 13.791 - 8.000 ) 
    Source Clock Delay      (SCD):    6.151ns
    Clock Pessimism Removal (CPR):    0.334ns
  Clock Uncertainty:      0.071ns  ((TSJ^2 + DJ^2)^1/2) / 2 + PE
    Total System Jitter     (TSJ):    0.071ns
    Discrete Jitter          (DJ):    0.124ns
    Phase Error              (PE):    0.000ns

    Location             Delay type                Incr(ns)  Path(ns)    Netlist Resource(s)
  -------------------------------------------------------------------    -------------------
                         (clock clk_125mhz_mux_x0y0 rise edge)
                                                      0.000     0.000 r  
    GTPE2_CHANNEL_X0Y4   GTPE2_CHANNEL                0.000     0.000 r  xdma_ddr3_i/xdma_0/inst/xdma_ddr3_xdma_0_0_pcie2_to_pcie3_wrapper_i/pcie2_ip_i/inst/inst/gt_top_i/pipe_wrapper_i/pipe_lane[0].gt_wrapper_i/gtp_channel.gtpe2_channel_i/TXOUTCLK
                         net (fo=1, routed)           1.274     1.274    xdma_ddr3_i/xdma_0/inst/xdma_ddr3_xdma_0_0_pcie2_to_pcie3_wrapper_i/pcie2_ip_i/inst/inst/gt_top_i/pipe_wrapper_i/pipe_clock_int.pipe_clock_i/txoutclk_i.txoutclk_i_0
    BUFGCTRL_X0Y17       BUFG (Prop_bufg_I_O)         0.081     1.355 r  xdma_ddr3_i/xdma_0/inst/xdma_ddr3_xdma_0_0_pcie2_to_pcie3_wrapper_i/pcie2_ip_i/inst/inst/gt_top_i/pipe_wrapper_i/pipe_clock_int.pipe_clock_i/txoutclk_i.txoutclk_i/O
                         net (fo=1, routed)           1.520     2.874    xdma_ddr3_i/xdma_0/inst/xdma_ddr3_xdma_0_0_pcie2_to_pcie3_wrapper_i/pcie2_ip_i/inst/inst/gt_top_i/pipe_wrapper_i/pipe_clock_int.pipe_clock_i/refclk
    MMCME2_ADV_X0Y2      MMCME2_ADV (Prop_mmcme2_adv_CLKIN1_CLKOUT0)
                                                      0.077     2.951 r  xdma_ddr3_i/xdma_0/inst/xdma_ddr3_xdma_0_0_pcie2_to_pcie3_wrapper_i/pcie2_ip_i/inst/inst/gt_top_i/pipe_wrapper_i/pipe_clock_int.pipe_clock_i/mmcm_i/CLKOUT0
                         net (fo=2, routed)           1.559     4.510    xdma_ddr3_i/xdma_0/inst/xdma_ddr3_xdma_0_0_pcie2_to_pcie3_wrapper_i/pcie2_ip_i/inst/inst/gt_top_i/pipe_wrapper_i/pipe_clock_int.pipe_clock_i/clk_125mhz
    BUFGCTRL_X0Y2        BUFGCTRL (Prop_bufgctrl_I0_O)
                                                      0.081     4.591 r  xdma_ddr3_i/xdma_0/inst/xdma_ddr3_xdma_0_0_pcie2_to_pcie3_wrapper_i/pcie2_ip_i/inst/inst/gt_top_i/pipe_wrapper_i/pipe_clock_int.pipe_clock_i/pclk_i1_bufgctrl.pclk_i1/O
                         net (fo=1160, routed)        1.560     6.151    xdma_ddr3_i/xdma_0/inst/xdma_ddr3_xdma_0_0_pcie2_to_pcie3_wrapper_i/pcie2_ip_i/inst/inst/gt_top_i/gt_rx_valid_filter[1].GT_RX_VALID_FILTER_7x_inst/PIPE_PCLK
    SLICE_X42Y218        FDRE                                         r  xdma_ddr3_i/xdma_0/inst/xdma_ddr3_xdma_0_0_pcie2_to_pcie3_wrapper_i/pcie2_ip_i/inst/inst/gt_top_i/gt_rx_valid_filter[1].GT_RX_VALID_FILTER_7x_inst/gt_rxdata_q_reg[9]/C
  -------------------------------------------------------------------    -------------------
    SLICE_X42Y218        FDRE (Prop_fdre_C_Q)         0.433     6.584 f  xdma_ddr3_i/xdma_0/inst/xdma_ddr3_xdma_0_0_pcie2_to_pcie3_wrapper_i/pcie2_ip_i/inst/inst/gt_top_i/gt_rx_valid_filter[1].GT_RX_VALID_FILTER_7x_inst/gt_rxdata_q_reg[9]/Q
                         net (fo=2, routed)           0.659     7.244    xdma_ddr3_i/xdma_0/inst/xdma_ddr3_xdma_0_0_pcie2_to_pcie3_wrapper_i/pcie2_ip_i/inst/inst/gt_top_i/gt_rx_valid_filter[1].GT_RX_VALID_FILTER_7x_inst/Q[9]
    SLICE_X42Y217        LUT4 (Prop_lut4_I3_O)        0.105     7.349 f  xdma_ddr3_i/xdma_0/inst/xdma_ddr3_xdma_0_0_pcie2_to_pcie3_wrapper_i/pcie2_ip_i/inst/inst/gt_top_i/gt_rx_valid_filter[1].GT_RX_VALID_FILTER_7x_inst/reg_state_eios_det[2]_i_3__0/O
                         net (fo=1, routed)           0.337     7.686    xdma_ddr3_i/xdma_0/inst/xdma_ddr3_xdma_0_0_pcie2_to_pcie3_wrapper_i/pcie2_ip_i/inst/inst/gt_top_i/gt_rx_valid_filter[1].GT_RX_VALID_FILTER_7x_inst/reg_state_eios_det[2]_i_3__0_n_0
    SLICE_X42Y217        LUT4 (Prop_lut4_I3_O)        0.105     7.791 r  xdma_ddr3_i/xdma_0/inst/xdma_ddr3_xdma_0_0_pcie2_to_pcie3_wrapper_i/pcie2_ip_i/inst/inst/gt_top_i/gt_rx_valid_filter[1].GT_RX_VALID_FILTER_7x_inst/reg_state_eios_det[2]_i_2__0/O
                         net (fo=3, routed)           0.458     8.249    xdma_ddr3_i/xdma_0/inst/xdma_ddr3_xdma_0_0_pcie2_to_pcie3_wrapper_i/pcie2_ip_i/inst/inst/gt_top_i/gt_rx_valid_filter[1].GT_RX_VALID_FILTER_7x_inst/reg_state_eios_det[2]_i_2__0_n_0
    SLICE_X42Y218        LUT3 (Prop_lut3_I2_O)        0.105     8.354 f  xdma_ddr3_i/xdma_0/inst/xdma_ddr3_xdma_0_0_pcie2_to_pcie3_wrapper_i/pcie2_ip_i/inst/inst/gt_top_i/gt_rx_valid_filter[1].GT_RX_VALID_FILTER_7x_inst/reg_state_eios_det[3]_i_2__0/O
                         net (fo=4, routed)           0.491     8.845    xdma_ddr3_i/xdma_0/inst/xdma_ddr3_xdma_0_0_pcie2_to_pcie3_wrapper_i/pcie2_ip_i/inst/inst/gt_top_i/gt_rx_valid_filter[1].GT_RX_VALID_FILTER_7x_inst/reg_state_eios_det[3]_i_2__0_n_0
    SLICE_X42Y219        LUT2 (Prop_lut2_I0_O)        0.264     9.109 f  xdma_ddr3_i/xdma_0/inst/xdma_ddr3_xdma_0_0_pcie2_to_pcie3_wrapper_i/pcie2_ip_i/inst/inst/gt_top_i/gt_rx_valid_filter[1].GT_RX_VALID_FILTER_7x_inst/reg_symbol_after_eios_i_2__0/O
                         net (fo=1, routed)           0.350     9.459    xdma_ddr3_i/xdma_0/inst/xdma_ddr3_xdma_0_0_pcie2_to_pcie3_wrapper_i/pcie2_ip_i/inst/inst/gt_top_i/gt_rx_valid_filter[1].GT_RX_VALID_FILTER_7x_inst/reg_symbol_after_eios_i_2__0_n_0
    SLICE_X43Y219        LUT6 (Prop_lut6_I5_O)        0.264     9.723 r  xdma_ddr3_i/xdma_0/inst/xdma_ddr3_xdma_0_0_pcie2_to_pcie3_wrapper_i/pcie2_ip_i/inst/inst/gt_top_i/gt_rx_valid_filter[1].GT_RX_VALID_FILTER_7x_inst/reg_symbol_after_eios_i_1__0/O
                         net (fo=1, routed)           0.000     9.723    xdma_ddr3_i/xdma_0/inst/xdma_ddr3_xdma_0_0_pcie2_to_pcie3_wrapper_i/pcie2_ip_i/inst/inst/gt_top_i/gt_rx_valid_filter[1].GT_RX_VALID_FILTER_7x_inst/reg_symbol_after_eios
    SLICE_X43Y219        FDRE                                         r  xdma_ddr3_i/xdma_0/inst/xdma_ddr3_xdma_0_0_pcie2_to_pcie3_wrapper_i/pcie2_ip_i/inst/inst/gt_top_i/gt_rx_valid_filter[1].GT_RX_VALID_FILTER_7x_inst/reg_symbol_after_eios_reg/D
  -------------------------------------------------------------------    -------------------

                         (clock clk_125mhz_mux_x0y0 rise edge)
                                                      8.000     8.000 r  
    GTPE2_CHANNEL_X0Y4   GTPE2_CHANNEL                0.000     8.000 r  xdma_ddr3_i/xdma_0/inst/xdma_ddr3_xdma_0_0_pcie2_to_pcie3_wrapper_i/pcie2_ip_i/inst/inst/gt_top_i/pipe_wrapper_i/pipe_lane[0].gt_wrapper_i/gtp_channel.gtpe2_channel_i/TXOUTCLK
                         net (fo=1, routed)           1.216     9.216    xdma_ddr3_i/xdma_0/inst/xdma_ddr3_xdma_0_0_pcie2_to_pcie3_wrapper_i/pcie2_ip_i/inst/inst/gt_top_i/pipe_wrapper_i/pipe_clock_int.pipe_clock_i/txoutclk_i.txoutclk_i_0
    BUFGCTRL_X0Y17       BUFG (Prop_bufg_I_O)         0.077     9.293 r  xdma_ddr3_i/xdma_0/inst/xdma_ddr3_xdma_0_0_pcie2_to_pcie3_wrapper_i/pcie2_ip_i/inst/inst/gt_top_i/pipe_wrapper_i/pipe_clock_int.pipe_clock_i/txoutclk_i.txoutclk_i/O
                         net (fo=1, routed)           1.417    10.710    xdma_ddr3_i/xdma_0/inst/xdma_ddr3_xdma_0_0_pcie2_to_pcie3_wrapper_i/pcie2_ip_i/inst/inst/gt_top_i/pipe_wrapper_i/pipe_clock_int.pipe_clock_i/refclk
    MMCME2_ADV_X0Y2      MMCME2_ADV (Prop_mmcme2_adv_CLKIN1_CLKOUT0)
                                                      0.073    10.783 r  xdma_ddr3_i/xdma_0/inst/xdma_ddr3_xdma_0_0_pcie2_to_pcie3_wrapper_i/pcie2_ip_i/inst/inst/gt_top_i/pipe_wrapper_i/pipe_clock_int.pipe_clock_i/mmcm_i/CLKOUT0
                         net (fo=2, routed)           1.488    12.270    xdma_ddr3_i/xdma_0/inst/xdma_ddr3_xdma_0_0_pcie2_to_pcie3_wrapper_i/pcie2_ip_i/inst/inst/gt_top_i/pipe_wrapper_i/pipe_clock_int.pipe_clock_i/clk_125mhz
    BUFGCTRL_X0Y2        BUFGCTRL (Prop_bufgctrl_I0_O)
                                                      0.077    12.347 r  xdma_ddr3_i/xdma_0/inst/xdma_ddr3_xdma_0_0_pcie2_to_pcie3_wrapper_i/pcie2_ip_i/inst/inst/gt_top_i/pipe_wrapper_i/pipe_clock_int.pipe_clock_i/pclk_i1_bufgctrl.pclk_i1/O
                         net (fo=1160, routed)        1.444    13.791    xdma_ddr3_i/xdma_0/inst/xdma_ddr3_xdma_0_0_pcie2_to_pcie3_wrapper_i/pcie2_ip_i/inst/inst/gt_top_i/gt_rx_valid_filter[1].GT_RX_VALID_FILTER_7x_inst/PIPE_PCLK
    SLICE_X43Y219        FDRE                                         r  xdma_ddr3_i/xdma_0/inst/xdma_ddr3_xdma_0_0_pcie2_to_pcie3_wrapper_i/pcie2_ip_i/inst/inst/gt_top_i/gt_rx_valid_filter[1].GT_RX_VALID_FILTER_7x_inst/reg_symbol_after_eios_reg/C
                         clock pessimism              0.334    14.125    
                         clock uncertainty           -0.071    14.054    
    SLICE_X43Y219        FDRE (Setup_fdre_C_D)        0.032    14.086    xdma_ddr3_i/xdma_0/inst/xdma_ddr3_xdma_0_0_pcie2_to_pcie3_wrapper_i/pcie2_ip_i/inst/inst/gt_top_i/gt_rx_valid_filter[1].GT_RX_VALID_FILTER_7x_inst/reg_symbol_after_eios_reg
  -------------------------------------------------------------------
                         required time                         14.086    
                         arrival time                          -9.723    
  -------------------------------------------------------------------
                         slack                                  4.363    





Min Delay Paths
--------------------------------------------------------------------------------------
Slack (MET) :             0.100ns  (arrival time - required time)
  Source:                 xdma_ddr3_i/xdma_0/inst/xdma_ddr3_xdma_0_0_pcie2_to_pcie3_wrapper_i/pcie2_ip_i/inst/inst/pcie_top_i/pcie_pipe_pipeline_i/pipe_2_lane.pipe_lane_1_i/pipe_stages_1.pipe_rx_data_q_reg[2]/C
                            (rising edge-triggered cell FDRE clocked by clk_125mhz_mux_x0y0  {rise@0.000ns fall@4.000ns period=8.000ns})
  Destination:            xdma_ddr3_i/xdma_0/inst/xdma_ddr3_xdma_0_0_pcie2_to_pcie3_wrapper_i/pcie2_ip_i/inst/inst/pcie_top_i/pcie_7x_i/pcie_block_i/PIPERX1DATA[2]
                            (rising edge-triggered cell PCIE_2_1 clocked by clk_125mhz_mux_x0y0  {rise@0.000ns fall@4.000ns period=8.000ns})
  Path Group:             clk_125mhz_mux_x0y0
  Path Type:              Hold (Min at Fast Process Corner)
  Requirement:            0.000ns  (clk_125mhz_mux_x0y0 rise@0.000ns - clk_125mhz_mux_x0y0 rise@0.000ns)
  Data Path Delay:        0.688ns  (logic 0.164ns (23.853%)  route 0.524ns (76.147%))
  Logic Levels:           0  
  Clock Path Skew:        0.075ns (DCD - SCD - CPR)
    Destination Clock Delay (DCD):    3.096ns
    Source Clock Delay      (SCD):    2.419ns
    Clock Pessimism Removal (CPR):    0.602ns

    Location             Delay type                Incr(ns)  Path(ns)    Netlist Resource(s)
  -------------------------------------------------------------------    -------------------
                         (clock clk_125mhz_mux_x0y0 rise edge)
                                                      0.000     0.000 r  
    GTPE2_CHANNEL_X0Y4   GTPE2_CHANNEL                0.000     0.000 r  xdma_ddr3_i/xdma_0/inst/xdma_ddr3_xdma_0_0_pcie2_to_pcie3_wrapper_i/pcie2_ip_i/inst/inst/gt_top_i/pipe_wrapper_i/pipe_lane[0].gt_wrapper_i/gtp_channel.gtpe2_channel_i/TXOUTCLK
                         net (fo=1, routed)           0.492     0.492    xdma_ddr3_i/xdma_0/inst/xdma_ddr3_xdma_0_0_pcie2_to_pcie3_wrapper_i/pcie2_ip_i/inst/inst/gt_top_i/pipe_wrapper_i/pipe_clock_int.pipe_clock_i/txoutclk_i.txoutclk_i_0
    BUFGCTRL_X0Y17       BUFG (Prop_bufg_I_O)         0.026     0.518 r  xdma_ddr3_i/xdma_0/inst/xdma_ddr3_xdma_0_0_pcie2_to_pcie3_wrapper_i/pcie2_ip_i/inst/inst/gt_top_i/pipe_wrapper_i/pipe_clock_int.pipe_clock_i/txoutclk_i.txoutclk_i/O
                         net (fo=1, routed)           0.612     1.130    xdma_ddr3_i/xdma_0/inst/xdma_ddr3_xdma_0_0_pcie2_to_pcie3_wrapper_i/pcie2_ip_i/inst/inst/gt_top_i/pipe_wrapper_i/pipe_clock_int.pipe_clock_i/refclk
    MMCME2_ADV_X0Y2      MMCME2_ADV (Prop_mmcme2_adv_CLKIN1_CLKOUT0)
                                                      0.050     1.180 r  xdma_ddr3_i/xdma_0/inst/xdma_ddr3_xdma_0_0_pcie2_to_pcie3_wrapper_i/pcie2_ip_i/inst/inst/gt_top_i/pipe_wrapper_i/pipe_clock_int.pipe_clock_i/mmcm_i/CLKOUT0
                         net (fo=2, routed)           0.545     1.725    xdma_ddr3_i/xdma_0/inst/xdma_ddr3_xdma_0_0_pcie2_to_pcie3_wrapper_i/pcie2_ip_i/inst/inst/gt_top_i/pipe_wrapper_i/pipe_clock_int.pipe_clock_i/clk_125mhz
    BUFGCTRL_X0Y2        BUFGCTRL (Prop_bufgctrl_I0_O)
                                                      0.026     1.751 r  xdma_ddr3_i/xdma_0/inst/xdma_ddr3_xdma_0_0_pcie2_to_pcie3_wrapper_i/pcie2_ip_i/inst/inst/gt_top_i/pipe_wrapper_i/pipe_clock_int.pipe_clock_i/pclk_i1_bufgctrl.pclk_i1/O
                         net (fo=1160, routed)        0.668     2.419    xdma_ddr3_i/xdma_0/inst/xdma_ddr3_xdma_0_0_pcie2_to_pcie3_wrapper_i/pcie2_ip_i/inst/inst/pcie_top_i/pcie_pipe_pipeline_i/pipe_2_lane.pipe_lane_1_i/PIPE_PCLK
    SLICE_X42Y213        FDRE                                         r  xdma_ddr3_i/xdma_0/inst/xdma_ddr3_xdma_0_0_pcie2_to_pcie3_wrapper_i/pcie2_ip_i/inst/inst/pcie_top_i/pcie_pipe_pipeline_i/pipe_2_lane.pipe_lane_1_i/pipe_stages_1.pipe_rx_data_q_reg[2]/C
  -------------------------------------------------------------------    -------------------
    SLICE_X42Y213        FDRE (Prop_fdre_C_Q)         0.164     2.583 r  xdma_ddr3_i/xdma_0/inst/xdma_ddr3_xdma_0_0_pcie2_to_pcie3_wrapper_i/pcie2_ip_i/inst/inst/pcie_top_i/pcie_pipe_pipeline_i/pipe_2_lane.pipe_lane_1_i/pipe_stages_1.pipe_rx_data_q_reg[2]/Q
                         net (fo=1, routed)           0.524     3.107    xdma_ddr3_i/xdma_0/inst/xdma_ddr3_xdma_0_0_pcie2_to_pcie3_wrapper_i/pcie2_ip_i/inst/inst/pcie_top_i/pcie_7x_i/pcie_block_i_3[2]
    PCIE_X0Y0            PCIE_2_1                                     r  xdma_ddr3_i/xdma_0/inst/xdma_ddr3_xdma_0_0_pcie2_to_pcie3_wrapper_i/pcie2_ip_i/inst/inst/pcie_top_i/pcie_7x_i/pcie_block_i/PIPERX1DATA[2]
  -------------------------------------------------------------------    -------------------

                         (clock clk_125mhz_mux_x0y0 rise edge)
                                                      0.000     0.000 r  
    GTPE2_CHANNEL_X0Y4   GTPE2_CHANNEL                0.000     0.000 r  xdma_ddr3_i/xdma_0/inst/xdma_ddr3_xdma_0_0_pcie2_to_pcie3_wrapper_i/pcie2_ip_i/inst/inst/gt_top_i/pipe_wrapper_i/pipe_lane[0].gt_wrapper_i/gtp_channel.gtpe2_channel_i/TXOUTCLK
                         net (fo=1, routed)           0.529     0.529    xdma_ddr3_i/xdma_0/inst/xdma_ddr3_xdma_0_0_pcie2_to_pcie3_wrapper_i/pcie2_ip_i/inst/inst/gt_top_i/pipe_wrapper_i/pipe_clock_int.pipe_clock_i/txoutclk_i.txoutclk_i_0
    BUFGCTRL_X0Y17       BUFG (Prop_bufg_I_O)         0.029     0.558 r  xdma_ddr3_i/xdma_0/inst/xdma_ddr3_xdma_0_0_pcie2_to_pcie3_wrapper_i/pcie2_ip_i/inst/inst/gt_top_i/pipe_wrapper_i/pipe_clock_int.pipe_clock_i/txoutclk_i.txoutclk_i/O
                         net (fo=1, routed)           0.881     1.438    xdma_ddr3_i/xdma_0/inst/xdma_ddr3_xdma_0_0_pcie2_to_pcie3_wrapper_i/pcie2_ip_i/inst/inst/gt_top_i/pipe_wrapper_i/pipe_clock_int.pipe_clock_i/refclk
    MMCME2_ADV_X0Y2      MMCME2_ADV (Prop_mmcme2_adv_CLKIN1_CLKOUT0)
                                                      0.053     1.491 r  xdma_ddr3_i/xdma_0/inst/xdma_ddr3_xdma_0_0_pcie2_to_pcie3_wrapper_i/pcie2_ip_i/inst/inst/gt_top_i/pipe_wrapper_i/pipe_clock_int.pipe_clock_i/mmcm_i/CLKOUT0
                         net (fo=2, routed)           0.595     2.086    xdma_ddr3_i/xdma_0/inst/xdma_ddr3_xdma_0_0_pcie2_to_pcie3_wrapper_i/pcie2_ip_i/inst/inst/gt_top_i/pipe_wrapper_i/pipe_clock_int.pipe_clock_i/clk_125mhz
    BUFGCTRL_X0Y2        BUFGCTRL (Prop_bufgctrl_I0_O)
                                                      0.029     2.115 r  xdma_ddr3_i/xdma_0/inst/xdma_ddr3_xdma_0_0_pcie2_to_pcie3_wrapper_i/pcie2_ip_i/inst/inst/gt_top_i/pipe_wrapper_i/pipe_clock_int.pipe_clock_i/pclk_i1_bufgctrl.pclk_i1/O
                         net (fo=1160, routed)        0.981     3.096    xdma_ddr3_i/xdma_0/inst/xdma_ddr3_xdma_0_0_pcie2_to_pcie3_wrapper_i/pcie2_ip_i/inst/inst/pcie_top_i/pcie_7x_i/PIPE_PCLK
    PCIE_X0Y0            PCIE_2_1                                     r  xdma_ddr3_i/xdma_0/inst/xdma_ddr3_xdma_0_0_pcie2_to_pcie3_wrapper_i/pcie2_ip_i/inst/inst/pcie_top_i/pcie_7x_i/pcie_block_i/PIPECLK
                         clock pessimism             -0.602     2.494    
    PCIE_X0Y0            PCIE_2_1 (Hold_pcie_2_1_PIPECLK_PIPERX1DATA[2])
                                                      0.513     3.007    xdma_ddr3_i/xdma_0/inst/xdma_ddr3_xdma_0_0_pcie2_to_pcie3_wrapper_i/pcie2_ip_i/inst/inst/pcie_top_i/pcie_7x_i/pcie_block_i
  -------------------------------------------------------------------
                         required time                         -3.007    
                         arrival time                           3.107    
  -------------------------------------------------------------------
                         slack                                  0.100    





Pulse Width Checks
--------------------------------------------------------------------------------------
Clock Name:         clk_125mhz_mux_x0y0
Waveform(ns):       { 0.000 4.000 }
Period(ns):         8.000
Sources:            { xdma_ddr3_i/xdma_0/inst/xdma_ddr3_xdma_0_0_pcie2_to_pcie3_wrapper_i/pcie2_ip_i/inst/inst/gt_top_i/pipe_wrapper_i/pipe_clock_int.pipe_clock_i/pclk_i1_bufgctrl.pclk_i1/O }

Check Type        Corner  Lib Pin           Reference Pin  Required(ns)  Actual(ns)  Slack(ns)  Location       Pin
Min Period        n/a     PCIE_2_1/PIPECLK  n/a            4.000         8.000       4.000      PCIE_X0Y0      xdma_ddr3_i/xdma_0/inst/xdma_ddr3_xdma_0_0_pcie2_to_pcie3_wrapper_i/pcie2_ip_i/inst/inst/pcie_top_i/pcie_7x_i/pcie_block_i/PIPECLK
Low Pulse Width   Slow    SRL16E/CLK        n/a            0.854         4.000       3.146      SLICE_X40Y225  xdma_ddr3_i/xdma_0/inst/xdma_ddr3_xdma_0_0_pcie2_to_pcie3_wrapper_i/pcie2_ip_i/inst/inst/ltssm_reg1_reg[0]_srl2/CLK
High Pulse Width  Slow    SRL16E/CLK        n/a            0.854         4.000       3.146      SLICE_X40Y225  xdma_ddr3_i/xdma_0/inst/xdma_ddr3_xdma_0_0_pcie2_to_pcie3_wrapper_i/pcie2_ip_i/inst/inst/ltssm_reg1_reg[0]_srl2/CLK



---------------------------------------------------------------------------------------------------
From Clock:  clk_250mhz_x0y0
  To Clock:  clk_250mhz_x0y0

Setup :           NA  Failing Endpoints,  Worst Slack           NA  ,  Total Violation           NA
Hold  :           NA  Failing Endpoints,  Worst Slack           NA  ,  Total Violation           NA
PW    :            0  Failing Endpoints,  Worst Slack        2.408ns,  Total Violation        0.000ns
---------------------------------------------------------------------------------------------------


Pulse Width Checks
--------------------------------------------------------------------------------------
Clock Name:         clk_250mhz_x0y0
Waveform(ns):       { 0.000 2.000 }
Period(ns):         4.000
Sources:            { xdma_ddr3_i/xdma_0/inst/xdma_ddr3_xdma_0_0_pcie2_to_pcie3_wrapper_i/pcie2_ip_i/inst/inst/gt_top_i/pipe_wrapper_i/pipe_clock_int.pipe_clock_i/mmcm_i/CLKOUT1 }

Check Type  Corner  Lib Pin             Reference Pin  Required(ns)  Actual(ns)  Slack(ns)  Location         Pin
Min Period  n/a     BUFGCTRL/I1         n/a            1.592         4.000       2.408      BUFGCTRL_X0Y2    xdma_ddr3_i/xdma_0/inst/xdma_ddr3_xdma_0_0_pcie2_to_pcie3_wrapper_i/pcie2_ip_i/inst/inst/gt_top_i/pipe_wrapper_i/pipe_clock_int.pipe_clock_i/pclk_i1_bufgctrl.pclk_i1/I1
Max Period  n/a     MMCME2_ADV/CLKOUT1  n/a            213.360       4.000       209.360    MMCME2_ADV_X0Y2  xdma_ddr3_i/xdma_0/inst/xdma_ddr3_xdma_0_0_pcie2_to_pcie3_wrapper_i/pcie2_ip_i/inst/inst/gt_top_i/pipe_wrapper_i/pipe_clock_int.pipe_clock_i/mmcm_i/CLKOUT1



---------------------------------------------------------------------------------------------------
From Clock:  clk_250mhz_mux_x0y0
  To Clock:  clk_250mhz_mux_x0y0

Setup :            0  Failing Endpoints,  Worst Slack        0.370ns,  Total Violation        0.000ns
Hold  :            0  Failing Endpoints,  Worst Slack        0.100ns,  Total Violation        0.000ns
PW    :            0  Failing Endpoints,  Worst Slack        0.000ns,  Total Violation        0.000ns
---------------------------------------------------------------------------------------------------


Max Delay Paths
--------------------------------------------------------------------------------------
Slack (MET) :             0.370ns  (required time - arrival time)
  Source:                 xdma_ddr3_i/xdma_0/inst/xdma_ddr3_xdma_0_0_pcie2_to_pcie3_wrapper_i/pcie2_ip_i/inst/inst/gt_top_i/gt_rx_valid_filter[1].GT_RX_VALID_FILTER_7x_inst/gt_rxdata_q_reg[9]/C
                            (rising edge-triggered cell FDRE clocked by clk_250mhz_mux_x0y0  {rise@0.000ns fall@2.000ns period=4.000ns})
  Destination:            xdma_ddr3_i/xdma_0/inst/xdma_ddr3_xdma_0_0_pcie2_to_pcie3_wrapper_i/pcie2_ip_i/inst/inst/gt_top_i/gt_rx_valid_filter[1].GT_RX_VALID_FILTER_7x_inst/reg_symbol_after_eios_reg/D
                            (rising edge-triggered cell FDRE clocked by clk_250mhz_mux_x0y0  {rise@0.000ns fall@2.000ns period=4.000ns})
  Path Group:             clk_250mhz_mux_x0y0
  Path Type:              Setup (Max at Slow Process Corner)
  Requirement:            4.000ns  (clk_250mhz_mux_x0y0 rise@4.000ns - clk_250mhz_mux_x0y0 rise@0.000ns)
  Data Path Delay:        3.572ns  (logic 1.276ns (35.726%)  route 2.296ns (64.274%))
  Logic Levels:           5  (LUT2=1 LUT3=1 LUT4=2 LUT6=1)
  Clock Path Skew:        -0.026ns (DCD - SCD + CPR)
    Destination Clock Delay (DCD):    5.791ns = ( 9.791 - 4.000 ) 
    Source Clock Delay      (SCD):    6.151ns
    Clock Pessimism Removal (CPR):    0.334ns
  Clock Uncertainty:      0.065ns  ((TSJ^2 + DJ^2)^1/2) / 2 + PE
    Total System Jitter     (TSJ):    0.071ns
    Discrete Jitter          (DJ):    0.108ns
    Phase Error              (PE):    0.000ns

    Location             Delay type                Incr(ns)  Path(ns)    Netlist Resource(s)
  -------------------------------------------------------------------    -------------------
                         (clock clk_250mhz_mux_x0y0 rise edge)
                                                      0.000     0.000 r  
    GTPE2_CHANNEL_X0Y4   GTPE2_CHANNEL                0.000     0.000 r  xdma_ddr3_i/xdma_0/inst/xdma_ddr3_xdma_0_0_pcie2_to_pcie3_wrapper_i/pcie2_ip_i/inst/inst/gt_top_i/pipe_wrapper_i/pipe_lane[0].gt_wrapper_i/gtp_channel.gtpe2_channel_i/TXOUTCLK
                         net (fo=1, routed)           1.274     1.274    xdma_ddr3_i/xdma_0/inst/xdma_ddr3_xdma_0_0_pcie2_to_pcie3_wrapper_i/pcie2_ip_i/inst/inst/gt_top_i/pipe_wrapper_i/pipe_clock_int.pipe_clock_i/txoutclk_i.txoutclk_i_0
    BUFGCTRL_X0Y17       BUFG (Prop_bufg_I_O)         0.081     1.355 r  xdma_ddr3_i/xdma_0/inst/xdma_ddr3_xdma_0_0_pcie2_to_pcie3_wrapper_i/pcie2_ip_i/inst/inst/gt_top_i/pipe_wrapper_i/pipe_clock_int.pipe_clock_i/txoutclk_i.txoutclk_i/O
                         net (fo=1, routed)           1.520     2.874    xdma_ddr3_i/xdma_0/inst/xdma_ddr3_xdma_0_0_pcie2_to_pcie3_wrapper_i/pcie2_ip_i/inst/inst/gt_top_i/pipe_wrapper_i/pipe_clock_int.pipe_clock_i/refclk
    MMCME2_ADV_X0Y2      MMCME2_ADV (Prop_mmcme2_adv_CLKIN1_CLKOUT1)
                                                      0.077     2.951 r  xdma_ddr3_i/xdma_0/inst/xdma_ddr3_xdma_0_0_pcie2_to_pcie3_wrapper_i/pcie2_ip_i/inst/inst/gt_top_i/pipe_wrapper_i/pipe_clock_int.pipe_clock_i/mmcm_i/CLKOUT1
                         net (fo=1, routed)           1.559     4.510    xdma_ddr3_i/xdma_0/inst/xdma_ddr3_xdma_0_0_pcie2_to_pcie3_wrapper_i/pcie2_ip_i/inst/inst/gt_top_i/pipe_wrapper_i/pipe_clock_int.pipe_clock_i/clk_250mhz
    BUFGCTRL_X0Y2        BUFGCTRL (Prop_bufgctrl_I1_O)
                                                      0.081     4.591 r  xdma_ddr3_i/xdma_0/inst/xdma_ddr3_xdma_0_0_pcie2_to_pcie3_wrapper_i/pcie2_ip_i/inst/inst/gt_top_i/pipe_wrapper_i/pipe_clock_int.pipe_clock_i/pclk_i1_bufgctrl.pclk_i1/O
                         net (fo=1160, routed)        1.560     6.151    xdma_ddr3_i/xdma_0/inst/xdma_ddr3_xdma_0_0_pcie2_to_pcie3_wrapper_i/pcie2_ip_i/inst/inst/gt_top_i/gt_rx_valid_filter[1].GT_RX_VALID_FILTER_7x_inst/PIPE_PCLK
    SLICE_X42Y218        FDRE                                         r  xdma_ddr3_i/xdma_0/inst/xdma_ddr3_xdma_0_0_pcie2_to_pcie3_wrapper_i/pcie2_ip_i/inst/inst/gt_top_i/gt_rx_valid_filter[1].GT_RX_VALID_FILTER_7x_inst/gt_rxdata_q_reg[9]/C
  -------------------------------------------------------------------    -------------------
    SLICE_X42Y218        FDRE (Prop_fdre_C_Q)         0.433     6.584 f  xdma_ddr3_i/xdma_0/inst/xdma_ddr3_xdma_0_0_pcie2_to_pcie3_wrapper_i/pcie2_ip_i/inst/inst/gt_top_i/gt_rx_valid_filter[1].GT_RX_VALID_FILTER_7x_inst/gt_rxdata_q_reg[9]/Q
                         net (fo=2, routed)           0.659     7.244    xdma_ddr3_i/xdma_0/inst/xdma_ddr3_xdma_0_0_pcie2_to_pcie3_wrapper_i/pcie2_ip_i/inst/inst/gt_top_i/gt_rx_valid_filter[1].GT_RX_VALID_FILTER_7x_inst/Q[9]
    SLICE_X42Y217        LUT4 (Prop_lut4_I3_O)        0.105     7.349 f  xdma_ddr3_i/xdma_0/inst/xdma_ddr3_xdma_0_0_pcie2_to_pcie3_wrapper_i/pcie2_ip_i/inst/inst/gt_top_i/gt_rx_valid_filter[1].GT_RX_VALID_FILTER_7x_inst/reg_state_eios_det[2]_i_3__0/O
                         net (fo=1, routed)           0.337     7.686    xdma_ddr3_i/xdma_0/inst/xdma_ddr3_xdma_0_0_pcie2_to_pcie3_wrapper_i/pcie2_ip_i/inst/inst/gt_top_i/gt_rx_valid_filter[1].GT_RX_VALID_FILTER_7x_inst/reg_state_eios_det[2]_i_3__0_n_0
    SLICE_X42Y217        LUT4 (Prop_lut4_I3_O)        0.105     7.791 r  xdma_ddr3_i/xdma_0/inst/xdma_ddr3_xdma_0_0_pcie2_to_pcie3_wrapper_i/pcie2_ip_i/inst/inst/gt_top_i/gt_rx_valid_filter[1].GT_RX_VALID_FILTER_7x_inst/reg_state_eios_det[2]_i_2__0/O
                         net (fo=3, routed)           0.458     8.249    xdma_ddr3_i/xdma_0/inst/xdma_ddr3_xdma_0_0_pcie2_to_pcie3_wrapper_i/pcie2_ip_i/inst/inst/gt_top_i/gt_rx_valid_filter[1].GT_RX_VALID_FILTER_7x_inst/reg_state_eios_det[2]_i_2__0_n_0
    SLICE_X42Y218        LUT3 (Prop_lut3_I2_O)        0.105     8.354 f  xdma_ddr3_i/xdma_0/inst/xdma_ddr3_xdma_0_0_pcie2_to_pcie3_wrapper_i/pcie2_ip_i/inst/inst/gt_top_i/gt_rx_valid_filter[1].GT_RX_VALID_FILTER_7x_inst/reg_state_eios_det[3]_i_2__0/O
                         net (fo=4, routed)           0.491     8.845    xdma_ddr3_i/xdma_0/inst/xdma_ddr3_xdma_0_0_pcie2_to_pcie3_wrapper_i/pcie2_ip_i/inst/inst/gt_top_i/gt_rx_valid_filter[1].GT_RX_VALID_FILTER_7x_inst/reg_state_eios_det[3]_i_2__0_n_0
    SLICE_X42Y219        LUT2 (Prop_lut2_I0_O)        0.264     9.109 f  xdma_ddr3_i/xdma_0/inst/xdma_ddr3_xdma_0_0_pcie2_to_pcie3_wrapper_i/pcie2_ip_i/inst/inst/gt_top_i/gt_rx_valid_filter[1].GT_RX_VALID_FILTER_7x_inst/reg_symbol_after_eios_i_2__0/O
                         net (fo=1, routed)           0.350     9.459    xdma_ddr3_i/xdma_0/inst/xdma_ddr3_xdma_0_0_pcie2_to_pcie3_wrapper_i/pcie2_ip_i/inst/inst/gt_top_i/gt_rx_valid_filter[1].GT_RX_VALID_FILTER_7x_inst/reg_symbol_after_eios_i_2__0_n_0
    SLICE_X43Y219        LUT6 (Prop_lut6_I5_O)        0.264     9.723 r  xdma_ddr3_i/xdma_0/inst/xdma_ddr3_xdma_0_0_pcie2_to_pcie3_wrapper_i/pcie2_ip_i/inst/inst/gt_top_i/gt_rx_valid_filter[1].GT_RX_VALID_FILTER_7x_inst/reg_symbol_after_eios_i_1__0/O
                         net (fo=1, routed)           0.000     9.723    xdma_ddr3_i/xdma_0/inst/xdma_ddr3_xdma_0_0_pcie2_to_pcie3_wrapper_i/pcie2_ip_i/inst/inst/gt_top_i/gt_rx_valid_filter[1].GT_RX_VALID_FILTER_7x_inst/reg_symbol_after_eios
    SLICE_X43Y219        FDRE                                         r  xdma_ddr3_i/xdma_0/inst/xdma_ddr3_xdma_0_0_pcie2_to_pcie3_wrapper_i/pcie2_ip_i/inst/inst/gt_top_i/gt_rx_valid_filter[1].GT_RX_VALID_FILTER_7x_inst/reg_symbol_after_eios_reg/D
  -------------------------------------------------------------------    -------------------

                         (clock clk_250mhz_mux_x0y0 rise edge)
                                                      4.000     4.000 r  
    GTPE2_CHANNEL_X0Y4   GTPE2_CHANNEL                0.000     4.000 r  xdma_ddr3_i/xdma_0/inst/xdma_ddr3_xdma_0_0_pcie2_to_pcie3_wrapper_i/pcie2_ip_i/inst/inst/gt_top_i/pipe_wrapper_i/pipe_lane[0].gt_wrapper_i/gtp_channel.gtpe2_channel_i/TXOUTCLK
                         net (fo=1, routed)           1.216     5.216    xdma_ddr3_i/xdma_0/inst/xdma_ddr3_xdma_0_0_pcie2_to_pcie3_wrapper_i/pcie2_ip_i/inst/inst/gt_top_i/pipe_wrapper_i/pipe_clock_int.pipe_clock_i/txoutclk_i.txoutclk_i_0
    BUFGCTRL_X0Y17       BUFG (Prop_bufg_I_O)         0.077     5.293 r  xdma_ddr3_i/xdma_0/inst/xdma_ddr3_xdma_0_0_pcie2_to_pcie3_wrapper_i/pcie2_ip_i/inst/inst/gt_top_i/pipe_wrapper_i/pipe_clock_int.pipe_clock_i/txoutclk_i.txoutclk_i/O
                         net (fo=1, routed)           1.417     6.710    xdma_ddr3_i/xdma_0/inst/xdma_ddr3_xdma_0_0_pcie2_to_pcie3_wrapper_i/pcie2_ip_i/inst/inst/gt_top_i/pipe_wrapper_i/pipe_clock_int.pipe_clock_i/refclk
    MMCME2_ADV_X0Y2      MMCME2_ADV (Prop_mmcme2_adv_CLKIN1_CLKOUT1)
                                                      0.073     6.783 r  xdma_ddr3_i/xdma_0/inst/xdma_ddr3_xdma_0_0_pcie2_to_pcie3_wrapper_i/pcie2_ip_i/inst/inst/gt_top_i/pipe_wrapper_i/pipe_clock_int.pipe_clock_i/mmcm_i/CLKOUT1
                         net (fo=1, routed)           1.488     8.271    xdma_ddr3_i/xdma_0/inst/xdma_ddr3_xdma_0_0_pcie2_to_pcie3_wrapper_i/pcie2_ip_i/inst/inst/gt_top_i/pipe_wrapper_i/pipe_clock_int.pipe_clock_i/clk_250mhz
    BUFGCTRL_X0Y2        BUFGCTRL (Prop_bufgctrl_I1_O)
                                                      0.077     8.347 r  xdma_ddr3_i/xdma_0/inst/xdma_ddr3_xdma_0_0_pcie2_to_pcie3_wrapper_i/pcie2_ip_i/inst/inst/gt_top_i/pipe_wrapper_i/pipe_clock_int.pipe_clock_i/pclk_i1_bufgctrl.pclk_i1/O
                         net (fo=1160, routed)        1.444     9.791    xdma_ddr3_i/xdma_0/inst/xdma_ddr3_xdma_0_0_pcie2_to_pcie3_wrapper_i/pcie2_ip_i/inst/inst/gt_top_i/gt_rx_valid_filter[1].GT_RX_VALID_FILTER_7x_inst/PIPE_PCLK
    SLICE_X43Y219        FDRE                                         r  xdma_ddr3_i/xdma_0/inst/xdma_ddr3_xdma_0_0_pcie2_to_pcie3_wrapper_i/pcie2_ip_i/inst/inst/gt_top_i/gt_rx_valid_filter[1].GT_RX_VALID_FILTER_7x_inst/reg_symbol_after_eios_reg/C
                         clock pessimism              0.334    10.125    
                         clock uncertainty           -0.065    10.061    
    SLICE_X43Y219        FDRE (Setup_fdre_C_D)        0.032    10.093    xdma_ddr3_i/xdma_0/inst/xdma_ddr3_xdma_0_0_pcie2_to_pcie3_wrapper_i/pcie2_ip_i/inst/inst/gt_top_i/gt_rx_valid_filter[1].GT_RX_VALID_FILTER_7x_inst/reg_symbol_after_eios_reg
  -------------------------------------------------------------------
                         required time                         10.093    
                         arrival time                          -9.723    
  -------------------------------------------------------------------
                         slack                                  0.370    





Min Delay Paths
--------------------------------------------------------------------------------------
Slack (MET) :             0.100ns  (arrival time - required time)
  Source:                 xdma_ddr3_i/xdma_0/inst/xdma_ddr3_xdma_0_0_pcie2_to_pcie3_wrapper_i/pcie2_ip_i/inst/inst/pcie_top_i/pcie_pipe_pipeline_i/pipe_2_lane.pipe_lane_1_i/pipe_stages_1.pipe_rx_data_q_reg[2]/C
                            (rising edge-triggered cell FDRE clocked by clk_250mhz_mux_x0y0  {rise@0.000ns fall@2.000ns period=4.000ns})
  Destination:            xdma_ddr3_i/xdma_0/inst/xdma_ddr3_xdma_0_0_pcie2_to_pcie3_wrapper_i/pcie2_ip_i/inst/inst/pcie_top_i/pcie_7x_i/pcie_block_i/PIPERX1DATA[2]
                            (rising edge-triggered cell PCIE_2_1 clocked by clk_250mhz_mux_x0y0  {rise@0.000ns fall@2.000ns period=4.000ns})
  Path Group:             clk_250mhz_mux_x0y0
  Path Type:              Hold (Min at Fast Process Corner)
  Requirement:            0.000ns  (clk_250mhz_mux_x0y0 rise@0.000ns - clk_250mhz_mux_x0y0 rise@0.000ns)
  Data Path Delay:        0.688ns  (logic 0.164ns (23.853%)  route 0.524ns (76.147%))
  Logic Levels:           0  
  Clock Path Skew:        0.075ns (DCD - SCD - CPR)
    Destination Clock Delay (DCD):    3.096ns
    Source Clock Delay      (SCD):    2.419ns
    Clock Pessimism Removal (CPR):    0.602ns

    Location             Delay type                Incr(ns)  Path(ns)    Netlist Resource(s)
  -------------------------------------------------------------------    -------------------
                         (clock clk_250mhz_mux_x0y0 rise edge)
                                                      0.000     0.000 r  
    GTPE2_CHANNEL_X0Y4   GTPE2_CHANNEL                0.000     0.000 r  xdma_ddr3_i/xdma_0/inst/xdma_ddr3_xdma_0_0_pcie2_to_pcie3_wrapper_i/pcie2_ip_i/inst/inst/gt_top_i/pipe_wrapper_i/pipe_lane[0].gt_wrapper_i/gtp_channel.gtpe2_channel_i/TXOUTCLK
                         net (fo=1, routed)           0.492     0.492    xdma_ddr3_i/xdma_0/inst/xdma_ddr3_xdma_0_0_pcie2_to_pcie3_wrapper_i/pcie2_ip_i/inst/inst/gt_top_i/pipe_wrapper_i/pipe_clock_int.pipe_clock_i/txoutclk_i.txoutclk_i_0
    BUFGCTRL_X0Y17       BUFG (Prop_bufg_I_O)         0.026     0.518 r  xdma_ddr3_i/xdma_0/inst/xdma_ddr3_xdma_0_0_pcie2_to_pcie3_wrapper_i/pcie2_ip_i/inst/inst/gt_top_i/pipe_wrapper_i/pipe_clock_int.pipe_clock_i/txoutclk_i.txoutclk_i/O
                         net (fo=1, routed)           0.612     1.130    xdma_ddr3_i/xdma_0/inst/xdma_ddr3_xdma_0_0_pcie2_to_pcie3_wrapper_i/pcie2_ip_i/inst/inst/gt_top_i/pipe_wrapper_i/pipe_clock_int.pipe_clock_i/refclk
    MMCME2_ADV_X0Y2      MMCME2_ADV (Prop_mmcme2_adv_CLKIN1_CLKOUT1)
                                                      0.050     1.180 r  xdma_ddr3_i/xdma_0/inst/xdma_ddr3_xdma_0_0_pcie2_to_pcie3_wrapper_i/pcie2_ip_i/inst/inst/gt_top_i/pipe_wrapper_i/pipe_clock_int.pipe_clock_i/mmcm_i/CLKOUT1
                         net (fo=1, routed)           0.545     1.725    xdma_ddr3_i/xdma_0/inst/xdma_ddr3_xdma_0_0_pcie2_to_pcie3_wrapper_i/pcie2_ip_i/inst/inst/gt_top_i/pipe_wrapper_i/pipe_clock_int.pipe_clock_i/clk_250mhz
    BUFGCTRL_X0Y2        BUFGCTRL (Prop_bufgctrl_I1_O)
                                                      0.026     1.751 r  xdma_ddr3_i/xdma_0/inst/xdma_ddr3_xdma_0_0_pcie2_to_pcie3_wrapper_i/pcie2_ip_i/inst/inst/gt_top_i/pipe_wrapper_i/pipe_clock_int.pipe_clock_i/pclk_i1_bufgctrl.pclk_i1/O
                         net (fo=1160, routed)        0.668     2.419    xdma_ddr3_i/xdma_0/inst/xdma_ddr3_xdma_0_0_pcie2_to_pcie3_wrapper_i/pcie2_ip_i/inst/inst/pcie_top_i/pcie_pipe_pipeline_i/pipe_2_lane.pipe_lane_1_i/PIPE_PCLK
    SLICE_X42Y213        FDRE                                         r  xdma_ddr3_i/xdma_0/inst/xdma_ddr3_xdma_0_0_pcie2_to_pcie3_wrapper_i/pcie2_ip_i/inst/inst/pcie_top_i/pcie_pipe_pipeline_i/pipe_2_lane.pipe_lane_1_i/pipe_stages_1.pipe_rx_data_q_reg[2]/C
  -------------------------------------------------------------------    -------------------
    SLICE_X42Y213        FDRE (Prop_fdre_C_Q)         0.164     2.583 r  xdma_ddr3_i/xdma_0/inst/xdma_ddr3_xdma_0_0_pcie2_to_pcie3_wrapper_i/pcie2_ip_i/inst/inst/pcie_top_i/pcie_pipe_pipeline_i/pipe_2_lane.pipe_lane_1_i/pipe_stages_1.pipe_rx_data_q_reg[2]/Q
                         net (fo=1, routed)           0.524     3.107    xdma_ddr3_i/xdma_0/inst/xdma_ddr3_xdma_0_0_pcie2_to_pcie3_wrapper_i/pcie2_ip_i/inst/inst/pcie_top_i/pcie_7x_i/pcie_block_i_3[2]
    PCIE_X0Y0            PCIE_2_1                                     r  xdma_ddr3_i/xdma_0/inst/xdma_ddr3_xdma_0_0_pcie2_to_pcie3_wrapper_i/pcie2_ip_i/inst/inst/pcie_top_i/pcie_7x_i/pcie_block_i/PIPERX1DATA[2]
  -------------------------------------------------------------------    -------------------

                         (clock clk_250mhz_mux_x0y0 rise edge)
                                                      0.000     0.000 r  
    GTPE2_CHANNEL_X0Y4   GTPE2_CHANNEL                0.000     0.000 r  xdma_ddr3_i/xdma_0/inst/xdma_ddr3_xdma_0_0_pcie2_to_pcie3_wrapper_i/pcie2_ip_i/inst/inst/gt_top_i/pipe_wrapper_i/pipe_lane[0].gt_wrapper_i/gtp_channel.gtpe2_channel_i/TXOUTCLK
                         net (fo=1, routed)           0.529     0.529    xdma_ddr3_i/xdma_0/inst/xdma_ddr3_xdma_0_0_pcie2_to_pcie3_wrapper_i/pcie2_ip_i/inst/inst/gt_top_i/pipe_wrapper_i/pipe_clock_int.pipe_clock_i/txoutclk_i.txoutclk_i_0
    BUFGCTRL_X0Y17       BUFG (Prop_bufg_I_O)         0.029     0.558 r  xdma_ddr3_i/xdma_0/inst/xdma_ddr3_xdma_0_0_pcie2_to_pcie3_wrapper_i/pcie2_ip_i/inst/inst/gt_top_i/pipe_wrapper_i/pipe_clock_int.pipe_clock_i/txoutclk_i.txoutclk_i/O
                         net (fo=1, routed)           0.881     1.438    xdma_ddr3_i/xdma_0/inst/xdma_ddr3_xdma_0_0_pcie2_to_pcie3_wrapper_i/pcie2_ip_i/inst/inst/gt_top_i/pipe_wrapper_i/pipe_clock_int.pipe_clock_i/refclk
    MMCME2_ADV_X0Y2      MMCME2_ADV (Prop_mmcme2_adv_CLKIN1_CLKOUT1)
                                                      0.053     1.491 r  xdma_ddr3_i/xdma_0/inst/xdma_ddr3_xdma_0_0_pcie2_to_pcie3_wrapper_i/pcie2_ip_i/inst/inst/gt_top_i/pipe_wrapper_i/pipe_clock_int.pipe_clock_i/mmcm_i/CLKOUT1
                         net (fo=1, routed)           0.595     2.086    xdma_ddr3_i/xdma_0/inst/xdma_ddr3_xdma_0_0_pcie2_to_pcie3_wrapper_i/pcie2_ip_i/inst/inst/gt_top_i/pipe_wrapper_i/pipe_clock_int.pipe_clock_i/clk_250mhz
    BUFGCTRL_X0Y2        BUFGCTRL (Prop_bufgctrl_I1_O)
                                                      0.029     2.115 r  xdma_ddr3_i/xdma_0/inst/xdma_ddr3_xdma_0_0_pcie2_to_pcie3_wrapper_i/pcie2_ip_i/inst/inst/gt_top_i/pipe_wrapper_i/pipe_clock_int.pipe_clock_i/pclk_i1_bufgctrl.pclk_i1/O
                         net (fo=1160, routed)        0.981     3.096    xdma_ddr3_i/xdma_0/inst/xdma_ddr3_xdma_0_0_pcie2_to_pcie3_wrapper_i/pcie2_ip_i/inst/inst/pcie_top_i/pcie_7x_i/PIPE_PCLK
    PCIE_X0Y0            PCIE_2_1                                     r  xdma_ddr3_i/xdma_0/inst/xdma_ddr3_xdma_0_0_pcie2_to_pcie3_wrapper_i/pcie2_ip_i/inst/inst/pcie_top_i/pcie_7x_i/pcie_block_i/PIPECLK
                         clock pessimism             -0.602     2.494    
    PCIE_X0Y0            PCIE_2_1 (Hold_pcie_2_1_PIPECLK_PIPERX1DATA[2])
                                                      0.513     3.007    xdma_ddr3_i/xdma_0/inst/xdma_ddr3_xdma_0_0_pcie2_to_pcie3_wrapper_i/pcie2_ip_i/inst/inst/pcie_top_i/pcie_7x_i/pcie_block_i
  -------------------------------------------------------------------
                         required time                         -3.007    
                         arrival time                           3.107    
  -------------------------------------------------------------------
                         slack                                  0.100    





Pulse Width Checks
--------------------------------------------------------------------------------------
Clock Name:         clk_250mhz_mux_x0y0
Waveform(ns):       { 0.000 2.000 }
Period(ns):         4.000
Sources:            { xdma_ddr3_i/xdma_0/inst/xdma_ddr3_xdma_0_0_pcie2_to_pcie3_wrapper_i/pcie2_ip_i/inst/inst/gt_top_i/pipe_wrapper_i/pipe_clock_int.pipe_clock_i/pclk_i1_bufgctrl.pclk_i1/O }

Check Type        Corner  Lib Pin           Reference Pin  Required(ns)  Actual(ns)  Slack(ns)  Location       Pin
Min Period        n/a     PCIE_2_1/PIPECLK  n/a            4.000         4.000       0.000      PCIE_X0Y0      xdma_ddr3_i/xdma_0/inst/xdma_ddr3_xdma_0_0_pcie2_to_pcie3_wrapper_i/pcie2_ip_i/inst/inst/pcie_top_i/pcie_7x_i/pcie_block_i/PIPECLK
Low Pulse Width   Slow    SRL16E/CLK        n/a            0.854         2.000       1.146      SLICE_X40Y225  xdma_ddr3_i/xdma_0/inst/xdma_ddr3_xdma_0_0_pcie2_to_pcie3_wrapper_i/pcie2_ip_i/inst/inst/ltssm_reg1_reg[0]_srl2/CLK
High Pulse Width  Slow    SRL16E/CLK        n/a            0.854         2.000       1.146      SLICE_X40Y225  xdma_ddr3_i/xdma_0/inst/xdma_ddr3_xdma_0_0_pcie2_to_pcie3_wrapper_i/pcie2_ip_i/inst/inst/ltssm_reg1_reg[0]_srl2/CLK



---------------------------------------------------------------------------------------------------
From Clock:  mmcm_fb
  To Clock:  mmcm_fb

Setup :           NA  Failing Endpoints,  Worst Slack           NA  ,  Total Violation           NA
Hold  :           NA  Failing Endpoints,  Worst Slack           NA  ,  Total Violation           NA
PW    :            0  Failing Endpoints,  Worst Slack        8.751ns,  Total Violation        0.000ns
---------------------------------------------------------------------------------------------------


Pulse Width Checks
--------------------------------------------------------------------------------------
Clock Name:         mmcm_fb
Waveform(ns):       { 0.000 5.000 }
Period(ns):         10.000
Sources:            { xdma_ddr3_i/xdma_0/inst/xdma_ddr3_xdma_0_0_pcie2_to_pcie3_wrapper_i/pcie2_ip_i/inst/inst/gt_top_i/pipe_wrapper_i/pipe_clock_int.pipe_clock_i/mmcm_i/CLKFBOUT }

Check Type  Corner  Lib Pin              Reference Pin  Required(ns)  Actual(ns)  Slack(ns)  Location         Pin
Min Period  n/a     MMCME2_ADV/CLKFBOUT  n/a            1.249         10.000      8.751      MMCME2_ADV_X0Y2  xdma_ddr3_i/xdma_0/inst/xdma_ddr3_xdma_0_0_pcie2_to_pcie3_wrapper_i/pcie2_ip_i/inst/inst/gt_top_i/pipe_wrapper_i/pipe_clock_int.pipe_clock_i/mmcm_i/CLKFBOUT
Max Period  n/a     MMCME2_ADV/CLKFBIN   n/a            100.000       10.000      90.000     MMCME2_ADV_X0Y2  xdma_ddr3_i/xdma_0/inst/xdma_ddr3_xdma_0_0_pcie2_to_pcie3_wrapper_i/pcie2_ip_i/inst/inst/gt_top_i/pipe_wrapper_i/pipe_clock_int.pipe_clock_i/mmcm_i/CLKFBIN



---------------------------------------------------------------------------------------------------
From Clock:  userclk1
  To Clock:  userclk1

Setup :            0  Failing Endpoints,  Worst Slack        0.859ns,  Total Violation        0.000ns
Hold  :            0  Failing Endpoints,  Worst Slack        0.122ns,  Total Violation        0.000ns
PW    :            0  Failing Endpoints,  Worst Slack        0.000ns,  Total Violation        0.000ns
---------------------------------------------------------------------------------------------------


Max Delay Paths
--------------------------------------------------------------------------------------
Slack (MET) :             0.859ns  (required time - arrival time)
  Source:                 xdma_ddr3_i/xdma_0/inst/xdma_ddr3_xdma_0_0_pcie2_to_pcie3_wrapper_i/pcie2_ip_i/inst/inst/pcie_top_i/pcie_7x_i/pcie_block_i/USERCLK
                            (rising edge-triggered cell PCIE_2_1 clocked by userclk1  {rise@0.000ns fall@2.000ns period=4.000ns})
  Destination:            xdma_ddr3_i/xdma_0/inst/xdma_ddr3_xdma_0_0_pcie2_to_pcie3_wrapper_i/pcie2_ip_i/inst/inst/pcie_top_i/pcie_7x_i/pcie_bram_top/pcie_brams_rx/brams[0].ram/use_tdp.ramb36/genblk5_0.bram36_tdp_bl.bram36_tdp_bl/ADDRBWRADDR[11]
                            (rising edge-triggered cell RAMB36E1 clocked by userclk1  {rise@0.000ns fall@2.000ns period=4.000ns})
  Path Group:             userclk1
  Path Type:              Setup (Max at Slow Process Corner)
  Requirement:            4.000ns  (userclk1 rise@4.000ns - userclk1 rise@0.000ns)
  Data Path Delay:        2.571ns  (logic 0.602ns (23.413%)  route 1.969ns (76.587%))
  Logic Levels:           0  
  Clock Path Skew:        -0.015ns (DCD - SCD + CPR)
    Destination Clock Delay (DCD):    5.905ns = ( 9.905 - 4.000 ) 
    Source Clock Delay      (SCD):    6.239ns
    Clock Pessimism Removal (CPR):    0.318ns
  Clock Uncertainty:      0.065ns  ((TSJ^2 + DJ^2)^1/2) / 2 + PE
    Total System Jitter     (TSJ):    0.071ns
    Discrete Jitter          (DJ):    0.108ns
    Phase Error              (PE):    0.000ns

    Location             Delay type                Incr(ns)  Path(ns)    Netlist Resource(s)
  -------------------------------------------------------------------    -------------------
                         (clock userclk1 rise edge)
                                                      0.000     0.000 r  
    GTPE2_CHANNEL_X0Y4   GTPE2_CHANNEL                0.000     0.000 r  xdma_ddr3_i/xdma_0/inst/xdma_ddr3_xdma_0_0_pcie2_to_pcie3_wrapper_i/pcie2_ip_i/inst/inst/gt_top_i/pipe_wrapper_i/pipe_lane[0].gt_wrapper_i/gtp_channel.gtpe2_channel_i/TXOUTCLK
                         net (fo=1, routed)           1.274     1.274    xdma_ddr3_i/xdma_0/inst/xdma_ddr3_xdma_0_0_pcie2_to_pcie3_wrapper_i/pcie2_ip_i/inst/inst/gt_top_i/pipe_wrapper_i/pipe_clock_int.pipe_clock_i/txoutclk_i.txoutclk_i_0
    BUFGCTRL_X0Y17       BUFG (Prop_bufg_I_O)         0.081     1.355 r  xdma_ddr3_i/xdma_0/inst/xdma_ddr3_xdma_0_0_pcie2_to_pcie3_wrapper_i/pcie2_ip_i/inst/inst/gt_top_i/pipe_wrapper_i/pipe_clock_int.pipe_clock_i/txoutclk_i.txoutclk_i/O
                         net (fo=1, routed)           1.520     2.874    xdma_ddr3_i/xdma_0/inst/xdma_ddr3_xdma_0_0_pcie2_to_pcie3_wrapper_i/pcie2_ip_i/inst/inst/gt_top_i/pipe_wrapper_i/pipe_clock_int.pipe_clock_i/refclk
    MMCME2_ADV_X0Y2      MMCME2_ADV (Prop_mmcme2_adv_CLKIN1_CLKOUT2)
                                                      0.077     2.951 r  xdma_ddr3_i/xdma_0/inst/xdma_ddr3_xdma_0_0_pcie2_to_pcie3_wrapper_i/pcie2_ip_i/inst/inst/gt_top_i/pipe_wrapper_i/pipe_clock_int.pipe_clock_i/mmcm_i/CLKOUT2
                         net (fo=1, routed)           1.559     4.510    xdma_ddr3_i/xdma_0/inst/xdma_ddr3_xdma_0_0_pcie2_to_pcie3_wrapper_i/pcie2_ip_i/inst/inst/gt_top_i/pipe_wrapper_i/pipe_clock_int.pipe_clock_i/userclk1
    BUFGCTRL_X0Y4        BUFG (Prop_bufg_I_O)         0.081     4.591 r  xdma_ddr3_i/xdma_0/inst/xdma_ddr3_xdma_0_0_pcie2_to_pcie3_wrapper_i/pcie2_ip_i/inst/inst/gt_top_i/pipe_wrapper_i/pipe_clock_int.pipe_clock_i/userclk1_i1.usrclk1_i1/O
                         net (fo=17, routed)          1.648     6.239    xdma_ddr3_i/xdma_0/inst/xdma_ddr3_xdma_0_0_pcie2_to_pcie3_wrapper_i/pcie2_ip_i/inst/inst/pcie_top_i/pcie_7x_i/PIPE_USERCLK1
    PCIE_X0Y0            PCIE_2_1                                     r  xdma_ddr3_i/xdma_0/inst/xdma_ddr3_xdma_0_0_pcie2_to_pcie3_wrapper_i/pcie2_ip_i/inst/inst/pcie_top_i/pcie_7x_i/pcie_block_i/USERCLK
  -------------------------------------------------------------------    -------------------
    PCIE_X0Y0            PCIE_2_1 (Prop_pcie_2_1_USERCLK_MIMRXRADDR[7])
                                                      0.602     6.841 r  xdma_ddr3_i/xdma_0/inst/xdma_ddr3_xdma_0_0_pcie2_to_pcie3_wrapper_i/pcie2_ip_i/inst/inst/pcie_top_i/pcie_7x_i/pcie_block_i/MIMRXRADDR[7]
                         net (fo=4, routed)           1.969     8.810    xdma_ddr3_i/xdma_0/inst/xdma_ddr3_xdma_0_0_pcie2_to_pcie3_wrapper_i/pcie2_ip_i/inst/inst/pcie_top_i/pcie_7x_i/pcie_bram_top/pcie_brams_rx/brams[0].ram/use_tdp.ramb36/MIMRXRADDR[7]
    RAMB36_X1Y45         RAMB36E1                                     r  xdma_ddr3_i/xdma_0/inst/xdma_ddr3_xdma_0_0_pcie2_to_pcie3_wrapper_i/pcie2_ip_i/inst/inst/pcie_top_i/pcie_7x_i/pcie_bram_top/pcie_brams_rx/brams[0].ram/use_tdp.ramb36/genblk5_0.bram36_tdp_bl.bram36_tdp_bl/ADDRBWRADDR[11]
  -------------------------------------------------------------------    -------------------

                         (clock userclk1 rise edge)
                                                      4.000     4.000 r  
    GTPE2_CHANNEL_X0Y4   GTPE2_CHANNEL                0.000     4.000 r  xdma_ddr3_i/xdma_0/inst/xdma_ddr3_xdma_0_0_pcie2_to_pcie3_wrapper_i/pcie2_ip_i/inst/inst/gt_top_i/pipe_wrapper_i/pipe_lane[0].gt_wrapper_i/gtp_channel.gtpe2_channel_i/TXOUTCLK
                         net (fo=1, routed)           1.216     5.216    xdma_ddr3_i/xdma_0/inst/xdma_ddr3_xdma_0_0_pcie2_to_pcie3_wrapper_i/pcie2_ip_i/inst/inst/gt_top_i/pipe_wrapper_i/pipe_clock_int.pipe_clock_i/txoutclk_i.txoutclk_i_0
    BUFGCTRL_X0Y17       BUFG (Prop_bufg_I_O)         0.077     5.293 r  xdma_ddr3_i/xdma_0/inst/xdma_ddr3_xdma_0_0_pcie2_to_pcie3_wrapper_i/pcie2_ip_i/inst/inst/gt_top_i/pipe_wrapper_i/pipe_clock_int.pipe_clock_i/txoutclk_i.txoutclk_i/O
                         net (fo=1, routed)           1.417     6.710    xdma_ddr3_i/xdma_0/inst/xdma_ddr3_xdma_0_0_pcie2_to_pcie3_wrapper_i/pcie2_ip_i/inst/inst/gt_top_i/pipe_wrapper_i/pipe_clock_int.pipe_clock_i/refclk
    MMCME2_ADV_X0Y2      MMCME2_ADV (Prop_mmcme2_adv_CLKIN1_CLKOUT2)
                                                      0.073     6.783 r  xdma_ddr3_i/xdma_0/inst/xdma_ddr3_xdma_0_0_pcie2_to_pcie3_wrapper_i/pcie2_ip_i/inst/inst/gt_top_i/pipe_wrapper_i/pipe_clock_int.pipe_clock_i/mmcm_i/CLKOUT2
                         net (fo=1, routed)           1.488     8.271    xdma_ddr3_i/xdma_0/inst/xdma_ddr3_xdma_0_0_pcie2_to_pcie3_wrapper_i/pcie2_ip_i/inst/inst/gt_top_i/pipe_wrapper_i/pipe_clock_int.pipe_clock_i/userclk1
    BUFGCTRL_X0Y4        BUFG (Prop_bufg_I_O)         0.077     8.347 r  xdma_ddr3_i/xdma_0/inst/xdma_ddr3_xdma_0_0_pcie2_to_pcie3_wrapper_i/pcie2_ip_i/inst/inst/gt_top_i/pipe_wrapper_i/pipe_clock_int.pipe_clock_i/userclk1_i1.usrclk1_i1/O
                         net (fo=17, routed)          1.558     9.905    xdma_ddr3_i/xdma_0/inst/xdma_ddr3_xdma_0_0_pcie2_to_pcie3_wrapper_i/pcie2_ip_i/inst/inst/pcie_top_i/pcie_7x_i/pcie_bram_top/pcie_brams_rx/brams[0].ram/use_tdp.ramb36/PIPE_USERCLK1
    RAMB36_X1Y45         RAMB36E1                                     r  xdma_ddr3_i/xdma_0/inst/xdma_ddr3_xdma_0_0_pcie2_to_pcie3_wrapper_i/pcie2_ip_i/inst/inst/pcie_top_i/pcie_7x_i/pcie_bram_top/pcie_brams_rx/brams[0].ram/use_tdp.ramb36/genblk5_0.bram36_tdp_bl.bram36_tdp_bl/CLKBWRCLK
                         clock pessimism              0.318    10.223    
                         clock uncertainty           -0.065    10.159    
    RAMB36_X1Y45         RAMB36E1 (Setup_ramb36e1_CLKBWRCLK_ADDRBWRADDR[11])
                                                     -0.490     9.669    xdma_ddr3_i/xdma_0/inst/xdma_ddr3_xdma_0_0_pcie2_to_pcie3_wrapper_i/pcie2_ip_i/inst/inst/pcie_top_i/pcie_7x_i/pcie_bram_top/pcie_brams_rx/brams[0].ram/use_tdp.ramb36/genblk5_0.bram36_tdp_bl.bram36_tdp_bl
  -------------------------------------------------------------------
                         required time                          9.669    
                         arrival time                          -8.810    
  -------------------------------------------------------------------
                         slack                                  0.859    





Min Delay Paths
--------------------------------------------------------------------------------------
Slack (MET) :             0.122ns  (arrival time - required time)
  Source:                 xdma_ddr3_i/xdma_0/inst/xdma_ddr3_xdma_0_0_pcie2_to_pcie3_wrapper_i/pcie2_ip_i/inst/inst/pcie_top_i/pcie_7x_i/pcie_block_i/USERCLK
                            (rising edge-triggered cell PCIE_2_1 clocked by userclk1  {rise@0.000ns fall@2.000ns period=4.000ns})
  Destination:            xdma_ddr3_i/xdma_0/inst/xdma_ddr3_xdma_0_0_pcie2_to_pcie3_wrapper_i/pcie2_ip_i/inst/inst/pcie_top_i/pcie_7x_i/pcie_bram_top/pcie_brams_tx/brams[3].ram/use_tdp.ramb36/genblk5_0.bram36_tdp_bl.bram36_tdp_bl/DIADI[2]
                            (rising edge-triggered cell RAMB36E1 clocked by userclk1  {rise@0.000ns fall@2.000ns period=4.000ns})
  Path Group:             userclk1
  Path Type:              Hold (Min at Fast Process Corner)
  Requirement:            0.000ns  (userclk1 rise@0.000ns - userclk1 rise@0.000ns)
  Data Path Delay:        0.502ns  (logic 0.046ns (9.171%)  route 0.456ns (90.829%))
  Logic Levels:           0  
  Clock Path Skew:        0.083ns (DCD - SCD - CPR)
    Destination Clock Delay (DCD):    3.140ns
    Source Clock Delay      (SCD):    2.455ns
    Clock Pessimism Removal (CPR):    0.602ns

    Location             Delay type                Incr(ns)  Path(ns)    Netlist Resource(s)
  -------------------------------------------------------------------    -------------------
                         (clock userclk1 rise edge)
                                                      0.000     0.000 r  
    GTPE2_CHANNEL_X0Y4   GTPE2_CHANNEL                0.000     0.000 r  xdma_ddr3_i/xdma_0/inst/xdma_ddr3_xdma_0_0_pcie2_to_pcie3_wrapper_i/pcie2_ip_i/inst/inst/gt_top_i/pipe_wrapper_i/pipe_lane[0].gt_wrapper_i/gtp_channel.gtpe2_channel_i/TXOUTCLK
                         net (fo=1, routed)           0.492     0.492    xdma_ddr3_i/xdma_0/inst/xdma_ddr3_xdma_0_0_pcie2_to_pcie3_wrapper_i/pcie2_ip_i/inst/inst/gt_top_i/pipe_wrapper_i/pipe_clock_int.pipe_clock_i/txoutclk_i.txoutclk_i_0
    BUFGCTRL_X0Y17       BUFG (Prop_bufg_I_O)         0.026     0.518 r  xdma_ddr3_i/xdma_0/inst/xdma_ddr3_xdma_0_0_pcie2_to_pcie3_wrapper_i/pcie2_ip_i/inst/inst/gt_top_i/pipe_wrapper_i/pipe_clock_int.pipe_clock_i/txoutclk_i.txoutclk_i/O
                         net (fo=1, routed)           0.612     1.130    xdma_ddr3_i/xdma_0/inst/xdma_ddr3_xdma_0_0_pcie2_to_pcie3_wrapper_i/pcie2_ip_i/inst/inst/gt_top_i/pipe_wrapper_i/pipe_clock_int.pipe_clock_i/refclk
    MMCME2_ADV_X0Y2      MMCME2_ADV (Prop_mmcme2_adv_CLKIN1_CLKOUT2)
                                                      0.050     1.180 r  xdma_ddr3_i/xdma_0/inst/xdma_ddr3_xdma_0_0_pcie2_to_pcie3_wrapper_i/pcie2_ip_i/inst/inst/gt_top_i/pipe_wrapper_i/pipe_clock_int.pipe_clock_i/mmcm_i/CLKOUT2
                         net (fo=1, routed)           0.545     1.725    xdma_ddr3_i/xdma_0/inst/xdma_ddr3_xdma_0_0_pcie2_to_pcie3_wrapper_i/pcie2_ip_i/inst/inst/gt_top_i/pipe_wrapper_i/pipe_clock_int.pipe_clock_i/userclk1
    BUFGCTRL_X0Y4        BUFG (Prop_bufg_I_O)         0.026     1.751 r  xdma_ddr3_i/xdma_0/inst/xdma_ddr3_xdma_0_0_pcie2_to_pcie3_wrapper_i/pcie2_ip_i/inst/inst/gt_top_i/pipe_wrapper_i/pipe_clock_int.pipe_clock_i/userclk1_i1.usrclk1_i1/O
                         net (fo=17, routed)          0.704     2.455    xdma_ddr3_i/xdma_0/inst/xdma_ddr3_xdma_0_0_pcie2_to_pcie3_wrapper_i/pcie2_ip_i/inst/inst/pcie_top_i/pcie_7x_i/PIPE_USERCLK1
    PCIE_X0Y0            PCIE_2_1                                     r  xdma_ddr3_i/xdma_0/inst/xdma_ddr3_xdma_0_0_pcie2_to_pcie3_wrapper_i/pcie2_ip_i/inst/inst/pcie_top_i/pcie_7x_i/pcie_block_i/USERCLK
  -------------------------------------------------------------------    -------------------
    PCIE_X0Y0            PCIE_2_1 (Prop_pcie_2_1_USERCLK_MIMTXWDATA[56])
                                                      0.046     2.501 r  xdma_ddr3_i/xdma_0/inst/xdma_ddr3_xdma_0_0_pcie2_to_pcie3_wrapper_i/pcie2_ip_i/inst/inst/pcie_top_i/pcie_7x_i/pcie_block_i/MIMTXWDATA[56]
                         net (fo=1, routed)           0.456     2.956    xdma_ddr3_i/xdma_0/inst/xdma_ddr3_xdma_0_0_pcie2_to_pcie3_wrapper_i/pcie2_ip_i/inst/inst/pcie_top_i/pcie_7x_i/pcie_bram_top/pcie_brams_tx/brams[3].ram/use_tdp.ramb36/wdata[2]
    RAMB36_X1Y41         RAMB36E1                                     r  xdma_ddr3_i/xdma_0/inst/xdma_ddr3_xdma_0_0_pcie2_to_pcie3_wrapper_i/pcie2_ip_i/inst/inst/pcie_top_i/pcie_7x_i/pcie_bram_top/pcie_brams_tx/brams[3].ram/use_tdp.ramb36/genblk5_0.bram36_tdp_bl.bram36_tdp_bl/DIADI[2]
  -------------------------------------------------------------------    -------------------

                         (clock userclk1 rise edge)
                                                      0.000     0.000 r  
    GTPE2_CHANNEL_X0Y4   GTPE2_CHANNEL                0.000     0.000 r  xdma_ddr3_i/xdma_0/inst/xdma_ddr3_xdma_0_0_pcie2_to_pcie3_wrapper_i/pcie2_ip_i/inst/inst/gt_top_i/pipe_wrapper_i/pipe_lane[0].gt_wrapper_i/gtp_channel.gtpe2_channel_i/TXOUTCLK
                         net (fo=1, routed)           0.529     0.529    xdma_ddr3_i/xdma_0/inst/xdma_ddr3_xdma_0_0_pcie2_to_pcie3_wrapper_i/pcie2_ip_i/inst/inst/gt_top_i/pipe_wrapper_i/pipe_clock_int.pipe_clock_i/txoutclk_i.txoutclk_i_0
    BUFGCTRL_X0Y17       BUFG (Prop_bufg_I_O)         0.029     0.558 r  xdma_ddr3_i/xdma_0/inst/xdma_ddr3_xdma_0_0_pcie2_to_pcie3_wrapper_i/pcie2_ip_i/inst/inst/gt_top_i/pipe_wrapper_i/pipe_clock_int.pipe_clock_i/txoutclk_i.txoutclk_i/O
                         net (fo=1, routed)           0.881     1.438    xdma_ddr3_i/xdma_0/inst/xdma_ddr3_xdma_0_0_pcie2_to_pcie3_wrapper_i/pcie2_ip_i/inst/inst/gt_top_i/pipe_wrapper_i/pipe_clock_int.pipe_clock_i/refclk
    MMCME2_ADV_X0Y2      MMCME2_ADV (Prop_mmcme2_adv_CLKIN1_CLKOUT2)
                                                      0.053     1.491 r  xdma_ddr3_i/xdma_0/inst/xdma_ddr3_xdma_0_0_pcie2_to_pcie3_wrapper_i/pcie2_ip_i/inst/inst/gt_top_i/pipe_wrapper_i/pipe_clock_int.pipe_clock_i/mmcm_i/CLKOUT2
                         net (fo=1, routed)           0.595     2.086    xdma_ddr3_i/xdma_0/inst/xdma_ddr3_xdma_0_0_pcie2_to_pcie3_wrapper_i/pcie2_ip_i/inst/inst/gt_top_i/pipe_wrapper_i/pipe_clock_int.pipe_clock_i/userclk1
    BUFGCTRL_X0Y4        BUFG (Prop_bufg_I_O)         0.029     2.115 r  xdma_ddr3_i/xdma_0/inst/xdma_ddr3_xdma_0_0_pcie2_to_pcie3_wrapper_i/pcie2_ip_i/inst/inst/gt_top_i/pipe_wrapper_i/pipe_clock_int.pipe_clock_i/userclk1_i1.usrclk1_i1/O
                         net (fo=17, routed)          1.025     3.140    xdma_ddr3_i/xdma_0/inst/xdma_ddr3_xdma_0_0_pcie2_to_pcie3_wrapper_i/pcie2_ip_i/inst/inst/pcie_top_i/pcie_7x_i/pcie_bram_top/pcie_brams_tx/brams[3].ram/use_tdp.ramb36/PIPE_USERCLK1
    RAMB36_X1Y41         RAMB36E1                                     r  xdma_ddr3_i/xdma_0/inst/xdma_ddr3_xdma_0_0_pcie2_to_pcie3_wrapper_i/pcie2_ip_i/inst/inst/pcie_top_i/pcie_7x_i/pcie_bram_top/pcie_brams_tx/brams[3].ram/use_tdp.ramb36/genblk5_0.bram36_tdp_bl.bram36_tdp_bl/CLKARDCLK
                         clock pessimism             -0.602     2.538    
    RAMB36_X1Y41         RAMB36E1 (Hold_ramb36e1_CLKARDCLK_DIADI[2])
                                                      0.296     2.834    xdma_ddr3_i/xdma_0/inst/xdma_ddr3_xdma_0_0_pcie2_to_pcie3_wrapper_i/pcie2_ip_i/inst/inst/pcie_top_i/pcie_7x_i/pcie_bram_top/pcie_brams_tx/brams[3].ram/use_tdp.ramb36/genblk5_0.bram36_tdp_bl.bram36_tdp_bl
  -------------------------------------------------------------------
                         required time                         -2.834    
                         arrival time                           2.956    
  -------------------------------------------------------------------
                         slack                                  0.122    





Pulse Width Checks
--------------------------------------------------------------------------------------
Clock Name:         userclk1
Waveform(ns):       { 0.000 2.000 }
Period(ns):         4.000
Sources:            { xdma_ddr3_i/xdma_0/inst/xdma_ddr3_xdma_0_0_pcie2_to_pcie3_wrapper_i/pcie2_ip_i/inst/inst/gt_top_i/pipe_wrapper_i/pipe_clock_int.pipe_clock_i/mmcm_i/CLKOUT2 }

Check Type  Corner  Lib Pin             Reference Pin      Required(ns)  Actual(ns)  Slack(ns)  Location         Pin
Min Period  n/a     PCIE_2_1/USERCLK    n/a                4.000         4.000       0.000      PCIE_X0Y0        xdma_ddr3_i/xdma_0/inst/xdma_ddr3_xdma_0_0_pcie2_to_pcie3_wrapper_i/pcie2_ip_i/inst/inst/pcie_top_i/pcie_7x_i/pcie_block_i/USERCLK
Max Period  n/a     MMCME2_ADV/CLKOUT2  n/a                213.360       4.000       209.360    MMCME2_ADV_X0Y2  xdma_ddr3_i/xdma_0/inst/xdma_ddr3_xdma_0_0_pcie2_to_pcie3_wrapper_i/pcie2_ip_i/inst/inst/gt_top_i/pipe_wrapper_i/pipe_clock_int.pipe_clock_i/mmcm_i/CLKOUT2
Max Skew    Fast    PCIE_2_1/USERCLK    PCIE_2_1/USERCLK2  0.560         0.519       0.041      PCIE_X0Y0        xdma_ddr3_i/xdma_0/inst/xdma_ddr3_xdma_0_0_pcie2_to_pcie3_wrapper_i/pcie2_ip_i/inst/inst/pcie_top_i/pcie_7x_i/pcie_block_i/USERCLK



---------------------------------------------------------------------------------------------------
From Clock:  userclk2
  To Clock:  userclk2

Setup :            0  Failing Endpoints,  Worst Slack        0.459ns,  Total Violation        0.000ns
Hold  :            0  Failing Endpoints,  Worst Slack        0.034ns,  Total Violation        0.000ns
PW    :            0  Failing Endpoints,  Worst Slack        2.870ns,  Total Violation        0.000ns
---------------------------------------------------------------------------------------------------


Max Delay Paths
--------------------------------------------------------------------------------------
Slack (MET) :             0.459ns  (required time - arrival time)
  Source:                 xdma_ddr3_i/xdma_0/inst/udma_wrapper/dma_top/dma_enable.vul_dma/pcie_c2h_rst_3ff_reg[0]/C
                            (rising edge-triggered cell FDPE clocked by userclk2  {rise@0.000ns fall@4.000ns period=8.000ns})
  Destination:            xdma_ddr3_i/xdma_0/inst/udma_wrapper/dma_top/dma_enable.vul_dma/WR/gen_rdwr_loop[0].gen_rdwr_eng.RDWR_INST/dat_fifo_vld_102_reg/R
                            (rising edge-triggered cell FDRE clocked by userclk2  {rise@0.000ns fall@4.000ns period=8.000ns})
  Path Group:             userclk2
  Path Type:              Setup (Max at Slow Process Corner)
  Requirement:            8.000ns  (userclk2 rise@8.000ns - userclk2 rise@0.000ns)
  Data Path Delay:        7.003ns  (logic 0.379ns (5.412%)  route 6.624ns (94.588%))
  Logic Levels:           0  
  Clock Path Skew:        -0.043ns (DCD - SCD + CPR)
    Destination Clock Delay (DCD):    5.709ns = ( 13.709 - 8.000 ) 
    Source Clock Delay      (SCD):    6.003ns
    Clock Pessimism Removal (CPR):    0.251ns
  Clock Uncertainty:      0.071ns  ((TSJ^2 + DJ^2)^1/2) / 2 + PE
    Total System Jitter     (TSJ):    0.071ns
    Discrete Jitter          (DJ):    0.124ns
    Phase Error              (PE):    0.000ns

    Location             Delay type                Incr(ns)  Path(ns)    Netlist Resource(s)
  -------------------------------------------------------------------    -------------------
                         (clock userclk2 rise edge)
                                                      0.000     0.000 r  
    GTPE2_CHANNEL_X0Y4   GTPE2_CHANNEL                0.000     0.000 r  xdma_ddr3_i/xdma_0/inst/xdma_ddr3_xdma_0_0_pcie2_to_pcie3_wrapper_i/pcie2_ip_i/inst/inst/gt_top_i/pipe_wrapper_i/pipe_lane[0].gt_wrapper_i/gtp_channel.gtpe2_channel_i/TXOUTCLK
                         net (fo=1, routed)           1.274     1.274    xdma_ddr3_i/xdma_0/inst/xdma_ddr3_xdma_0_0_pcie2_to_pcie3_wrapper_i/pcie2_ip_i/inst/inst/gt_top_i/pipe_wrapper_i/pipe_clock_int.pipe_clock_i/txoutclk_i.txoutclk_i_0
    BUFGCTRL_X0Y17       BUFG (Prop_bufg_I_O)         0.081     1.355 r  xdma_ddr3_i/xdma_0/inst/xdma_ddr3_xdma_0_0_pcie2_to_pcie3_wrapper_i/pcie2_ip_i/inst/inst/gt_top_i/pipe_wrapper_i/pipe_clock_int.pipe_clock_i/txoutclk_i.txoutclk_i/O
                         net (fo=1, routed)           1.520     2.874    xdma_ddr3_i/xdma_0/inst/xdma_ddr3_xdma_0_0_pcie2_to_pcie3_wrapper_i/pcie2_ip_i/inst/inst/gt_top_i/pipe_wrapper_i/pipe_clock_int.pipe_clock_i/refclk
    MMCME2_ADV_X0Y2      MMCME2_ADV (Prop_mmcme2_adv_CLKIN1_CLKOUT3)
                                                      0.077     2.951 r  xdma_ddr3_i/xdma_0/inst/xdma_ddr3_xdma_0_0_pcie2_to_pcie3_wrapper_i/pcie2_ip_i/inst/inst/gt_top_i/pipe_wrapper_i/pipe_clock_int.pipe_clock_i/mmcm_i/CLKOUT3
                         net (fo=1, routed)           1.559     4.510    xdma_ddr3_i/xdma_0/inst/xdma_ddr3_xdma_0_0_pcie2_to_pcie3_wrapper_i/pcie2_ip_i/inst/inst/gt_top_i/pipe_wrapper_i/pipe_clock_int.pipe_clock_i/userclk2
    BUFGCTRL_X0Y0        BUFG (Prop_bufg_I_O)         0.081     4.591 r  xdma_ddr3_i/xdma_0/inst/xdma_ddr3_xdma_0_0_pcie2_to_pcie3_wrapper_i/pcie2_ip_i/inst/inst/gt_top_i/pipe_wrapper_i/pipe_clock_int.pipe_clock_i/userclk2_i1.usrclk2_i1/O
                         net (fo=37467, routed)       1.411     6.002    xdma_ddr3_i/xdma_0/inst/udma_wrapper/dma_top/dma_enable.vul_dma/user_clk
    SLICE_X130Y188       FDPE                                         r  xdma_ddr3_i/xdma_0/inst/udma_wrapper/dma_top/dma_enable.vul_dma/pcie_c2h_rst_3ff_reg[0]/C
  -------------------------------------------------------------------    -------------------
    SLICE_X130Y188       FDPE (Prop_fdpe_C_Q)         0.379     6.381 r  xdma_ddr3_i/xdma_0/inst/udma_wrapper/dma_top/dma_enable.vul_dma/pcie_c2h_rst_3ff_reg[0]/Q
                         net (fo=217, routed)         6.624    13.006    xdma_ddr3_i/xdma_0/inst/udma_wrapper/dma_top/dma_enable.vul_dma/WR/gen_rdwr_loop[0].gen_rdwr_eng.RDWR_INST/rrq_ld_901_reg_rep__5_0[0]
    SLICE_X40Y154        FDRE                                         r  xdma_ddr3_i/xdma_0/inst/udma_wrapper/dma_top/dma_enable.vul_dma/WR/gen_rdwr_loop[0].gen_rdwr_eng.RDWR_INST/dat_fifo_vld_102_reg/R
  -------------------------------------------------------------------    -------------------

                         (clock userclk2 rise edge)
                                                      8.000     8.000 r  
    GTPE2_CHANNEL_X0Y4   GTPE2_CHANNEL                0.000     8.000 r  xdma_ddr3_i/xdma_0/inst/xdma_ddr3_xdma_0_0_pcie2_to_pcie3_wrapper_i/pcie2_ip_i/inst/inst/gt_top_i/pipe_wrapper_i/pipe_lane[0].gt_wrapper_i/gtp_channel.gtpe2_channel_i/TXOUTCLK
                         net (fo=1, routed)           1.216     9.216    xdma_ddr3_i/xdma_0/inst/xdma_ddr3_xdma_0_0_pcie2_to_pcie3_wrapper_i/pcie2_ip_i/inst/inst/gt_top_i/pipe_wrapper_i/pipe_clock_int.pipe_clock_i/txoutclk_i.txoutclk_i_0
    BUFGCTRL_X0Y17       BUFG (Prop_bufg_I_O)         0.077     9.293 r  xdma_ddr3_i/xdma_0/inst/xdma_ddr3_xdma_0_0_pcie2_to_pcie3_wrapper_i/pcie2_ip_i/inst/inst/gt_top_i/pipe_wrapper_i/pipe_clock_int.pipe_clock_i/txoutclk_i.txoutclk_i/O
                         net (fo=1, routed)           1.417    10.710    xdma_ddr3_i/xdma_0/inst/xdma_ddr3_xdma_0_0_pcie2_to_pcie3_wrapper_i/pcie2_ip_i/inst/inst/gt_top_i/pipe_wrapper_i/pipe_clock_int.pipe_clock_i/refclk
    MMCME2_ADV_X0Y2      MMCME2_ADV (Prop_mmcme2_adv_CLKIN1_CLKOUT3)
                                                      0.073    10.783 r  xdma_ddr3_i/xdma_0/inst/xdma_ddr3_xdma_0_0_pcie2_to_pcie3_wrapper_i/pcie2_ip_i/inst/inst/gt_top_i/pipe_wrapper_i/pipe_clock_int.pipe_clock_i/mmcm_i/CLKOUT3
                         net (fo=1, routed)           1.488    12.270    xdma_ddr3_i/xdma_0/inst/xdma_ddr3_xdma_0_0_pcie2_to_pcie3_wrapper_i/pcie2_ip_i/inst/inst/gt_top_i/pipe_wrapper_i/pipe_clock_int.pipe_clock_i/userclk2
    BUFGCTRL_X0Y0        BUFG (Prop_bufg_I_O)         0.077    12.347 r  xdma_ddr3_i/xdma_0/inst/xdma_ddr3_xdma_0_0_pcie2_to_pcie3_wrapper_i/pcie2_ip_i/inst/inst/gt_top_i/pipe_wrapper_i/pipe_clock_int.pipe_clock_i/userclk2_i1.usrclk2_i1/O
                         net (fo=37467, routed)       1.361    13.709    xdma_ddr3_i/xdma_0/inst/udma_wrapper/dma_top/dma_enable.vul_dma/WR/gen_rdwr_loop[0].gen_rdwr_eng.RDWR_INST/user_clk
    SLICE_X40Y154        FDRE                                         r  xdma_ddr3_i/xdma_0/inst/udma_wrapper/dma_top/dma_enable.vul_dma/WR/gen_rdwr_loop[0].gen_rdwr_eng.RDWR_INST/dat_fifo_vld_102_reg/C
                         clock pessimism              0.251    13.959    
                         clock uncertainty           -0.071    13.888    
    SLICE_X40Y154        FDRE (Setup_fdre_C_R)       -0.423    13.465    xdma_ddr3_i/xdma_0/inst/udma_wrapper/dma_top/dma_enable.vul_dma/WR/gen_rdwr_loop[0].gen_rdwr_eng.RDWR_INST/dat_fifo_vld_102_reg
  -------------------------------------------------------------------
                         required time                         13.465    
                         arrival time                         -13.006    
  -------------------------------------------------------------------
                         slack                                  0.459    





Min Delay Paths
--------------------------------------------------------------------------------------
Slack (MET) :             0.034ns  (arrival time - required time)
  Source:                 xdma_ddr3_i/xdma_0/inst/udma_wrapper/dma_top/axi4mm_axi_mm_master_top_inst/axi4mm_axi_str_masterbr_rdtlp_inst/rdtlplength_0_ff_reg[2]/C
                            (rising edge-triggered cell FDRE clocked by userclk2  {rise@0.000ns fall@4.000ns period=8.000ns})
  Destination:            xdma_ddr3_i/xdma_0/inst/udma_wrapper/dma_top/axi4mm_bridge_top_inst/axi4mm_axi_mm_master_top_inst/axi4mm_axi_str_masterbr_rdtlp_inst/cplLenFirst_1_ff_reg[8]/D
                            (rising edge-triggered cell FDRE clocked by userclk2  {rise@0.000ns fall@4.000ns period=8.000ns})
  Path Group:             userclk2
  Path Type:              Hold (Min at Fast Process Corner)
  Requirement:            0.000ns  (userclk2 rise@0.000ns - userclk2 rise@0.000ns)
  Data Path Delay:        0.528ns  (logic 0.390ns (73.844%)  route 0.138ns (26.156%))
  Logic Levels:           4  (CARRY4=3 LUT3=1)
  Clock Path Skew:        0.360ns (DCD - SCD - CPR)
    Destination Clock Delay (DCD):    3.103ns
    Source Clock Delay      (SCD):    2.374ns
    Clock Pessimism Removal (CPR):    0.369ns

    Location             Delay type                Incr(ns)  Path(ns)    Netlist Resource(s)
  -------------------------------------------------------------------    -------------------
                         (clock userclk2 rise edge)
                                                      0.000     0.000 r  
    GTPE2_CHANNEL_X0Y4   GTPE2_CHANNEL                0.000     0.000 r  xdma_ddr3_i/xdma_0/inst/xdma_ddr3_xdma_0_0_pcie2_to_pcie3_wrapper_i/pcie2_ip_i/inst/inst/gt_top_i/pipe_wrapper_i/pipe_lane[0].gt_wrapper_i/gtp_channel.gtpe2_channel_i/TXOUTCLK
                         net (fo=1, routed)           0.492     0.492    xdma_ddr3_i/xdma_0/inst/xdma_ddr3_xdma_0_0_pcie2_to_pcie3_wrapper_i/pcie2_ip_i/inst/inst/gt_top_i/pipe_wrapper_i/pipe_clock_int.pipe_clock_i/txoutclk_i.txoutclk_i_0
    BUFGCTRL_X0Y17       BUFG (Prop_bufg_I_O)         0.026     0.518 r  xdma_ddr3_i/xdma_0/inst/xdma_ddr3_xdma_0_0_pcie2_to_pcie3_wrapper_i/pcie2_ip_i/inst/inst/gt_top_i/pipe_wrapper_i/pipe_clock_int.pipe_clock_i/txoutclk_i.txoutclk_i/O
                         net (fo=1, routed)           0.612     1.130    xdma_ddr3_i/xdma_0/inst/xdma_ddr3_xdma_0_0_pcie2_to_pcie3_wrapper_i/pcie2_ip_i/inst/inst/gt_top_i/pipe_wrapper_i/pipe_clock_int.pipe_clock_i/refclk
    MMCME2_ADV_X0Y2      MMCME2_ADV (Prop_mmcme2_adv_CLKIN1_CLKOUT3)
                                                      0.050     1.180 r  xdma_ddr3_i/xdma_0/inst/xdma_ddr3_xdma_0_0_pcie2_to_pcie3_wrapper_i/pcie2_ip_i/inst/inst/gt_top_i/pipe_wrapper_i/pipe_clock_int.pipe_clock_i/mmcm_i/CLKOUT3
                         net (fo=1, routed)           0.545     1.725    xdma_ddr3_i/xdma_0/inst/xdma_ddr3_xdma_0_0_pcie2_to_pcie3_wrapper_i/pcie2_ip_i/inst/inst/gt_top_i/pipe_wrapper_i/pipe_clock_int.pipe_clock_i/userclk2
    BUFGCTRL_X0Y0        BUFG (Prop_bufg_I_O)         0.026     1.751 r  xdma_ddr3_i/xdma_0/inst/xdma_ddr3_xdma_0_0_pcie2_to_pcie3_wrapper_i/pcie2_ip_i/inst/inst/gt_top_i/pipe_wrapper_i/pipe_clock_int.pipe_clock_i/userclk2_i1.usrclk2_i1/O
                         net (fo=37467, routed)       0.623     2.374    xdma_ddr3_i/xdma_0/inst/udma_wrapper/dma_top/user_clk
    SLICE_X21Y198        FDRE                                         r  xdma_ddr3_i/xdma_0/inst/udma_wrapper/dma_top/axi4mm_axi_mm_master_top_inst/axi4mm_axi_str_masterbr_rdtlp_inst/rdtlplength_0_ff_reg[2]/C
  -------------------------------------------------------------------    -------------------
    SLICE_X21Y198        FDRE (Prop_fdre_C_Q)         0.141     2.515 r  xdma_ddr3_i/xdma_0/inst/udma_wrapper/dma_top/axi4mm_axi_mm_master_top_inst/axi4mm_axi_str_masterbr_rdtlp_inst/rdtlplength_0_ff_reg[2]/Q
                         net (fo=1, routed)           0.137     2.652    xdma_ddr3_i/xdma_0/inst/udma_wrapper/dma_top/axi4mm_bridge_top_inst/axi4mm_axi_mm_master_top_inst/axi4mm_axi_str_masterbr_rdtlp_inst/rdtlplength_0_ff[2]
    SLICE_X20Y198        LUT3 (Prop_lut3_I1_O)        0.045     2.697 r  xdma_ddr3_i/xdma_0/inst/udma_wrapper/dma_top/axi4mm_bridge_top_inst/axi4mm_axi_mm_master_top_inst/axi4mm_axi_str_masterbr_rdtlp_inst/cplLenFirst_1_ff[3]_i_8/O
                         net (fo=1, routed)           0.000     2.697    xdma_ddr3_i/xdma_0/inst/udma_wrapper/dma_top_n_754
    SLICE_X20Y198        CARRY4 (Prop_carry4_S[2]_CO[3])
                                                      0.111     2.808 r  xdma_ddr3_i/xdma_0/inst/udma_wrapper/axi4mm_bridge_top_inst/axi4mm_axi_mm_master_top_inst/axi4mm_axi_str_masterbr_rdtlp_inst/cplLenFirst_1_ff_reg[3]_i_1/CO[3]
                         net (fo=1, routed)           0.000     2.808    xdma_ddr3_i/xdma_0/inst/udma_wrapper/axi4mm_bridge_top_inst/axi4mm_axi_mm_master_top_inst/axi4mm_axi_str_masterbr_rdtlp_inst/cplLenFirst_1_ff_reg[3]_i_1_n_0
    SLICE_X20Y199        CARRY4 (Prop_carry4_CI_CO[3])
                                                      0.040     2.848 r  xdma_ddr3_i/xdma_0/inst/udma_wrapper/axi4mm_bridge_top_inst/axi4mm_axi_mm_master_top_inst/axi4mm_axi_str_masterbr_rdtlp_inst/cplLenFirst_1_ff_reg[7]_i_1/CO[3]
                         net (fo=1, routed)           0.001     2.849    xdma_ddr3_i/xdma_0/inst/udma_wrapper/dma_top/axi4mm_bridge_top_inst/axi4mm_axi_mm_master_top_inst/axi4mm_axi_str_masterbr_rdtlp_inst/CO[0]
    SLICE_X20Y200        CARRY4 (Prop_carry4_CI_O[0])
                                                      0.053     2.902 r  xdma_ddr3_i/xdma_0/inst/udma_wrapper/dma_top/axi4mm_bridge_top_inst/axi4mm_axi_mm_master_top_inst/axi4mm_axi_str_masterbr_rdtlp_inst/cplLenFirst_1_ff_reg[9]_i_1/O[0]
                         net (fo=1, routed)           0.000     2.902    xdma_ddr3_i/xdma_0/inst/udma_wrapper/dma_top/axi4mm_bridge_top_inst/axi4mm_axi_mm_master_top_inst/axi4mm_axi_str_masterbr_rdtlp_inst/cplLenFirst_1_ff_reg[9]_i_1_n_7
    SLICE_X20Y200        FDRE                                         r  xdma_ddr3_i/xdma_0/inst/udma_wrapper/dma_top/axi4mm_bridge_top_inst/axi4mm_axi_mm_master_top_inst/axi4mm_axi_str_masterbr_rdtlp_inst/cplLenFirst_1_ff_reg[8]/D
  -------------------------------------------------------------------    -------------------

                         (clock userclk2 rise edge)
                                                      0.000     0.000 r  
    GTPE2_CHANNEL_X0Y4   GTPE2_CHANNEL                0.000     0.000 r  xdma_ddr3_i/xdma_0/inst/xdma_ddr3_xdma_0_0_pcie2_to_pcie3_wrapper_i/pcie2_ip_i/inst/inst/gt_top_i/pipe_wrapper_i/pipe_lane[0].gt_wrapper_i/gtp_channel.gtpe2_channel_i/TXOUTCLK
                         net (fo=1, routed)           0.529     0.529    xdma_ddr3_i/xdma_0/inst/xdma_ddr3_xdma_0_0_pcie2_to_pcie3_wrapper_i/pcie2_ip_i/inst/inst/gt_top_i/pipe_wrapper_i/pipe_clock_int.pipe_clock_i/txoutclk_i.txoutclk_i_0
    BUFGCTRL_X0Y17       BUFG (Prop_bufg_I_O)         0.029     0.558 r  xdma_ddr3_i/xdma_0/inst/xdma_ddr3_xdma_0_0_pcie2_to_pcie3_wrapper_i/pcie2_ip_i/inst/inst/gt_top_i/pipe_wrapper_i/pipe_clock_int.pipe_clock_i/txoutclk_i.txoutclk_i/O
                         net (fo=1, routed)           0.881     1.438    xdma_ddr3_i/xdma_0/inst/xdma_ddr3_xdma_0_0_pcie2_to_pcie3_wrapper_i/pcie2_ip_i/inst/inst/gt_top_i/pipe_wrapper_i/pipe_clock_int.pipe_clock_i/refclk
    MMCME2_ADV_X0Y2      MMCME2_ADV (Prop_mmcme2_adv_CLKIN1_CLKOUT3)
                                                      0.053     1.491 r  xdma_ddr3_i/xdma_0/inst/xdma_ddr3_xdma_0_0_pcie2_to_pcie3_wrapper_i/pcie2_ip_i/inst/inst/gt_top_i/pipe_wrapper_i/pipe_clock_int.pipe_clock_i/mmcm_i/CLKOUT3
                         net (fo=1, routed)           0.595     2.086    xdma_ddr3_i/xdma_0/inst/xdma_ddr3_xdma_0_0_pcie2_to_pcie3_wrapper_i/pcie2_ip_i/inst/inst/gt_top_i/pipe_wrapper_i/pipe_clock_int.pipe_clock_i/userclk2
    BUFGCTRL_X0Y0        BUFG (Prop_bufg_I_O)         0.029     2.115 r  xdma_ddr3_i/xdma_0/inst/xdma_ddr3_xdma_0_0_pcie2_to_pcie3_wrapper_i/pcie2_ip_i/inst/inst/gt_top_i/pipe_wrapper_i/pipe_clock_int.pipe_clock_i/userclk2_i1.usrclk2_i1/O
                         net (fo=37467, routed)       0.988     3.103    xdma_ddr3_i/xdma_0/inst/udma_wrapper/dma_top/axi4mm_bridge_top_inst/axi4mm_axi_mm_master_top_inst/axi4mm_axi_str_masterbr_rdtlp_inst/user_clk
    SLICE_X20Y200        FDRE                                         r  xdma_ddr3_i/xdma_0/inst/udma_wrapper/dma_top/axi4mm_bridge_top_inst/axi4mm_axi_mm_master_top_inst/axi4mm_axi_str_masterbr_rdtlp_inst/cplLenFirst_1_ff_reg[8]/C
                         clock pessimism             -0.369     2.734    
    SLICE_X20Y200        FDRE (Hold_fdre_C_D)         0.134     2.868    xdma_ddr3_i/xdma_0/inst/udma_wrapper/dma_top/axi4mm_bridge_top_inst/axi4mm_axi_mm_master_top_inst/axi4mm_axi_str_masterbr_rdtlp_inst/cplLenFirst_1_ff_reg[8]
  -------------------------------------------------------------------
                         required time                         -2.868    
                         arrival time                           2.902    
  -------------------------------------------------------------------
                         slack                                  0.034    





Pulse Width Checks
--------------------------------------------------------------------------------------
Clock Name:         userclk2
Waveform(ns):       { 0.000 4.000 }
Period(ns):         8.000
Sources:            { xdma_ddr3_i/xdma_0/inst/xdma_ddr3_xdma_0_0_pcie2_to_pcie3_wrapper_i/pcie2_ip_i/inst/inst/gt_top_i/pipe_wrapper_i/pipe_clock_int.pipe_clock_i/mmcm_i/CLKOUT3 }

Check Type        Corner  Lib Pin             Reference Pin  Required(ns)  Actual(ns)  Slack(ns)  Location         Pin
Min Period        n/a     PCIE_2_1/USERCLK2   n/a            4.000         8.000       4.000      PCIE_X0Y0        xdma_ddr3_i/xdma_0/inst/xdma_ddr3_xdma_0_0_pcie2_to_pcie3_wrapper_i/pcie2_ip_i/inst/inst/pcie_top_i/pcie_7x_i/pcie_block_i/USERCLK2
Max Period        n/a     MMCME2_ADV/CLKOUT3  n/a            213.360       8.000       205.360    MMCME2_ADV_X0Y2  xdma_ddr3_i/xdma_0/inst/xdma_ddr3_xdma_0_0_pcie2_to_pcie3_wrapper_i/pcie2_ip_i/inst/inst/gt_top_i/pipe_wrapper_i/pipe_clock_int.pipe_clock_i/mmcm_i/CLKOUT3
Low Pulse Width   Slow    RAMD32/CLK          n/a            1.130         4.000       2.870      SLICE_X48Y117    xdma_ddr3_i/axi_smc/inst/m00_nodes/m00_ar_node/inst/inst_mi_handler/gen_normal_area.inst_fifo_node_payld/gen_xpm_memory_fifo.inst_fifo/gen_mem_rep[0].inst_xpm_memory/xpm_memory_base_inst/gen_wr_a.gen_word_narrow.mem_reg_0_31_0_5/RAMA/CLK
High Pulse Width  Slow    RAMD32/CLK          n/a            1.130         4.000       2.870      SLICE_X48Y117    xdma_ddr3_i/axi_smc/inst/m00_nodes/m00_ar_node/inst/inst_mi_handler/gen_normal_area.inst_fifo_node_payld/gen_xpm_memory_fifo.inst_fifo/gen_mem_rep[0].inst_xpm_memory/xpm_memory_base_inst/gen_wr_a.gen_word_narrow.mem_reg_0_31_0_5/RAMA/CLK



---------------------------------------------------------------------------------------------------
From Clock:  clk_125mhz_mux_x0y0
  To Clock:  clk_125mhz_x0y0

Setup :            0  Failing Endpoints,  Worst Slack        5.308ns,  Total Violation        0.000ns
Hold  :            0  Failing Endpoints,  Worst Slack        0.340ns,  Total Violation        0.000ns
---------------------------------------------------------------------------------------------------


Max Delay Paths
--------------------------------------------------------------------------------------
Slack (MET) :             5.308ns  (required time - arrival time)
  Source:                 xdma_ddr3_i/xdma_0/inst/xdma_ddr3_xdma_0_0_pcie2_to_pcie3_wrapper_i/pcie2_ip_i/inst/inst/gt_top_i/pipe_wrapper_i/gtp_pipe_reset.gtp_pipe_reset_i/RST_DRP_X16_reg/C
                            (rising edge-triggered cell FDRE clocked by clk_125mhz_mux_x0y0  {rise@0.000ns fall@4.000ns period=8.000ns})
  Destination:            xdma_ddr3_i/xdma_0/inst/xdma_ddr3_xdma_0_0_pcie2_to_pcie3_wrapper_i/pcie2_ip_i/inst/inst/gt_top_i/pipe_wrapper_i/pipe_lane[3].gtp_pipe_drp.gtp_pipe_drp_i/x16_reg1_reg/D
                            (rising edge-triggered cell FDRE clocked by clk_125mhz_x0y0  {rise@0.000ns fall@4.000ns period=8.000ns})
  Path Group:             clk_125mhz_x0y0
  Path Type:              Setup (Max at Slow Process Corner)
  Requirement:            8.000ns  (clk_125mhz_x0y0 rise@8.000ns - clk_125mhz_mux_x0y0 rise@0.000ns)
  Data Path Delay:        2.233ns  (logic 0.555ns (24.859%)  route 1.678ns (75.141%))
  Logic Levels:           1  (LUT3=1)
  Clock Path Skew:        -0.178ns (DCD - SCD + CPR)
    Destination Clock Delay (DCD):    5.800ns = ( 13.800 - 8.000 ) 
    Source Clock Delay      (SCD):    6.147ns
    Clock Pessimism Removal (CPR):    0.169ns
  Clock Uncertainty:      0.071ns  ((TSJ^2 + DJ^2)^1/2) / 2 + PE
    Total System Jitter     (TSJ):    0.071ns
    Discrete Jitter          (DJ):    0.124ns
    Phase Error              (PE):    0.000ns

    Location             Delay type                Incr(ns)  Path(ns)    Netlist Resource(s)
  -------------------------------------------------------------------    -------------------
                         (clock clk_125mhz_mux_x0y0 rise edge)
                                                      0.000     0.000 r  
    GTPE2_CHANNEL_X0Y4   GTPE2_CHANNEL                0.000     0.000 r  xdma_ddr3_i/xdma_0/inst/xdma_ddr3_xdma_0_0_pcie2_to_pcie3_wrapper_i/pcie2_ip_i/inst/inst/gt_top_i/pipe_wrapper_i/pipe_lane[0].gt_wrapper_i/gtp_channel.gtpe2_channel_i/TXOUTCLK
                         net (fo=1, routed)           1.274     1.274    xdma_ddr3_i/xdma_0/inst/xdma_ddr3_xdma_0_0_pcie2_to_pcie3_wrapper_i/pcie2_ip_i/inst/inst/gt_top_i/pipe_wrapper_i/pipe_clock_int.pipe_clock_i/txoutclk_i.txoutclk_i_0
    BUFGCTRL_X0Y17       BUFG (Prop_bufg_I_O)         0.081     1.355 r  xdma_ddr3_i/xdma_0/inst/xdma_ddr3_xdma_0_0_pcie2_to_pcie3_wrapper_i/pcie2_ip_i/inst/inst/gt_top_i/pipe_wrapper_i/pipe_clock_int.pipe_clock_i/txoutclk_i.txoutclk_i/O
                         net (fo=1, routed)           1.520     2.874    xdma_ddr3_i/xdma_0/inst/xdma_ddr3_xdma_0_0_pcie2_to_pcie3_wrapper_i/pcie2_ip_i/inst/inst/gt_top_i/pipe_wrapper_i/pipe_clock_int.pipe_clock_i/refclk
    MMCME2_ADV_X0Y2      MMCME2_ADV (Prop_mmcme2_adv_CLKIN1_CLKOUT0)
                                                      0.077     2.951 r  xdma_ddr3_i/xdma_0/inst/xdma_ddr3_xdma_0_0_pcie2_to_pcie3_wrapper_i/pcie2_ip_i/inst/inst/gt_top_i/pipe_wrapper_i/pipe_clock_int.pipe_clock_i/mmcm_i/CLKOUT0
                         net (fo=2, routed)           1.559     4.510    xdma_ddr3_i/xdma_0/inst/xdma_ddr3_xdma_0_0_pcie2_to_pcie3_wrapper_i/pcie2_ip_i/inst/inst/gt_top_i/pipe_wrapper_i/pipe_clock_int.pipe_clock_i/clk_125mhz
    BUFGCTRL_X0Y2        BUFGCTRL (Prop_bufgctrl_I0_O)
                                                      0.081     4.591 r  xdma_ddr3_i/xdma_0/inst/xdma_ddr3_xdma_0_0_pcie2_to_pcie3_wrapper_i/pcie2_ip_i/inst/inst/gt_top_i/pipe_wrapper_i/pipe_clock_int.pipe_clock_i/pclk_i1_bufgctrl.pclk_i1/O
                         net (fo=1160, routed)        1.556     6.147    xdma_ddr3_i/xdma_0/inst/xdma_ddr3_xdma_0_0_pcie2_to_pcie3_wrapper_i/pcie2_ip_i/inst/inst/gt_top_i/pipe_wrapper_i/gtp_pipe_reset.gtp_pipe_reset_i/rate_idle_reg2_reg[3]_0
    SLICE_X44Y227        FDRE                                         r  xdma_ddr3_i/xdma_0/inst/xdma_ddr3_xdma_0_0_pcie2_to_pcie3_wrapper_i/pcie2_ip_i/inst/inst/gt_top_i/pipe_wrapper_i/gtp_pipe_reset.gtp_pipe_reset_i/RST_DRP_X16_reg/C
  -------------------------------------------------------------------    -------------------
    SLICE_X44Y227        FDRE (Prop_fdre_C_Q)         0.433     6.580 r  xdma_ddr3_i/xdma_0/inst/xdma_ddr3_xdma_0_0_pcie2_to_pcie3_wrapper_i/pcie2_ip_i/inst/inst/gt_top_i/pipe_wrapper_i/gtp_pipe_reset.gtp_pipe_reset_i/RST_DRP_X16_reg/Q
                         net (fo=4, routed)           1.054     7.635    xdma_ddr3_i/xdma_0/inst/xdma_ddr3_xdma_0_0_pcie2_to_pcie3_wrapper_i/pcie2_ip_i/inst/inst/gt_top_i/pipe_wrapper_i/pipe_lane[3].gtp_pipe_rate.gtp_pipe_rate_i/rst_drp_x16
    SLICE_X46Y239        LUT3 (Prop_lut3_I0_O)        0.122     7.757 r  xdma_ddr3_i/xdma_0/inst/xdma_ddr3_xdma_0_0_pcie2_to_pcie3_wrapper_i/pcie2_ip_i/inst/inst/gt_top_i/pipe_wrapper_i/pipe_lane[3].gtp_pipe_rate.gtp_pipe_rate_i/x16_reg1_i_1__2/O
                         net (fo=1, routed)           0.623     8.380    xdma_ddr3_i/xdma_0/inst/xdma_ddr3_xdma_0_0_pcie2_to_pcie3_wrapper_i/pcie2_ip_i/inst/inst/gt_top_i/pipe_wrapper_i/pipe_lane[3].gtp_pipe_drp.gtp_pipe_drp_i/DRP_X1608_out
    SLICE_X48Y245        FDRE                                         r  xdma_ddr3_i/xdma_0/inst/xdma_ddr3_xdma_0_0_pcie2_to_pcie3_wrapper_i/pcie2_ip_i/inst/inst/gt_top_i/pipe_wrapper_i/pipe_lane[3].gtp_pipe_drp.gtp_pipe_drp_i/x16_reg1_reg/D
  -------------------------------------------------------------------    -------------------

                         (clock clk_125mhz_x0y0 rise edge)
                                                      8.000     8.000 r  
    GTPE2_CHANNEL_X0Y4   GTPE2_CHANNEL                0.000     8.000 r  xdma_ddr3_i/xdma_0/inst/xdma_ddr3_xdma_0_0_pcie2_to_pcie3_wrapper_i/pcie2_ip_i/inst/inst/gt_top_i/pipe_wrapper_i/pipe_lane[0].gt_wrapper_i/gtp_channel.gtpe2_channel_i/TXOUTCLK
                         net (fo=1, routed)           1.216     9.216    xdma_ddr3_i/xdma_0/inst/xdma_ddr3_xdma_0_0_pcie2_to_pcie3_wrapper_i/pcie2_ip_i/inst/inst/gt_top_i/pipe_wrapper_i/pipe_clock_int.pipe_clock_i/txoutclk_i.txoutclk_i_0
    BUFGCTRL_X0Y17       BUFG (Prop_bufg_I_O)         0.077     9.293 r  xdma_ddr3_i/xdma_0/inst/xdma_ddr3_xdma_0_0_pcie2_to_pcie3_wrapper_i/pcie2_ip_i/inst/inst/gt_top_i/pipe_wrapper_i/pipe_clock_int.pipe_clock_i/txoutclk_i.txoutclk_i/O
                         net (fo=1, routed)           1.417    10.710    xdma_ddr3_i/xdma_0/inst/xdma_ddr3_xdma_0_0_pcie2_to_pcie3_wrapper_i/pcie2_ip_i/inst/inst/gt_top_i/pipe_wrapper_i/pipe_clock_int.pipe_clock_i/refclk
    MMCME2_ADV_X0Y2      MMCME2_ADV (Prop_mmcme2_adv_CLKIN1_CLKOUT0)
                                                      0.073    10.783 r  xdma_ddr3_i/xdma_0/inst/xdma_ddr3_xdma_0_0_pcie2_to_pcie3_wrapper_i/pcie2_ip_i/inst/inst/gt_top_i/pipe_wrapper_i/pipe_clock_int.pipe_clock_i/mmcm_i/CLKOUT0
                         net (fo=2, routed)           1.488    12.270    xdma_ddr3_i/xdma_0/inst/xdma_ddr3_xdma_0_0_pcie2_to_pcie3_wrapper_i/pcie2_ip_i/inst/inst/gt_top_i/pipe_wrapper_i/pipe_clock_int.pipe_clock_i/clk_125mhz
    BUFGCTRL_X0Y3        BUFG (Prop_bufg_I_O)         0.077    12.347 r  xdma_ddr3_i/xdma_0/inst/xdma_ddr3_xdma_0_0_pcie2_to_pcie3_wrapper_i/pcie2_ip_i/inst/inst/gt_top_i/pipe_wrapper_i/pipe_clock_int.pipe_clock_i/dclk_i_bufg.dclk_i/O
                         net (fo=337, routed)         1.453    13.800    xdma_ddr3_i/xdma_0/inst/xdma_ddr3_xdma_0_0_pcie2_to_pcie3_wrapper_i/pcie2_ip_i/inst/inst/gt_top_i/pipe_wrapper_i/pipe_lane[3].gtp_pipe_drp.gtp_pipe_drp_i/CLK
    SLICE_X48Y245        FDRE                                         r  xdma_ddr3_i/xdma_0/inst/xdma_ddr3_xdma_0_0_pcie2_to_pcie3_wrapper_i/pcie2_ip_i/inst/inst/gt_top_i/pipe_wrapper_i/pipe_lane[3].gtp_pipe_drp.gtp_pipe_drp_i/x16_reg1_reg/C
                         clock pessimism              0.169    13.969    
                         clock uncertainty           -0.071    13.898    
    SLICE_X48Y245        FDRE (Setup_fdre_C_D)       -0.210    13.688    xdma_ddr3_i/xdma_0/inst/xdma_ddr3_xdma_0_0_pcie2_to_pcie3_wrapper_i/pcie2_ip_i/inst/inst/gt_top_i/pipe_wrapper_i/pipe_lane[3].gtp_pipe_drp.gtp_pipe_drp_i/x16_reg1_reg
  -------------------------------------------------------------------
                         required time                         13.688    
                         arrival time                          -8.380    
  -------------------------------------------------------------------
                         slack                                  5.308    





Min Delay Paths
--------------------------------------------------------------------------------------
Slack (MET) :             0.340ns  (arrival time - required time)
  Source:                 xdma_ddr3_i/xdma_0/inst/xdma_ddr3_xdma_0_0_pcie2_to_pcie3_wrapper_i/pcie2_ip_i/inst/inst/gt_top_i/pipe_wrapper_i/qpll_reset.qpll_reset_i/FSM_onehot_fsm_reg[2]/C
                            (rising edge-triggered cell FDRE clocked by clk_125mhz_mux_x0y0  {rise@0.000ns fall@4.000ns period=8.000ns})
  Destination:            xdma_ddr3_i/xdma_0/inst/xdma_ddr3_xdma_0_0_pcie2_to_pcie3_wrapper_i/pcie2_ip_i/inst/inst/gt_top_i/pipe_wrapper_i/pipe_lane[0].pipe_quad.gt_common_enabled.gt_common_int.gt_common_i/qpll_drp_i/start_reg1_reg/D
                            (rising edge-triggered cell FDRE clocked by clk_125mhz_x0y0  {rise@0.000ns fall@4.000ns period=8.000ns})
  Path Group:             clk_125mhz_x0y0
  Path Type:              Hold (Min at Fast Process Corner)
  Requirement:            0.000ns  (clk_125mhz_x0y0 rise@0.000ns - clk_125mhz_mux_x0y0 rise@0.000ns)
  Data Path Delay:        0.710ns  (logic 0.141ns (19.866%)  route 0.569ns (80.134%))
  Logic Levels:           0  
  Clock Path Skew:        0.324ns (DCD - SCD - CPR)
    Destination Clock Delay (DCD):    3.079ns
    Source Clock Delay      (SCD):    2.444ns
    Clock Pessimism Removal (CPR):    0.311ns

    Location             Delay type                Incr(ns)  Path(ns)    Netlist Resource(s)
  -------------------------------------------------------------------    -------------------
                         (clock clk_125mhz_mux_x0y0 rise edge)
                                                      0.000     0.000 r  
    GTPE2_CHANNEL_X0Y4   GTPE2_CHANNEL                0.000     0.000 r  xdma_ddr3_i/xdma_0/inst/xdma_ddr3_xdma_0_0_pcie2_to_pcie3_wrapper_i/pcie2_ip_i/inst/inst/gt_top_i/pipe_wrapper_i/pipe_lane[0].gt_wrapper_i/gtp_channel.gtpe2_channel_i/TXOUTCLK
                         net (fo=1, routed)           0.492     0.492    xdma_ddr3_i/xdma_0/inst/xdma_ddr3_xdma_0_0_pcie2_to_pcie3_wrapper_i/pcie2_ip_i/inst/inst/gt_top_i/pipe_wrapper_i/pipe_clock_int.pipe_clock_i/txoutclk_i.txoutclk_i_0
    BUFGCTRL_X0Y17       BUFG (Prop_bufg_I_O)         0.026     0.518 r  xdma_ddr3_i/xdma_0/inst/xdma_ddr3_xdma_0_0_pcie2_to_pcie3_wrapper_i/pcie2_ip_i/inst/inst/gt_top_i/pipe_wrapper_i/pipe_clock_int.pipe_clock_i/txoutclk_i.txoutclk_i/O
                         net (fo=1, routed)           0.612     1.130    xdma_ddr3_i/xdma_0/inst/xdma_ddr3_xdma_0_0_pcie2_to_pcie3_wrapper_i/pcie2_ip_i/inst/inst/gt_top_i/pipe_wrapper_i/pipe_clock_int.pipe_clock_i/refclk
    MMCME2_ADV_X0Y2      MMCME2_ADV (Prop_mmcme2_adv_CLKIN1_CLKOUT0)
                                                      0.050     1.180 r  xdma_ddr3_i/xdma_0/inst/xdma_ddr3_xdma_0_0_pcie2_to_pcie3_wrapper_i/pcie2_ip_i/inst/inst/gt_top_i/pipe_wrapper_i/pipe_clock_int.pipe_clock_i/mmcm_i/CLKOUT0
                         net (fo=2, routed)           0.545     1.725    xdma_ddr3_i/xdma_0/inst/xdma_ddr3_xdma_0_0_pcie2_to_pcie3_wrapper_i/pcie2_ip_i/inst/inst/gt_top_i/pipe_wrapper_i/pipe_clock_int.pipe_clock_i/clk_125mhz
    BUFGCTRL_X0Y2        BUFGCTRL (Prop_bufgctrl_I0_O)
                                                      0.026     1.751 r  xdma_ddr3_i/xdma_0/inst/xdma_ddr3_xdma_0_0_pcie2_to_pcie3_wrapper_i/pcie2_ip_i/inst/inst/gt_top_i/pipe_wrapper_i/pipe_clock_int.pipe_clock_i/pclk_i1_bufgctrl.pclk_i1/O
                         net (fo=1160, routed)        0.693     2.444    xdma_ddr3_i/xdma_0/inst/xdma_ddr3_xdma_0_0_pcie2_to_pcie3_wrapper_i/pcie2_ip_i/inst/inst/gt_top_i/pipe_wrapper_i/qpll_reset.qpll_reset_i/mmcm_lock_reg1_reg_0
    SLICE_X37Y227        FDRE                                         r  xdma_ddr3_i/xdma_0/inst/xdma_ddr3_xdma_0_0_pcie2_to_pcie3_wrapper_i/pcie2_ip_i/inst/inst/gt_top_i/pipe_wrapper_i/qpll_reset.qpll_reset_i/FSM_onehot_fsm_reg[2]/C
  -------------------------------------------------------------------    -------------------
    SLICE_X37Y227        FDRE (Prop_fdre_C_Q)         0.141     2.585 r  xdma_ddr3_i/xdma_0/inst/xdma_ddr3_xdma_0_0_pcie2_to_pcie3_wrapper_i/pcie2_ip_i/inst/inst/gt_top_i/pipe_wrapper_i/qpll_reset.qpll_reset_i/FSM_onehot_fsm_reg[2]/Q
                         net (fo=2, routed)           0.569     3.154    xdma_ddr3_i/xdma_0/inst/xdma_ddr3_xdma_0_0_pcie2_to_pcie3_wrapper_i/pcie2_ip_i/inst/inst/gt_top_i/pipe_wrapper_i/pipe_lane[0].pipe_quad.gt_common_enabled.gt_common_int.gt_common_i/qpll_drp_i/QRST_DRP_START
    SLICE_X38Y227        FDRE                                         r  xdma_ddr3_i/xdma_0/inst/xdma_ddr3_xdma_0_0_pcie2_to_pcie3_wrapper_i/pcie2_ip_i/inst/inst/gt_top_i/pipe_wrapper_i/pipe_lane[0].pipe_quad.gt_common_enabled.gt_common_int.gt_common_i/qpll_drp_i/start_reg1_reg/D
  -------------------------------------------------------------------    -------------------

                         (clock clk_125mhz_x0y0 rise edge)
                                                      0.000     0.000 r  
    GTPE2_CHANNEL_X0Y4   GTPE2_CHANNEL                0.000     0.000 r  xdma_ddr3_i/xdma_0/inst/xdma_ddr3_xdma_0_0_pcie2_to_pcie3_wrapper_i/pcie2_ip_i/inst/inst/gt_top_i/pipe_wrapper_i/pipe_lane[0].gt_wrapper_i/gtp_channel.gtpe2_channel_i/TXOUTCLK
                         net (fo=1, routed)           0.529     0.529    xdma_ddr3_i/xdma_0/inst/xdma_ddr3_xdma_0_0_pcie2_to_pcie3_wrapper_i/pcie2_ip_i/inst/inst/gt_top_i/pipe_wrapper_i/pipe_clock_int.pipe_clock_i/txoutclk_i.txoutclk_i_0
    BUFGCTRL_X0Y17       BUFG (Prop_bufg_I_O)         0.029     0.558 r  xdma_ddr3_i/xdma_0/inst/xdma_ddr3_xdma_0_0_pcie2_to_pcie3_wrapper_i/pcie2_ip_i/inst/inst/gt_top_i/pipe_wrapper_i/pipe_clock_int.pipe_clock_i/txoutclk_i.txoutclk_i/O
                         net (fo=1, routed)           0.881     1.438    xdma_ddr3_i/xdma_0/inst/xdma_ddr3_xdma_0_0_pcie2_to_pcie3_wrapper_i/pcie2_ip_i/inst/inst/gt_top_i/pipe_wrapper_i/pipe_clock_int.pipe_clock_i/refclk
    MMCME2_ADV_X0Y2      MMCME2_ADV (Prop_mmcme2_adv_CLKIN1_CLKOUT0)
                                                      0.053     1.491 r  xdma_ddr3_i/xdma_0/inst/xdma_ddr3_xdma_0_0_pcie2_to_pcie3_wrapper_i/pcie2_ip_i/inst/inst/gt_top_i/pipe_wrapper_i/pipe_clock_int.pipe_clock_i/mmcm_i/CLKOUT0
                         net (fo=2, routed)           0.595     2.086    xdma_ddr3_i/xdma_0/inst/xdma_ddr3_xdma_0_0_pcie2_to_pcie3_wrapper_i/pcie2_ip_i/inst/inst/gt_top_i/pipe_wrapper_i/pipe_clock_int.pipe_clock_i/clk_125mhz
    BUFGCTRL_X0Y3        BUFG (Prop_bufg_I_O)         0.029     2.115 r  xdma_ddr3_i/xdma_0/inst/xdma_ddr3_xdma_0_0_pcie2_to_pcie3_wrapper_i/pcie2_ip_i/inst/inst/gt_top_i/pipe_wrapper_i/pipe_clock_int.pipe_clock_i/dclk_i_bufg.dclk_i/O
                         net (fo=337, routed)         0.964     3.079    xdma_ddr3_i/xdma_0/inst/xdma_ddr3_xdma_0_0_pcie2_to_pcie3_wrapper_i/pcie2_ip_i/inst/inst/gt_top_i/pipe_wrapper_i/pipe_lane[0].pipe_quad.gt_common_enabled.gt_common_int.gt_common_i/qpll_drp_i/CLK
    SLICE_X38Y227        FDRE                                         r  xdma_ddr3_i/xdma_0/inst/xdma_ddr3_xdma_0_0_pcie2_to_pcie3_wrapper_i/pcie2_ip_i/inst/inst/gt_top_i/pipe_wrapper_i/pipe_lane[0].pipe_quad.gt_common_enabled.gt_common_int.gt_common_i/qpll_drp_i/start_reg1_reg/C
                         clock pessimism             -0.311     2.768    
    SLICE_X38Y227        FDRE (Hold_fdre_C_D)         0.046     2.814    xdma_ddr3_i/xdma_0/inst/xdma_ddr3_xdma_0_0_pcie2_to_pcie3_wrapper_i/pcie2_ip_i/inst/inst/gt_top_i/pipe_wrapper_i/pipe_lane[0].pipe_quad.gt_common_enabled.gt_common_int.gt_common_i/qpll_drp_i/start_reg1_reg
  -------------------------------------------------------------------
                         required time                         -2.814    
                         arrival time                           3.154    
  -------------------------------------------------------------------
                         slack                                  0.340    





---------------------------------------------------------------------------------------------------
From Clock:  clk_250mhz_mux_x0y0
  To Clock:  clk_125mhz_x0y0

Setup :            0  Failing Endpoints,  Worst Slack        1.188ns,  Total Violation        0.000ns
Hold  :            0  Failing Endpoints,  Worst Slack        0.149ns,  Total Violation        0.000ns
---------------------------------------------------------------------------------------------------


Max Delay Paths
--------------------------------------------------------------------------------------
Slack (MET) :             1.188ns  (required time - arrival time)
  Source:                 xdma_ddr3_i/xdma_0/inst/xdma_ddr3_xdma_0_0_pcie2_to_pcie3_wrapper_i/pcie2_ip_i/inst/inst/gt_top_i/pipe_wrapper_i/gtp_pipe_reset.gtp_pipe_reset_i/RST_DRP_X16_reg/C
                            (rising edge-triggered cell FDRE clocked by clk_250mhz_mux_x0y0  {rise@0.000ns fall@2.000ns period=4.000ns})
  Destination:            xdma_ddr3_i/xdma_0/inst/xdma_ddr3_xdma_0_0_pcie2_to_pcie3_wrapper_i/pcie2_ip_i/inst/inst/gt_top_i/pipe_wrapper_i/pipe_lane[3].gtp_pipe_drp.gtp_pipe_drp_i/x16_reg1_reg/D
                            (rising edge-triggered cell FDRE clocked by clk_125mhz_x0y0  {rise@0.000ns fall@4.000ns period=8.000ns})
  Path Group:             clk_125mhz_x0y0
  Path Type:              Setup (Max at Slow Process Corner)
  Requirement:            4.000ns  (clk_125mhz_x0y0 rise@8.000ns - clk_250mhz_mux_x0y0 rise@4.000ns)
  Data Path Delay:        2.233ns  (logic 0.555ns (24.859%)  route 1.678ns (75.141%))
  Logic Levels:           1  (LUT3=1)
  Clock Path Skew:        -0.178ns (DCD - SCD + CPR)
    Destination Clock Delay (DCD):    5.800ns = ( 13.800 - 8.000 ) 
    Source Clock Delay      (SCD):    6.147ns = ( 10.147 - 4.000 ) 
    Clock Pessimism Removal (CPR):    0.169ns
  Clock Uncertainty:      0.191ns  ((TSJ^2 + DJ^2)^1/2) / 2 + PE
    Total System Jitter     (TSJ):    0.071ns
    Discrete Jitter          (DJ):    0.124ns
    Phase Error              (PE):    0.120ns

    Location             Delay type                Incr(ns)  Path(ns)    Netlist Resource(s)
  -------------------------------------------------------------------    -------------------
                         (clock clk_250mhz_mux_x0y0 rise edge)
                                                      4.000     4.000 r  
    GTPE2_CHANNEL_X0Y4   GTPE2_CHANNEL                0.000     4.000 r  xdma_ddr3_i/xdma_0/inst/xdma_ddr3_xdma_0_0_pcie2_to_pcie3_wrapper_i/pcie2_ip_i/inst/inst/gt_top_i/pipe_wrapper_i/pipe_lane[0].gt_wrapper_i/gtp_channel.gtpe2_channel_i/TXOUTCLK
                         net (fo=1, routed)           1.274     5.274    xdma_ddr3_i/xdma_0/inst/xdma_ddr3_xdma_0_0_pcie2_to_pcie3_wrapper_i/pcie2_ip_i/inst/inst/gt_top_i/pipe_wrapper_i/pipe_clock_int.pipe_clock_i/txoutclk_i.txoutclk_i_0
    BUFGCTRL_X0Y17       BUFG (Prop_bufg_I_O)         0.081     5.355 r  xdma_ddr3_i/xdma_0/inst/xdma_ddr3_xdma_0_0_pcie2_to_pcie3_wrapper_i/pcie2_ip_i/inst/inst/gt_top_i/pipe_wrapper_i/pipe_clock_int.pipe_clock_i/txoutclk_i.txoutclk_i/O
                         net (fo=1, routed)           1.520     6.874    xdma_ddr3_i/xdma_0/inst/xdma_ddr3_xdma_0_0_pcie2_to_pcie3_wrapper_i/pcie2_ip_i/inst/inst/gt_top_i/pipe_wrapper_i/pipe_clock_int.pipe_clock_i/refclk
    MMCME2_ADV_X0Y2      MMCME2_ADV (Prop_mmcme2_adv_CLKIN1_CLKOUT1)
                                                      0.077     6.951 r  xdma_ddr3_i/xdma_0/inst/xdma_ddr3_xdma_0_0_pcie2_to_pcie3_wrapper_i/pcie2_ip_i/inst/inst/gt_top_i/pipe_wrapper_i/pipe_clock_int.pipe_clock_i/mmcm_i/CLKOUT1
                         net (fo=1, routed)           1.559     8.510    xdma_ddr3_i/xdma_0/inst/xdma_ddr3_xdma_0_0_pcie2_to_pcie3_wrapper_i/pcie2_ip_i/inst/inst/gt_top_i/pipe_wrapper_i/pipe_clock_int.pipe_clock_i/clk_250mhz
    BUFGCTRL_X0Y2        BUFGCTRL (Prop_bufgctrl_I1_O)
                                                      0.081     8.591 r  xdma_ddr3_i/xdma_0/inst/xdma_ddr3_xdma_0_0_pcie2_to_pcie3_wrapper_i/pcie2_ip_i/inst/inst/gt_top_i/pipe_wrapper_i/pipe_clock_int.pipe_clock_i/pclk_i1_bufgctrl.pclk_i1/O
                         net (fo=1160, routed)        1.556    10.147    xdma_ddr3_i/xdma_0/inst/xdma_ddr3_xdma_0_0_pcie2_to_pcie3_wrapper_i/pcie2_ip_i/inst/inst/gt_top_i/pipe_wrapper_i/gtp_pipe_reset.gtp_pipe_reset_i/rate_idle_reg2_reg[3]_0
    SLICE_X44Y227        FDRE                                         r  xdma_ddr3_i/xdma_0/inst/xdma_ddr3_xdma_0_0_pcie2_to_pcie3_wrapper_i/pcie2_ip_i/inst/inst/gt_top_i/pipe_wrapper_i/gtp_pipe_reset.gtp_pipe_reset_i/RST_DRP_X16_reg/C
  -------------------------------------------------------------------    -------------------
    SLICE_X44Y227        FDRE (Prop_fdre_C_Q)         0.433    10.580 r  xdma_ddr3_i/xdma_0/inst/xdma_ddr3_xdma_0_0_pcie2_to_pcie3_wrapper_i/pcie2_ip_i/inst/inst/gt_top_i/pipe_wrapper_i/gtp_pipe_reset.gtp_pipe_reset_i/RST_DRP_X16_reg/Q
                         net (fo=4, routed)           1.054    11.635    xdma_ddr3_i/xdma_0/inst/xdma_ddr3_xdma_0_0_pcie2_to_pcie3_wrapper_i/pcie2_ip_i/inst/inst/gt_top_i/pipe_wrapper_i/pipe_lane[3].gtp_pipe_rate.gtp_pipe_rate_i/rst_drp_x16
    SLICE_X46Y239        LUT3 (Prop_lut3_I0_O)        0.122    11.757 r  xdma_ddr3_i/xdma_0/inst/xdma_ddr3_xdma_0_0_pcie2_to_pcie3_wrapper_i/pcie2_ip_i/inst/inst/gt_top_i/pipe_wrapper_i/pipe_lane[3].gtp_pipe_rate.gtp_pipe_rate_i/x16_reg1_i_1__2/O
                         net (fo=1, routed)           0.623    12.380    xdma_ddr3_i/xdma_0/inst/xdma_ddr3_xdma_0_0_pcie2_to_pcie3_wrapper_i/pcie2_ip_i/inst/inst/gt_top_i/pipe_wrapper_i/pipe_lane[3].gtp_pipe_drp.gtp_pipe_drp_i/DRP_X1608_out
    SLICE_X48Y245        FDRE                                         r  xdma_ddr3_i/xdma_0/inst/xdma_ddr3_xdma_0_0_pcie2_to_pcie3_wrapper_i/pcie2_ip_i/inst/inst/gt_top_i/pipe_wrapper_i/pipe_lane[3].gtp_pipe_drp.gtp_pipe_drp_i/x16_reg1_reg/D
  -------------------------------------------------------------------    -------------------

                         (clock clk_125mhz_x0y0 rise edge)
                                                      8.000     8.000 r  
    GTPE2_CHANNEL_X0Y4   GTPE2_CHANNEL                0.000     8.000 r  xdma_ddr3_i/xdma_0/inst/xdma_ddr3_xdma_0_0_pcie2_to_pcie3_wrapper_i/pcie2_ip_i/inst/inst/gt_top_i/pipe_wrapper_i/pipe_lane[0].gt_wrapper_i/gtp_channel.gtpe2_channel_i/TXOUTCLK
                         net (fo=1, routed)           1.216     9.216    xdma_ddr3_i/xdma_0/inst/xdma_ddr3_xdma_0_0_pcie2_to_pcie3_wrapper_i/pcie2_ip_i/inst/inst/gt_top_i/pipe_wrapper_i/pipe_clock_int.pipe_clock_i/txoutclk_i.txoutclk_i_0
    BUFGCTRL_X0Y17       BUFG (Prop_bufg_I_O)         0.077     9.293 r  xdma_ddr3_i/xdma_0/inst/xdma_ddr3_xdma_0_0_pcie2_to_pcie3_wrapper_i/pcie2_ip_i/inst/inst/gt_top_i/pipe_wrapper_i/pipe_clock_int.pipe_clock_i/txoutclk_i.txoutclk_i/O
                         net (fo=1, routed)           1.417    10.710    xdma_ddr3_i/xdma_0/inst/xdma_ddr3_xdma_0_0_pcie2_to_pcie3_wrapper_i/pcie2_ip_i/inst/inst/gt_top_i/pipe_wrapper_i/pipe_clock_int.pipe_clock_i/refclk
    MMCME2_ADV_X0Y2      MMCME2_ADV (Prop_mmcme2_adv_CLKIN1_CLKOUT0)
                                                      0.073    10.783 r  xdma_ddr3_i/xdma_0/inst/xdma_ddr3_xdma_0_0_pcie2_to_pcie3_wrapper_i/pcie2_ip_i/inst/inst/gt_top_i/pipe_wrapper_i/pipe_clock_int.pipe_clock_i/mmcm_i/CLKOUT0
                         net (fo=2, routed)           1.488    12.270    xdma_ddr3_i/xdma_0/inst/xdma_ddr3_xdma_0_0_pcie2_to_pcie3_wrapper_i/pcie2_ip_i/inst/inst/gt_top_i/pipe_wrapper_i/pipe_clock_int.pipe_clock_i/clk_125mhz
    BUFGCTRL_X0Y3        BUFG (Prop_bufg_I_O)         0.077    12.347 r  xdma_ddr3_i/xdma_0/inst/xdma_ddr3_xdma_0_0_pcie2_to_pcie3_wrapper_i/pcie2_ip_i/inst/inst/gt_top_i/pipe_wrapper_i/pipe_clock_int.pipe_clock_i/dclk_i_bufg.dclk_i/O
                         net (fo=337, routed)         1.453    13.800    xdma_ddr3_i/xdma_0/inst/xdma_ddr3_xdma_0_0_pcie2_to_pcie3_wrapper_i/pcie2_ip_i/inst/inst/gt_top_i/pipe_wrapper_i/pipe_lane[3].gtp_pipe_drp.gtp_pipe_drp_i/CLK
    SLICE_X48Y245        FDRE                                         r  xdma_ddr3_i/xdma_0/inst/xdma_ddr3_xdma_0_0_pcie2_to_pcie3_wrapper_i/pcie2_ip_i/inst/inst/gt_top_i/pipe_wrapper_i/pipe_lane[3].gtp_pipe_drp.gtp_pipe_drp_i/x16_reg1_reg/C
                         clock pessimism              0.169    13.969    
                         clock uncertainty           -0.191    13.778    
    SLICE_X48Y245        FDRE (Setup_fdre_C_D)       -0.210    13.568    xdma_ddr3_i/xdma_0/inst/xdma_ddr3_xdma_0_0_pcie2_to_pcie3_wrapper_i/pcie2_ip_i/inst/inst/gt_top_i/pipe_wrapper_i/pipe_lane[3].gtp_pipe_drp.gtp_pipe_drp_i/x16_reg1_reg
  -------------------------------------------------------------------
                         required time                         13.568    
                         arrival time                         -12.380    
  -------------------------------------------------------------------
                         slack                                  1.188    





Min Delay Paths
--------------------------------------------------------------------------------------
Slack (MET) :             0.149ns  (arrival time - required time)
  Source:                 xdma_ddr3_i/xdma_0/inst/xdma_ddr3_xdma_0_0_pcie2_to_pcie3_wrapper_i/pcie2_ip_i/inst/inst/gt_top_i/pipe_wrapper_i/qpll_reset.qpll_reset_i/FSM_onehot_fsm_reg[2]/C
                            (rising edge-triggered cell FDRE clocked by clk_250mhz_mux_x0y0  {rise@0.000ns fall@2.000ns period=4.000ns})
  Destination:            xdma_ddr3_i/xdma_0/inst/xdma_ddr3_xdma_0_0_pcie2_to_pcie3_wrapper_i/pcie2_ip_i/inst/inst/gt_top_i/pipe_wrapper_i/pipe_lane[0].pipe_quad.gt_common_enabled.gt_common_int.gt_common_i/qpll_drp_i/start_reg1_reg/D
                            (rising edge-triggered cell FDRE clocked by clk_125mhz_x0y0  {rise@0.000ns fall@4.000ns period=8.000ns})
  Path Group:             clk_125mhz_x0y0
  Path Type:              Hold (Min at Fast Process Corner)
  Requirement:            0.000ns  (clk_125mhz_x0y0 rise@0.000ns - clk_250mhz_mux_x0y0 rise@0.000ns)
  Data Path Delay:        0.710ns  (logic 0.141ns (19.866%)  route 0.569ns (80.134%))
  Logic Levels:           0  
  Clock Path Skew:        0.324ns (DCD - SCD - CPR)
    Destination Clock Delay (DCD):    3.079ns
    Source Clock Delay      (SCD):    2.444ns
    Clock Pessimism Removal (CPR):    0.311ns
  Clock Uncertainty:      0.191ns  ((TSJ^2 + DJ^2)^1/2) / 2 + PE
    Total System Jitter     (TSJ):    0.071ns
    Discrete Jitter          (DJ):    0.124ns
    Phase Error              (PE):    0.120ns

    Location             Delay type                Incr(ns)  Path(ns)    Netlist Resource(s)
  -------------------------------------------------------------------    -------------------
                         (clock clk_250mhz_mux_x0y0 rise edge)
                                                      0.000     0.000 r  
    GTPE2_CHANNEL_X0Y4   GTPE2_CHANNEL                0.000     0.000 r  xdma_ddr3_i/xdma_0/inst/xdma_ddr3_xdma_0_0_pcie2_to_pcie3_wrapper_i/pcie2_ip_i/inst/inst/gt_top_i/pipe_wrapper_i/pipe_lane[0].gt_wrapper_i/gtp_channel.gtpe2_channel_i/TXOUTCLK
                         net (fo=1, routed)           0.492     0.492    xdma_ddr3_i/xdma_0/inst/xdma_ddr3_xdma_0_0_pcie2_to_pcie3_wrapper_i/pcie2_ip_i/inst/inst/gt_top_i/pipe_wrapper_i/pipe_clock_int.pipe_clock_i/txoutclk_i.txoutclk_i_0
    BUFGCTRL_X0Y17       BUFG (Prop_bufg_I_O)         0.026     0.518 r  xdma_ddr3_i/xdma_0/inst/xdma_ddr3_xdma_0_0_pcie2_to_pcie3_wrapper_i/pcie2_ip_i/inst/inst/gt_top_i/pipe_wrapper_i/pipe_clock_int.pipe_clock_i/txoutclk_i.txoutclk_i/O
                         net (fo=1, routed)           0.612     1.130    xdma_ddr3_i/xdma_0/inst/xdma_ddr3_xdma_0_0_pcie2_to_pcie3_wrapper_i/pcie2_ip_i/inst/inst/gt_top_i/pipe_wrapper_i/pipe_clock_int.pipe_clock_i/refclk
    MMCME2_ADV_X0Y2      MMCME2_ADV (Prop_mmcme2_adv_CLKIN1_CLKOUT1)
                                                      0.050     1.180 r  xdma_ddr3_i/xdma_0/inst/xdma_ddr3_xdma_0_0_pcie2_to_pcie3_wrapper_i/pcie2_ip_i/inst/inst/gt_top_i/pipe_wrapper_i/pipe_clock_int.pipe_clock_i/mmcm_i/CLKOUT1
                         net (fo=1, routed)           0.545     1.725    xdma_ddr3_i/xdma_0/inst/xdma_ddr3_xdma_0_0_pcie2_to_pcie3_wrapper_i/pcie2_ip_i/inst/inst/gt_top_i/pipe_wrapper_i/pipe_clock_int.pipe_clock_i/clk_250mhz
    BUFGCTRL_X0Y2        BUFGCTRL (Prop_bufgctrl_I1_O)
                                                      0.026     1.751 r  xdma_ddr3_i/xdma_0/inst/xdma_ddr3_xdma_0_0_pcie2_to_pcie3_wrapper_i/pcie2_ip_i/inst/inst/gt_top_i/pipe_wrapper_i/pipe_clock_int.pipe_clock_i/pclk_i1_bufgctrl.pclk_i1/O
                         net (fo=1160, routed)        0.693     2.444    xdma_ddr3_i/xdma_0/inst/xdma_ddr3_xdma_0_0_pcie2_to_pcie3_wrapper_i/pcie2_ip_i/inst/inst/gt_top_i/pipe_wrapper_i/qpll_reset.qpll_reset_i/mmcm_lock_reg1_reg_0
    SLICE_X37Y227        FDRE                                         r  xdma_ddr3_i/xdma_0/inst/xdma_ddr3_xdma_0_0_pcie2_to_pcie3_wrapper_i/pcie2_ip_i/inst/inst/gt_top_i/pipe_wrapper_i/qpll_reset.qpll_reset_i/FSM_onehot_fsm_reg[2]/C
  -------------------------------------------------------------------    -------------------
    SLICE_X37Y227        FDRE (Prop_fdre_C_Q)         0.141     2.585 r  xdma_ddr3_i/xdma_0/inst/xdma_ddr3_xdma_0_0_pcie2_to_pcie3_wrapper_i/pcie2_ip_i/inst/inst/gt_top_i/pipe_wrapper_i/qpll_reset.qpll_reset_i/FSM_onehot_fsm_reg[2]/Q
                         net (fo=2, routed)           0.569     3.154    xdma_ddr3_i/xdma_0/inst/xdma_ddr3_xdma_0_0_pcie2_to_pcie3_wrapper_i/pcie2_ip_i/inst/inst/gt_top_i/pipe_wrapper_i/pipe_lane[0].pipe_quad.gt_common_enabled.gt_common_int.gt_common_i/qpll_drp_i/QRST_DRP_START
    SLICE_X38Y227        FDRE                                         r  xdma_ddr3_i/xdma_0/inst/xdma_ddr3_xdma_0_0_pcie2_to_pcie3_wrapper_i/pcie2_ip_i/inst/inst/gt_top_i/pipe_wrapper_i/pipe_lane[0].pipe_quad.gt_common_enabled.gt_common_int.gt_common_i/qpll_drp_i/start_reg1_reg/D
  -------------------------------------------------------------------    -------------------

                         (clock clk_125mhz_x0y0 rise edge)
                                                      0.000     0.000 r  
    GTPE2_CHANNEL_X0Y4   GTPE2_CHANNEL                0.000     0.000 r  xdma_ddr3_i/xdma_0/inst/xdma_ddr3_xdma_0_0_pcie2_to_pcie3_wrapper_i/pcie2_ip_i/inst/inst/gt_top_i/pipe_wrapper_i/pipe_lane[0].gt_wrapper_i/gtp_channel.gtpe2_channel_i/TXOUTCLK
                         net (fo=1, routed)           0.529     0.529    xdma_ddr3_i/xdma_0/inst/xdma_ddr3_xdma_0_0_pcie2_to_pcie3_wrapper_i/pcie2_ip_i/inst/inst/gt_top_i/pipe_wrapper_i/pipe_clock_int.pipe_clock_i/txoutclk_i.txoutclk_i_0
    BUFGCTRL_X0Y17       BUFG (Prop_bufg_I_O)         0.029     0.558 r  xdma_ddr3_i/xdma_0/inst/xdma_ddr3_xdma_0_0_pcie2_to_pcie3_wrapper_i/pcie2_ip_i/inst/inst/gt_top_i/pipe_wrapper_i/pipe_clock_int.pipe_clock_i/txoutclk_i.txoutclk_i/O
                         net (fo=1, routed)           0.881     1.438    xdma_ddr3_i/xdma_0/inst/xdma_ddr3_xdma_0_0_pcie2_to_pcie3_wrapper_i/pcie2_ip_i/inst/inst/gt_top_i/pipe_wrapper_i/pipe_clock_int.pipe_clock_i/refclk
    MMCME2_ADV_X0Y2      MMCME2_ADV (Prop_mmcme2_adv_CLKIN1_CLKOUT0)
                                                      0.053     1.491 r  xdma_ddr3_i/xdma_0/inst/xdma_ddr3_xdma_0_0_pcie2_to_pcie3_wrapper_i/pcie2_ip_i/inst/inst/gt_top_i/pipe_wrapper_i/pipe_clock_int.pipe_clock_i/mmcm_i/CLKOUT0
                         net (fo=2, routed)           0.595     2.086    xdma_ddr3_i/xdma_0/inst/xdma_ddr3_xdma_0_0_pcie2_to_pcie3_wrapper_i/pcie2_ip_i/inst/inst/gt_top_i/pipe_wrapper_i/pipe_clock_int.pipe_clock_i/clk_125mhz
    BUFGCTRL_X0Y3        BUFG (Prop_bufg_I_O)         0.029     2.115 r  xdma_ddr3_i/xdma_0/inst/xdma_ddr3_xdma_0_0_pcie2_to_pcie3_wrapper_i/pcie2_ip_i/inst/inst/gt_top_i/pipe_wrapper_i/pipe_clock_int.pipe_clock_i/dclk_i_bufg.dclk_i/O
                         net (fo=337, routed)         0.964     3.079    xdma_ddr3_i/xdma_0/inst/xdma_ddr3_xdma_0_0_pcie2_to_pcie3_wrapper_i/pcie2_ip_i/inst/inst/gt_top_i/pipe_wrapper_i/pipe_lane[0].pipe_quad.gt_common_enabled.gt_common_int.gt_common_i/qpll_drp_i/CLK
    SLICE_X38Y227        FDRE                                         r  xdma_ddr3_i/xdma_0/inst/xdma_ddr3_xdma_0_0_pcie2_to_pcie3_wrapper_i/pcie2_ip_i/inst/inst/gt_top_i/pipe_wrapper_i/pipe_lane[0].pipe_quad.gt_common_enabled.gt_common_int.gt_common_i/qpll_drp_i/start_reg1_reg/C
                         clock pessimism             -0.311     2.768    
                         clock uncertainty            0.191     2.959    
    SLICE_X38Y227        FDRE (Hold_fdre_C_D)         0.046     3.005    xdma_ddr3_i/xdma_0/inst/xdma_ddr3_xdma_0_0_pcie2_to_pcie3_wrapper_i/pcie2_ip_i/inst/inst/gt_top_i/pipe_wrapper_i/pipe_lane[0].pipe_quad.gt_common_enabled.gt_common_int.gt_common_i/qpll_drp_i/start_reg1_reg
  -------------------------------------------------------------------
                         required time                         -3.005    
                         arrival time                           3.154    
  -------------------------------------------------------------------
                         slack                                  0.149    





---------------------------------------------------------------------------------------------------
From Clock:  clk_125mhz_x0y0
  To Clock:  clk_125mhz_mux_x0y0

Setup :            0  Failing Endpoints,  Worst Slack        5.186ns,  Total Violation        0.000ns
Hold  :            0  Failing Endpoints,  Worst Slack        0.320ns,  Total Violation        0.000ns
---------------------------------------------------------------------------------------------------


Max Delay Paths
--------------------------------------------------------------------------------------
Slack (MET) :             5.186ns  (required time - arrival time)
  Source:                 xdma_ddr3_i/xdma_0/inst/xdma_ddr3_xdma_0_0_pcie2_to_pcie3_wrapper_i/pcie2_ip_i/inst/inst/gt_top_i/pipe_wrapper_i/pipe_lane[0].gtp_pipe_drp.gtp_pipe_drp_i/done_reg/C
                            (rising edge-triggered cell FDSE clocked by clk_125mhz_x0y0  {rise@0.000ns fall@4.000ns period=8.000ns})
  Destination:            xdma_ddr3_i/xdma_0/inst/xdma_ddr3_xdma_0_0_pcie2_to_pcie3_wrapper_i/pcie2_ip_i/inst/inst/gt_top_i/pipe_wrapper_i/gtp_pipe_reset.gtp_pipe_reset_i/drp_done_reg1_reg[0]/D
                            (rising edge-triggered cell FDRE clocked by clk_125mhz_mux_x0y0  {rise@0.000ns fall@4.000ns period=8.000ns})
  Path Group:             clk_125mhz_mux_x0y0
  Path Type:              Setup (Max at Slow Process Corner)
  Requirement:            8.000ns  (clk_125mhz_mux_x0y0 rise@8.000ns - clk_125mhz_x0y0 rise@0.000ns)
  Data Path Delay:        2.683ns  (logic 0.379ns (14.124%)  route 2.304ns (85.876%))
  Logic Levels:           0  
  Clock Path Skew:        -0.031ns (DCD - SCD + CPR)
    Destination Clock Delay (DCD):    5.789ns = ( 13.789 - 8.000 ) 
    Source Clock Delay      (SCD):    5.989ns
    Clock Pessimism Removal (CPR):    0.169ns
  Clock Uncertainty:      0.071ns  ((TSJ^2 + DJ^2)^1/2) / 2 + PE
    Total System Jitter     (TSJ):    0.071ns
    Discrete Jitter          (DJ):    0.124ns
    Phase Error              (PE):    0.000ns

    Location             Delay type                Incr(ns)  Path(ns)    Netlist Resource(s)
  -------------------------------------------------------------------    -------------------
                         (clock clk_125mhz_x0y0 rise edge)
                                                      0.000     0.000 r  
    GTPE2_CHANNEL_X0Y4   GTPE2_CHANNEL                0.000     0.000 r  xdma_ddr3_i/xdma_0/inst/xdma_ddr3_xdma_0_0_pcie2_to_pcie3_wrapper_i/pcie2_ip_i/inst/inst/gt_top_i/pipe_wrapper_i/pipe_lane[0].gt_wrapper_i/gtp_channel.gtpe2_channel_i/TXOUTCLK
                         net (fo=1, routed)           1.274     1.274    xdma_ddr3_i/xdma_0/inst/xdma_ddr3_xdma_0_0_pcie2_to_pcie3_wrapper_i/pcie2_ip_i/inst/inst/gt_top_i/pipe_wrapper_i/pipe_clock_int.pipe_clock_i/txoutclk_i.txoutclk_i_0
    BUFGCTRL_X0Y17       BUFG (Prop_bufg_I_O)         0.081     1.355 r  xdma_ddr3_i/xdma_0/inst/xdma_ddr3_xdma_0_0_pcie2_to_pcie3_wrapper_i/pcie2_ip_i/inst/inst/gt_top_i/pipe_wrapper_i/pipe_clock_int.pipe_clock_i/txoutclk_i.txoutclk_i/O
                         net (fo=1, routed)           1.520     2.874    xdma_ddr3_i/xdma_0/inst/xdma_ddr3_xdma_0_0_pcie2_to_pcie3_wrapper_i/pcie2_ip_i/inst/inst/gt_top_i/pipe_wrapper_i/pipe_clock_int.pipe_clock_i/refclk
    MMCME2_ADV_X0Y2      MMCME2_ADV (Prop_mmcme2_adv_CLKIN1_CLKOUT0)
                                                      0.077     2.951 r  xdma_ddr3_i/xdma_0/inst/xdma_ddr3_xdma_0_0_pcie2_to_pcie3_wrapper_i/pcie2_ip_i/inst/inst/gt_top_i/pipe_wrapper_i/pipe_clock_int.pipe_clock_i/mmcm_i/CLKOUT0
                         net (fo=2, routed)           1.559     4.510    xdma_ddr3_i/xdma_0/inst/xdma_ddr3_xdma_0_0_pcie2_to_pcie3_wrapper_i/pcie2_ip_i/inst/inst/gt_top_i/pipe_wrapper_i/pipe_clock_int.pipe_clock_i/clk_125mhz
    BUFGCTRL_X0Y3        BUFG (Prop_bufg_I_O)         0.081     4.591 r  xdma_ddr3_i/xdma_0/inst/xdma_ddr3_xdma_0_0_pcie2_to_pcie3_wrapper_i/pcie2_ip_i/inst/inst/gt_top_i/pipe_wrapper_i/pipe_clock_int.pipe_clock_i/dclk_i_bufg.dclk_i/O
                         net (fo=337, routed)         1.397     5.988    xdma_ddr3_i/xdma_0/inst/xdma_ddr3_xdma_0_0_pcie2_to_pcie3_wrapper_i/pcie2_ip_i/inst/inst/gt_top_i/pipe_wrapper_i/pipe_lane[0].gtp_pipe_drp.gtp_pipe_drp_i/CLK
    SLICE_X57Y199        FDSE                                         r  xdma_ddr3_i/xdma_0/inst/xdma_ddr3_xdma_0_0_pcie2_to_pcie3_wrapper_i/pcie2_ip_i/inst/inst/gt_top_i/pipe_wrapper_i/pipe_lane[0].gtp_pipe_drp.gtp_pipe_drp_i/done_reg/C
  -------------------------------------------------------------------    -------------------
    SLICE_X57Y199        FDSE (Prop_fdse_C_Q)         0.379     6.367 r  xdma_ddr3_i/xdma_0/inst/xdma_ddr3_xdma_0_0_pcie2_to_pcie3_wrapper_i/pcie2_ip_i/inst/inst/gt_top_i/pipe_wrapper_i/pipe_lane[0].gtp_pipe_drp.gtp_pipe_drp_i/done_reg/Q
                         net (fo=2, routed)           2.304     8.672    xdma_ddr3_i/xdma_0/inst/xdma_ddr3_xdma_0_0_pcie2_to_pcie3_wrapper_i/pcie2_ip_i/inst/inst/gt_top_i/pipe_wrapper_i/gtp_pipe_reset.gtp_pipe_reset_i/drp_done_reg1_reg[3]_0[0]
    SLICE_X44Y227        FDRE                                         r  xdma_ddr3_i/xdma_0/inst/xdma_ddr3_xdma_0_0_pcie2_to_pcie3_wrapper_i/pcie2_ip_i/inst/inst/gt_top_i/pipe_wrapper_i/gtp_pipe_reset.gtp_pipe_reset_i/drp_done_reg1_reg[0]/D
  -------------------------------------------------------------------    -------------------

                         (clock clk_125mhz_mux_x0y0 rise edge)
                                                      8.000     8.000 r  
    GTPE2_CHANNEL_X0Y4   GTPE2_CHANNEL                0.000     8.000 r  xdma_ddr3_i/xdma_0/inst/xdma_ddr3_xdma_0_0_pcie2_to_pcie3_wrapper_i/pcie2_ip_i/inst/inst/gt_top_i/pipe_wrapper_i/pipe_lane[0].gt_wrapper_i/gtp_channel.gtpe2_channel_i/TXOUTCLK
                         net (fo=1, routed)           1.216     9.216    xdma_ddr3_i/xdma_0/inst/xdma_ddr3_xdma_0_0_pcie2_to_pcie3_wrapper_i/pcie2_ip_i/inst/inst/gt_top_i/pipe_wrapper_i/pipe_clock_int.pipe_clock_i/txoutclk_i.txoutclk_i_0
    BUFGCTRL_X0Y17       BUFG (Prop_bufg_I_O)         0.077     9.293 r  xdma_ddr3_i/xdma_0/inst/xdma_ddr3_xdma_0_0_pcie2_to_pcie3_wrapper_i/pcie2_ip_i/inst/inst/gt_top_i/pipe_wrapper_i/pipe_clock_int.pipe_clock_i/txoutclk_i.txoutclk_i/O
                         net (fo=1, routed)           1.417    10.710    xdma_ddr3_i/xdma_0/inst/xdma_ddr3_xdma_0_0_pcie2_to_pcie3_wrapper_i/pcie2_ip_i/inst/inst/gt_top_i/pipe_wrapper_i/pipe_clock_int.pipe_clock_i/refclk
    MMCME2_ADV_X0Y2      MMCME2_ADV (Prop_mmcme2_adv_CLKIN1_CLKOUT0)
                                                      0.073    10.783 r  xdma_ddr3_i/xdma_0/inst/xdma_ddr3_xdma_0_0_pcie2_to_pcie3_wrapper_i/pcie2_ip_i/inst/inst/gt_top_i/pipe_wrapper_i/pipe_clock_int.pipe_clock_i/mmcm_i/CLKOUT0
                         net (fo=2, routed)           1.488    12.270    xdma_ddr3_i/xdma_0/inst/xdma_ddr3_xdma_0_0_pcie2_to_pcie3_wrapper_i/pcie2_ip_i/inst/inst/gt_top_i/pipe_wrapper_i/pipe_clock_int.pipe_clock_i/clk_125mhz
    BUFGCTRL_X0Y2        BUFGCTRL (Prop_bufgctrl_I0_O)
                                                      0.077    12.347 r  xdma_ddr3_i/xdma_0/inst/xdma_ddr3_xdma_0_0_pcie2_to_pcie3_wrapper_i/pcie2_ip_i/inst/inst/gt_top_i/pipe_wrapper_i/pipe_clock_int.pipe_clock_i/pclk_i1_bufgctrl.pclk_i1/O
                         net (fo=1160, routed)        1.442    13.789    xdma_ddr3_i/xdma_0/inst/xdma_ddr3_xdma_0_0_pcie2_to_pcie3_wrapper_i/pcie2_ip_i/inst/inst/gt_top_i/pipe_wrapper_i/gtp_pipe_reset.gtp_pipe_reset_i/rate_idle_reg2_reg[3]_0
    SLICE_X44Y227        FDRE                                         r  xdma_ddr3_i/xdma_0/inst/xdma_ddr3_xdma_0_0_pcie2_to_pcie3_wrapper_i/pcie2_ip_i/inst/inst/gt_top_i/pipe_wrapper_i/gtp_pipe_reset.gtp_pipe_reset_i/drp_done_reg1_reg[0]/C
                         clock pessimism              0.169    13.958    
                         clock uncertainty           -0.071    13.887    
    SLICE_X44Y227        FDRE (Setup_fdre_C_D)       -0.029    13.858    xdma_ddr3_i/xdma_0/inst/xdma_ddr3_xdma_0_0_pcie2_to_pcie3_wrapper_i/pcie2_ip_i/inst/inst/gt_top_i/pipe_wrapper_i/gtp_pipe_reset.gtp_pipe_reset_i/drp_done_reg1_reg[0]
  -------------------------------------------------------------------
                         required time                         13.858    
                         arrival time                          -8.672    
  -------------------------------------------------------------------
                         slack                                  5.186    





Min Delay Paths
--------------------------------------------------------------------------------------
Slack (MET) :             0.320ns  (arrival time - required time)
  Source:                 xdma_ddr3_i/xdma_0/inst/xdma_ddr3_xdma_0_0_pcie2_to_pcie3_wrapper_i/pcie2_ip_i/inst/inst/gt_top_i/pipe_wrapper_i/pipe_lane[2].gtp_pipe_drp.gtp_pipe_drp_i/done_reg/C
                            (rising edge-triggered cell FDSE clocked by clk_125mhz_x0y0  {rise@0.000ns fall@4.000ns period=8.000ns})
  Destination:            xdma_ddr3_i/xdma_0/inst/xdma_ddr3_xdma_0_0_pcie2_to_pcie3_wrapper_i/pcie2_ip_i/inst/inst/gt_top_i/pipe_wrapper_i/pipe_lane[2].gtp_pipe_rate.gtp_pipe_rate_i/drp_done_reg1_reg/D
                            (rising edge-triggered cell FDRE clocked by clk_125mhz_mux_x0y0  {rise@0.000ns fall@4.000ns period=8.000ns})
  Path Group:             clk_125mhz_mux_x0y0
  Path Type:              Hold (Min at Fast Process Corner)
  Requirement:            0.000ns  (clk_125mhz_mux_x0y0 rise@0.000ns - clk_125mhz_x0y0 rise@0.000ns)
  Data Path Delay:        0.691ns  (logic 0.141ns (20.392%)  route 0.550ns (79.608%))
  Logic Levels:           0  
  Clock Path Skew:        0.326ns (DCD - SCD - CPR)
    Destination Clock Delay (DCD):    3.055ns
    Source Clock Delay      (SCD):    2.418ns
    Clock Pessimism Removal (CPR):    0.311ns

    Location             Delay type                Incr(ns)  Path(ns)    Netlist Resource(s)
  -------------------------------------------------------------------    -------------------
                         (clock clk_125mhz_x0y0 rise edge)
                                                      0.000     0.000 r  
    GTPE2_CHANNEL_X0Y4   GTPE2_CHANNEL                0.000     0.000 r  xdma_ddr3_i/xdma_0/inst/xdma_ddr3_xdma_0_0_pcie2_to_pcie3_wrapper_i/pcie2_ip_i/inst/inst/gt_top_i/pipe_wrapper_i/pipe_lane[0].gt_wrapper_i/gtp_channel.gtpe2_channel_i/TXOUTCLK
                         net (fo=1, routed)           0.492     0.492    xdma_ddr3_i/xdma_0/inst/xdma_ddr3_xdma_0_0_pcie2_to_pcie3_wrapper_i/pcie2_ip_i/inst/inst/gt_top_i/pipe_wrapper_i/pipe_clock_int.pipe_clock_i/txoutclk_i.txoutclk_i_0
    BUFGCTRL_X0Y17       BUFG (Prop_bufg_I_O)         0.026     0.518 r  xdma_ddr3_i/xdma_0/inst/xdma_ddr3_xdma_0_0_pcie2_to_pcie3_wrapper_i/pcie2_ip_i/inst/inst/gt_top_i/pipe_wrapper_i/pipe_clock_int.pipe_clock_i/txoutclk_i.txoutclk_i/O
                         net (fo=1, routed)           0.612     1.130    xdma_ddr3_i/xdma_0/inst/xdma_ddr3_xdma_0_0_pcie2_to_pcie3_wrapper_i/pcie2_ip_i/inst/inst/gt_top_i/pipe_wrapper_i/pipe_clock_int.pipe_clock_i/refclk
    MMCME2_ADV_X0Y2      MMCME2_ADV (Prop_mmcme2_adv_CLKIN1_CLKOUT0)
                                                      0.050     1.180 r  xdma_ddr3_i/xdma_0/inst/xdma_ddr3_xdma_0_0_pcie2_to_pcie3_wrapper_i/pcie2_ip_i/inst/inst/gt_top_i/pipe_wrapper_i/pipe_clock_int.pipe_clock_i/mmcm_i/CLKOUT0
                         net (fo=2, routed)           0.545     1.725    xdma_ddr3_i/xdma_0/inst/xdma_ddr3_xdma_0_0_pcie2_to_pcie3_wrapper_i/pcie2_ip_i/inst/inst/gt_top_i/pipe_wrapper_i/pipe_clock_int.pipe_clock_i/clk_125mhz
    BUFGCTRL_X0Y3        BUFG (Prop_bufg_I_O)         0.026     1.751 r  xdma_ddr3_i/xdma_0/inst/xdma_ddr3_xdma_0_0_pcie2_to_pcie3_wrapper_i/pcie2_ip_i/inst/inst/gt_top_i/pipe_wrapper_i/pipe_clock_int.pipe_clock_i/dclk_i_bufg.dclk_i/O
                         net (fo=337, routed)         0.667     2.418    xdma_ddr3_i/xdma_0/inst/xdma_ddr3_xdma_0_0_pcie2_to_pcie3_wrapper_i/pcie2_ip_i/inst/inst/gt_top_i/pipe_wrapper_i/pipe_lane[2].gtp_pipe_drp.gtp_pipe_drp_i/CLK
    SLICE_X50Y235        FDSE                                         r  xdma_ddr3_i/xdma_0/inst/xdma_ddr3_xdma_0_0_pcie2_to_pcie3_wrapper_i/pcie2_ip_i/inst/inst/gt_top_i/pipe_wrapper_i/pipe_lane[2].gtp_pipe_drp.gtp_pipe_drp_i/done_reg/C
  -------------------------------------------------------------------    -------------------
    SLICE_X50Y235        FDSE (Prop_fdse_C_Q)         0.141     2.559 r  xdma_ddr3_i/xdma_0/inst/xdma_ddr3_xdma_0_0_pcie2_to_pcie3_wrapper_i/pcie2_ip_i/inst/inst/gt_top_i/pipe_wrapper_i/pipe_lane[2].gtp_pipe_drp.gtp_pipe_drp_i/done_reg/Q
                         net (fo=2, routed)           0.550     3.110    xdma_ddr3_i/xdma_0/inst/xdma_ddr3_xdma_0_0_pcie2_to_pcie3_wrapper_i/pcie2_ip_i/inst/inst/gt_top_i/pipe_wrapper_i/pipe_lane[2].gtp_pipe_rate.gtp_pipe_rate_i/drp_done_reg1_reg_0[0]
    SLICE_X45Y233        FDRE                                         r  xdma_ddr3_i/xdma_0/inst/xdma_ddr3_xdma_0_0_pcie2_to_pcie3_wrapper_i/pcie2_ip_i/inst/inst/gt_top_i/pipe_wrapper_i/pipe_lane[2].gtp_pipe_rate.gtp_pipe_rate_i/drp_done_reg1_reg/D
  -------------------------------------------------------------------    -------------------

                         (clock clk_125mhz_mux_x0y0 rise edge)
                                                      0.000     0.000 r  
    GTPE2_CHANNEL_X0Y4   GTPE2_CHANNEL                0.000     0.000 r  xdma_ddr3_i/xdma_0/inst/xdma_ddr3_xdma_0_0_pcie2_to_pcie3_wrapper_i/pcie2_ip_i/inst/inst/gt_top_i/pipe_wrapper_i/pipe_lane[0].gt_wrapper_i/gtp_channel.gtpe2_channel_i/TXOUTCLK
                         net (fo=1, routed)           0.529     0.529    xdma_ddr3_i/xdma_0/inst/xdma_ddr3_xdma_0_0_pcie2_to_pcie3_wrapper_i/pcie2_ip_i/inst/inst/gt_top_i/pipe_wrapper_i/pipe_clock_int.pipe_clock_i/txoutclk_i.txoutclk_i_0
    BUFGCTRL_X0Y17       BUFG (Prop_bufg_I_O)         0.029     0.558 r  xdma_ddr3_i/xdma_0/inst/xdma_ddr3_xdma_0_0_pcie2_to_pcie3_wrapper_i/pcie2_ip_i/inst/inst/gt_top_i/pipe_wrapper_i/pipe_clock_int.pipe_clock_i/txoutclk_i.txoutclk_i/O
                         net (fo=1, routed)           0.881     1.438    xdma_ddr3_i/xdma_0/inst/xdma_ddr3_xdma_0_0_pcie2_to_pcie3_wrapper_i/pcie2_ip_i/inst/inst/gt_top_i/pipe_wrapper_i/pipe_clock_int.pipe_clock_i/refclk
    MMCME2_ADV_X0Y2      MMCME2_ADV (Prop_mmcme2_adv_CLKIN1_CLKOUT0)
                                                      0.053     1.491 r  xdma_ddr3_i/xdma_0/inst/xdma_ddr3_xdma_0_0_pcie2_to_pcie3_wrapper_i/pcie2_ip_i/inst/inst/gt_top_i/pipe_wrapper_i/pipe_clock_int.pipe_clock_i/mmcm_i/CLKOUT0
                         net (fo=2, routed)           0.595     2.086    xdma_ddr3_i/xdma_0/inst/xdma_ddr3_xdma_0_0_pcie2_to_pcie3_wrapper_i/pcie2_ip_i/inst/inst/gt_top_i/pipe_wrapper_i/pipe_clock_int.pipe_clock_i/clk_125mhz
    BUFGCTRL_X0Y2        BUFGCTRL (Prop_bufgctrl_I0_O)
                                                      0.029     2.115 r  xdma_ddr3_i/xdma_0/inst/xdma_ddr3_xdma_0_0_pcie2_to_pcie3_wrapper_i/pcie2_ip_i/inst/inst/gt_top_i/pipe_wrapper_i/pipe_clock_int.pipe_clock_i/pclk_i1_bufgctrl.pclk_i1/O
                         net (fo=1160, routed)        0.940     3.055    xdma_ddr3_i/xdma_0/inst/xdma_ddr3_xdma_0_0_pcie2_to_pcie3_wrapper_i/pcie2_ip_i/inst/inst/gt_top_i/pipe_wrapper_i/pipe_lane[2].gtp_pipe_rate.gtp_pipe_rate_i/rate_out_reg[0]_0
    SLICE_X45Y233        FDRE                                         r  xdma_ddr3_i/xdma_0/inst/xdma_ddr3_xdma_0_0_pcie2_to_pcie3_wrapper_i/pcie2_ip_i/inst/inst/gt_top_i/pipe_wrapper_i/pipe_lane[2].gtp_pipe_rate.gtp_pipe_rate_i/drp_done_reg1_reg/C
                         clock pessimism             -0.311     2.744    
    SLICE_X45Y233        FDRE (Hold_fdre_C_D)         0.046     2.790    xdma_ddr3_i/xdma_0/inst/xdma_ddr3_xdma_0_0_pcie2_to_pcie3_wrapper_i/pcie2_ip_i/inst/inst/gt_top_i/pipe_wrapper_i/pipe_lane[2].gtp_pipe_rate.gtp_pipe_rate_i/drp_done_reg1_reg
  -------------------------------------------------------------------
                         required time                         -2.790    
                         arrival time                           3.110    
  -------------------------------------------------------------------
                         slack                                  0.320    





---------------------------------------------------------------------------------------------------
From Clock:  clk_125mhz_x0y0
  To Clock:  clk_250mhz_mux_x0y0

Setup :            0  Failing Endpoints,  Worst Slack        1.066ns,  Total Violation        0.000ns
Hold  :            0  Failing Endpoints,  Worst Slack        0.129ns,  Total Violation        0.000ns
---------------------------------------------------------------------------------------------------


Max Delay Paths
--------------------------------------------------------------------------------------
Slack (MET) :             1.066ns  (required time - arrival time)
  Source:                 xdma_ddr3_i/xdma_0/inst/xdma_ddr3_xdma_0_0_pcie2_to_pcie3_wrapper_i/pcie2_ip_i/inst/inst/gt_top_i/pipe_wrapper_i/pipe_lane[0].gtp_pipe_drp.gtp_pipe_drp_i/done_reg/C
                            (rising edge-triggered cell FDSE clocked by clk_125mhz_x0y0  {rise@0.000ns fall@4.000ns period=8.000ns})
  Destination:            xdma_ddr3_i/xdma_0/inst/xdma_ddr3_xdma_0_0_pcie2_to_pcie3_wrapper_i/pcie2_ip_i/inst/inst/gt_top_i/pipe_wrapper_i/gtp_pipe_reset.gtp_pipe_reset_i/drp_done_reg1_reg[0]/D
                            (rising edge-triggered cell FDRE clocked by clk_250mhz_mux_x0y0  {rise@0.000ns fall@2.000ns period=4.000ns})
  Path Group:             clk_250mhz_mux_x0y0
  Path Type:              Setup (Max at Slow Process Corner)
  Requirement:            4.000ns  (clk_250mhz_mux_x0y0 rise@4.000ns - clk_125mhz_x0y0 rise@0.000ns)
  Data Path Delay:        2.683ns  (logic 0.379ns (14.124%)  route 2.304ns (85.876%))
  Logic Levels:           0  
  Clock Path Skew:        -0.031ns (DCD - SCD + CPR)
    Destination Clock Delay (DCD):    5.789ns = ( 9.789 - 4.000 ) 
    Source Clock Delay      (SCD):    5.989ns
    Clock Pessimism Removal (CPR):    0.169ns
  Clock Uncertainty:      0.191ns  ((TSJ^2 + DJ^2)^1/2) / 2 + PE
    Total System Jitter     (TSJ):    0.071ns
    Discrete Jitter          (DJ):    0.124ns
    Phase Error              (PE):    0.120ns

    Location             Delay type                Incr(ns)  Path(ns)    Netlist Resource(s)
  -------------------------------------------------------------------    -------------------
                         (clock clk_125mhz_x0y0 rise edge)
                                                      0.000     0.000 r  
    GTPE2_CHANNEL_X0Y4   GTPE2_CHANNEL                0.000     0.000 r  xdma_ddr3_i/xdma_0/inst/xdma_ddr3_xdma_0_0_pcie2_to_pcie3_wrapper_i/pcie2_ip_i/inst/inst/gt_top_i/pipe_wrapper_i/pipe_lane[0].gt_wrapper_i/gtp_channel.gtpe2_channel_i/TXOUTCLK
                         net (fo=1, routed)           1.274     1.274    xdma_ddr3_i/xdma_0/inst/xdma_ddr3_xdma_0_0_pcie2_to_pcie3_wrapper_i/pcie2_ip_i/inst/inst/gt_top_i/pipe_wrapper_i/pipe_clock_int.pipe_clock_i/txoutclk_i.txoutclk_i_0
    BUFGCTRL_X0Y17       BUFG (Prop_bufg_I_O)         0.081     1.355 r  xdma_ddr3_i/xdma_0/inst/xdma_ddr3_xdma_0_0_pcie2_to_pcie3_wrapper_i/pcie2_ip_i/inst/inst/gt_top_i/pipe_wrapper_i/pipe_clock_int.pipe_clock_i/txoutclk_i.txoutclk_i/O
                         net (fo=1, routed)           1.520     2.874    xdma_ddr3_i/xdma_0/inst/xdma_ddr3_xdma_0_0_pcie2_to_pcie3_wrapper_i/pcie2_ip_i/inst/inst/gt_top_i/pipe_wrapper_i/pipe_clock_int.pipe_clock_i/refclk
    MMCME2_ADV_X0Y2      MMCME2_ADV (Prop_mmcme2_adv_CLKIN1_CLKOUT0)
                                                      0.077     2.951 r  xdma_ddr3_i/xdma_0/inst/xdma_ddr3_xdma_0_0_pcie2_to_pcie3_wrapper_i/pcie2_ip_i/inst/inst/gt_top_i/pipe_wrapper_i/pipe_clock_int.pipe_clock_i/mmcm_i/CLKOUT0
                         net (fo=2, routed)           1.559     4.510    xdma_ddr3_i/xdma_0/inst/xdma_ddr3_xdma_0_0_pcie2_to_pcie3_wrapper_i/pcie2_ip_i/inst/inst/gt_top_i/pipe_wrapper_i/pipe_clock_int.pipe_clock_i/clk_125mhz
    BUFGCTRL_X0Y3        BUFG (Prop_bufg_I_O)         0.081     4.591 r  xdma_ddr3_i/xdma_0/inst/xdma_ddr3_xdma_0_0_pcie2_to_pcie3_wrapper_i/pcie2_ip_i/inst/inst/gt_top_i/pipe_wrapper_i/pipe_clock_int.pipe_clock_i/dclk_i_bufg.dclk_i/O
                         net (fo=337, routed)         1.397     5.988    xdma_ddr3_i/xdma_0/inst/xdma_ddr3_xdma_0_0_pcie2_to_pcie3_wrapper_i/pcie2_ip_i/inst/inst/gt_top_i/pipe_wrapper_i/pipe_lane[0].gtp_pipe_drp.gtp_pipe_drp_i/CLK
    SLICE_X57Y199        FDSE                                         r  xdma_ddr3_i/xdma_0/inst/xdma_ddr3_xdma_0_0_pcie2_to_pcie3_wrapper_i/pcie2_ip_i/inst/inst/gt_top_i/pipe_wrapper_i/pipe_lane[0].gtp_pipe_drp.gtp_pipe_drp_i/done_reg/C
  -------------------------------------------------------------------    -------------------
    SLICE_X57Y199        FDSE (Prop_fdse_C_Q)         0.379     6.367 r  xdma_ddr3_i/xdma_0/inst/xdma_ddr3_xdma_0_0_pcie2_to_pcie3_wrapper_i/pcie2_ip_i/inst/inst/gt_top_i/pipe_wrapper_i/pipe_lane[0].gtp_pipe_drp.gtp_pipe_drp_i/done_reg/Q
                         net (fo=2, routed)           2.304     8.672    xdma_ddr3_i/xdma_0/inst/xdma_ddr3_xdma_0_0_pcie2_to_pcie3_wrapper_i/pcie2_ip_i/inst/inst/gt_top_i/pipe_wrapper_i/gtp_pipe_reset.gtp_pipe_reset_i/drp_done_reg1_reg[3]_0[0]
    SLICE_X44Y227        FDRE                                         r  xdma_ddr3_i/xdma_0/inst/xdma_ddr3_xdma_0_0_pcie2_to_pcie3_wrapper_i/pcie2_ip_i/inst/inst/gt_top_i/pipe_wrapper_i/gtp_pipe_reset.gtp_pipe_reset_i/drp_done_reg1_reg[0]/D
  -------------------------------------------------------------------    -------------------

                         (clock clk_250mhz_mux_x0y0 rise edge)
                                                      4.000     4.000 r  
    GTPE2_CHANNEL_X0Y4   GTPE2_CHANNEL                0.000     4.000 r  xdma_ddr3_i/xdma_0/inst/xdma_ddr3_xdma_0_0_pcie2_to_pcie3_wrapper_i/pcie2_ip_i/inst/inst/gt_top_i/pipe_wrapper_i/pipe_lane[0].gt_wrapper_i/gtp_channel.gtpe2_channel_i/TXOUTCLK
                         net (fo=1, routed)           1.216     5.216    xdma_ddr3_i/xdma_0/inst/xdma_ddr3_xdma_0_0_pcie2_to_pcie3_wrapper_i/pcie2_ip_i/inst/inst/gt_top_i/pipe_wrapper_i/pipe_clock_int.pipe_clock_i/txoutclk_i.txoutclk_i_0
    BUFGCTRL_X0Y17       BUFG (Prop_bufg_I_O)         0.077     5.293 r  xdma_ddr3_i/xdma_0/inst/xdma_ddr3_xdma_0_0_pcie2_to_pcie3_wrapper_i/pcie2_ip_i/inst/inst/gt_top_i/pipe_wrapper_i/pipe_clock_int.pipe_clock_i/txoutclk_i.txoutclk_i/O
                         net (fo=1, routed)           1.417     6.710    xdma_ddr3_i/xdma_0/inst/xdma_ddr3_xdma_0_0_pcie2_to_pcie3_wrapper_i/pcie2_ip_i/inst/inst/gt_top_i/pipe_wrapper_i/pipe_clock_int.pipe_clock_i/refclk
    MMCME2_ADV_X0Y2      MMCME2_ADV (Prop_mmcme2_adv_CLKIN1_CLKOUT1)
                                                      0.073     6.783 r  xdma_ddr3_i/xdma_0/inst/xdma_ddr3_xdma_0_0_pcie2_to_pcie3_wrapper_i/pcie2_ip_i/inst/inst/gt_top_i/pipe_wrapper_i/pipe_clock_int.pipe_clock_i/mmcm_i/CLKOUT1
                         net (fo=1, routed)           1.488     8.271    xdma_ddr3_i/xdma_0/inst/xdma_ddr3_xdma_0_0_pcie2_to_pcie3_wrapper_i/pcie2_ip_i/inst/inst/gt_top_i/pipe_wrapper_i/pipe_clock_int.pipe_clock_i/clk_250mhz
    BUFGCTRL_X0Y2        BUFGCTRL (Prop_bufgctrl_I1_O)
                                                      0.077     8.347 r  xdma_ddr3_i/xdma_0/inst/xdma_ddr3_xdma_0_0_pcie2_to_pcie3_wrapper_i/pcie2_ip_i/inst/inst/gt_top_i/pipe_wrapper_i/pipe_clock_int.pipe_clock_i/pclk_i1_bufgctrl.pclk_i1/O
                         net (fo=1160, routed)        1.442     9.789    xdma_ddr3_i/xdma_0/inst/xdma_ddr3_xdma_0_0_pcie2_to_pcie3_wrapper_i/pcie2_ip_i/inst/inst/gt_top_i/pipe_wrapper_i/gtp_pipe_reset.gtp_pipe_reset_i/rate_idle_reg2_reg[3]_0
    SLICE_X44Y227        FDRE                                         r  xdma_ddr3_i/xdma_0/inst/xdma_ddr3_xdma_0_0_pcie2_to_pcie3_wrapper_i/pcie2_ip_i/inst/inst/gt_top_i/pipe_wrapper_i/gtp_pipe_reset.gtp_pipe_reset_i/drp_done_reg1_reg[0]/C
                         clock pessimism              0.169     9.958    
                         clock uncertainty           -0.191     9.767    
    SLICE_X44Y227        FDRE (Setup_fdre_C_D)       -0.029     9.738    xdma_ddr3_i/xdma_0/inst/xdma_ddr3_xdma_0_0_pcie2_to_pcie3_wrapper_i/pcie2_ip_i/inst/inst/gt_top_i/pipe_wrapper_i/gtp_pipe_reset.gtp_pipe_reset_i/drp_done_reg1_reg[0]
  -------------------------------------------------------------------
                         required time                          9.738    
                         arrival time                          -8.672    
  -------------------------------------------------------------------
                         slack                                  1.066    





Min Delay Paths
--------------------------------------------------------------------------------------
Slack (MET) :             0.129ns  (arrival time - required time)
  Source:                 xdma_ddr3_i/xdma_0/inst/xdma_ddr3_xdma_0_0_pcie2_to_pcie3_wrapper_i/pcie2_ip_i/inst/inst/gt_top_i/pipe_wrapper_i/pipe_lane[2].gtp_pipe_drp.gtp_pipe_drp_i/done_reg/C
                            (rising edge-triggered cell FDSE clocked by clk_125mhz_x0y0  {rise@0.000ns fall@4.000ns period=8.000ns})
  Destination:            xdma_ddr3_i/xdma_0/inst/xdma_ddr3_xdma_0_0_pcie2_to_pcie3_wrapper_i/pcie2_ip_i/inst/inst/gt_top_i/pipe_wrapper_i/pipe_lane[2].gtp_pipe_rate.gtp_pipe_rate_i/drp_done_reg1_reg/D
                            (rising edge-triggered cell FDRE clocked by clk_250mhz_mux_x0y0  {rise@0.000ns fall@2.000ns period=4.000ns})
  Path Group:             clk_250mhz_mux_x0y0
  Path Type:              Hold (Min at Fast Process Corner)
  Requirement:            0.000ns  (clk_250mhz_mux_x0y0 rise@0.000ns - clk_125mhz_x0y0 rise@0.000ns)
  Data Path Delay:        0.691ns  (logic 0.141ns (20.392%)  route 0.550ns (79.608%))
  Logic Levels:           0  
  Clock Path Skew:        0.326ns (DCD - SCD - CPR)
    Destination Clock Delay (DCD):    3.055ns
    Source Clock Delay      (SCD):    2.418ns
    Clock Pessimism Removal (CPR):    0.311ns
  Clock Uncertainty:      0.191ns  ((TSJ^2 + DJ^2)^1/2) / 2 + PE
    Total System Jitter     (TSJ):    0.071ns
    Discrete Jitter          (DJ):    0.124ns
    Phase Error              (PE):    0.120ns

    Location             Delay type                Incr(ns)  Path(ns)    Netlist Resource(s)
  -------------------------------------------------------------------    -------------------
                         (clock clk_125mhz_x0y0 rise edge)
                                                      0.000     0.000 r  
    GTPE2_CHANNEL_X0Y4   GTPE2_CHANNEL                0.000     0.000 r  xdma_ddr3_i/xdma_0/inst/xdma_ddr3_xdma_0_0_pcie2_to_pcie3_wrapper_i/pcie2_ip_i/inst/inst/gt_top_i/pipe_wrapper_i/pipe_lane[0].gt_wrapper_i/gtp_channel.gtpe2_channel_i/TXOUTCLK
                         net (fo=1, routed)           0.492     0.492    xdma_ddr3_i/xdma_0/inst/xdma_ddr3_xdma_0_0_pcie2_to_pcie3_wrapper_i/pcie2_ip_i/inst/inst/gt_top_i/pipe_wrapper_i/pipe_clock_int.pipe_clock_i/txoutclk_i.txoutclk_i_0
    BUFGCTRL_X0Y17       BUFG (Prop_bufg_I_O)         0.026     0.518 r  xdma_ddr3_i/xdma_0/inst/xdma_ddr3_xdma_0_0_pcie2_to_pcie3_wrapper_i/pcie2_ip_i/inst/inst/gt_top_i/pipe_wrapper_i/pipe_clock_int.pipe_clock_i/txoutclk_i.txoutclk_i/O
                         net (fo=1, routed)           0.612     1.130    xdma_ddr3_i/xdma_0/inst/xdma_ddr3_xdma_0_0_pcie2_to_pcie3_wrapper_i/pcie2_ip_i/inst/inst/gt_top_i/pipe_wrapper_i/pipe_clock_int.pipe_clock_i/refclk
    MMCME2_ADV_X0Y2      MMCME2_ADV (Prop_mmcme2_adv_CLKIN1_CLKOUT0)
                                                      0.050     1.180 r  xdma_ddr3_i/xdma_0/inst/xdma_ddr3_xdma_0_0_pcie2_to_pcie3_wrapper_i/pcie2_ip_i/inst/inst/gt_top_i/pipe_wrapper_i/pipe_clock_int.pipe_clock_i/mmcm_i/CLKOUT0
                         net (fo=2, routed)           0.545     1.725    xdma_ddr3_i/xdma_0/inst/xdma_ddr3_xdma_0_0_pcie2_to_pcie3_wrapper_i/pcie2_ip_i/inst/inst/gt_top_i/pipe_wrapper_i/pipe_clock_int.pipe_clock_i/clk_125mhz
    BUFGCTRL_X0Y3        BUFG (Prop_bufg_I_O)         0.026     1.751 r  xdma_ddr3_i/xdma_0/inst/xdma_ddr3_xdma_0_0_pcie2_to_pcie3_wrapper_i/pcie2_ip_i/inst/inst/gt_top_i/pipe_wrapper_i/pipe_clock_int.pipe_clock_i/dclk_i_bufg.dclk_i/O
                         net (fo=337, routed)         0.667     2.418    xdma_ddr3_i/xdma_0/inst/xdma_ddr3_xdma_0_0_pcie2_to_pcie3_wrapper_i/pcie2_ip_i/inst/inst/gt_top_i/pipe_wrapper_i/pipe_lane[2].gtp_pipe_drp.gtp_pipe_drp_i/CLK
    SLICE_X50Y235        FDSE                                         r  xdma_ddr3_i/xdma_0/inst/xdma_ddr3_xdma_0_0_pcie2_to_pcie3_wrapper_i/pcie2_ip_i/inst/inst/gt_top_i/pipe_wrapper_i/pipe_lane[2].gtp_pipe_drp.gtp_pipe_drp_i/done_reg/C
  -------------------------------------------------------------------    -------------------
    SLICE_X50Y235        FDSE (Prop_fdse_C_Q)         0.141     2.559 r  xdma_ddr3_i/xdma_0/inst/xdma_ddr3_xdma_0_0_pcie2_to_pcie3_wrapper_i/pcie2_ip_i/inst/inst/gt_top_i/pipe_wrapper_i/pipe_lane[2].gtp_pipe_drp.gtp_pipe_drp_i/done_reg/Q
                         net (fo=2, routed)           0.550     3.110    xdma_ddr3_i/xdma_0/inst/xdma_ddr3_xdma_0_0_pcie2_to_pcie3_wrapper_i/pcie2_ip_i/inst/inst/gt_top_i/pipe_wrapper_i/pipe_lane[2].gtp_pipe_rate.gtp_pipe_rate_i/drp_done_reg1_reg_0[0]
    SLICE_X45Y233        FDRE                                         r  xdma_ddr3_i/xdma_0/inst/xdma_ddr3_xdma_0_0_pcie2_to_pcie3_wrapper_i/pcie2_ip_i/inst/inst/gt_top_i/pipe_wrapper_i/pipe_lane[2].gtp_pipe_rate.gtp_pipe_rate_i/drp_done_reg1_reg/D
  -------------------------------------------------------------------    -------------------

                         (clock clk_250mhz_mux_x0y0 rise edge)
                                                      0.000     0.000 r  
    GTPE2_CHANNEL_X0Y4   GTPE2_CHANNEL                0.000     0.000 r  xdma_ddr3_i/xdma_0/inst/xdma_ddr3_xdma_0_0_pcie2_to_pcie3_wrapper_i/pcie2_ip_i/inst/inst/gt_top_i/pipe_wrapper_i/pipe_lane[0].gt_wrapper_i/gtp_channel.gtpe2_channel_i/TXOUTCLK
                         net (fo=1, routed)           0.529     0.529    xdma_ddr3_i/xdma_0/inst/xdma_ddr3_xdma_0_0_pcie2_to_pcie3_wrapper_i/pcie2_ip_i/inst/inst/gt_top_i/pipe_wrapper_i/pipe_clock_int.pipe_clock_i/txoutclk_i.txoutclk_i_0
    BUFGCTRL_X0Y17       BUFG (Prop_bufg_I_O)         0.029     0.558 r  xdma_ddr3_i/xdma_0/inst/xdma_ddr3_xdma_0_0_pcie2_to_pcie3_wrapper_i/pcie2_ip_i/inst/inst/gt_top_i/pipe_wrapper_i/pipe_clock_int.pipe_clock_i/txoutclk_i.txoutclk_i/O
                         net (fo=1, routed)           0.881     1.438    xdma_ddr3_i/xdma_0/inst/xdma_ddr3_xdma_0_0_pcie2_to_pcie3_wrapper_i/pcie2_ip_i/inst/inst/gt_top_i/pipe_wrapper_i/pipe_clock_int.pipe_clock_i/refclk
    MMCME2_ADV_X0Y2      MMCME2_ADV (Prop_mmcme2_adv_CLKIN1_CLKOUT1)
                                                      0.053     1.491 r  xdma_ddr3_i/xdma_0/inst/xdma_ddr3_xdma_0_0_pcie2_to_pcie3_wrapper_i/pcie2_ip_i/inst/inst/gt_top_i/pipe_wrapper_i/pipe_clock_int.pipe_clock_i/mmcm_i/CLKOUT1
                         net (fo=1, routed)           0.595     2.086    xdma_ddr3_i/xdma_0/inst/xdma_ddr3_xdma_0_0_pcie2_to_pcie3_wrapper_i/pcie2_ip_i/inst/inst/gt_top_i/pipe_wrapper_i/pipe_clock_int.pipe_clock_i/clk_250mhz
    BUFGCTRL_X0Y2        BUFGCTRL (Prop_bufgctrl_I1_O)
                                                      0.029     2.115 r  xdma_ddr3_i/xdma_0/inst/xdma_ddr3_xdma_0_0_pcie2_to_pcie3_wrapper_i/pcie2_ip_i/inst/inst/gt_top_i/pipe_wrapper_i/pipe_clock_int.pipe_clock_i/pclk_i1_bufgctrl.pclk_i1/O
                         net (fo=1160, routed)        0.940     3.055    xdma_ddr3_i/xdma_0/inst/xdma_ddr3_xdma_0_0_pcie2_to_pcie3_wrapper_i/pcie2_ip_i/inst/inst/gt_top_i/pipe_wrapper_i/pipe_lane[2].gtp_pipe_rate.gtp_pipe_rate_i/rate_out_reg[0]_0
    SLICE_X45Y233        FDRE                                         r  xdma_ddr3_i/xdma_0/inst/xdma_ddr3_xdma_0_0_pcie2_to_pcie3_wrapper_i/pcie2_ip_i/inst/inst/gt_top_i/pipe_wrapper_i/pipe_lane[2].gtp_pipe_rate.gtp_pipe_rate_i/drp_done_reg1_reg/C
                         clock pessimism             -0.311     2.744    
                         clock uncertainty            0.191     2.935    
    SLICE_X45Y233        FDRE (Hold_fdre_C_D)         0.046     2.981    xdma_ddr3_i/xdma_0/inst/xdma_ddr3_xdma_0_0_pcie2_to_pcie3_wrapper_i/pcie2_ip_i/inst/inst/gt_top_i/pipe_wrapper_i/pipe_lane[2].gtp_pipe_rate.gtp_pipe_rate_i/drp_done_reg1_reg
  -------------------------------------------------------------------
                         required time                         -2.981    
                         arrival time                           3.110    
  -------------------------------------------------------------------
                         slack                                  0.129    





---------------------------------------------------------------------------------------------------
From Clock:  
  To Clock:  userclk2

Setup :            0  Failing Endpoints,  Worst Slack      998.807ns,  Total Violation        0.000ns
Hold  :           NA  Failing Endpoints,  Worst Slack           NA  ,  Total Violation           NA
---------------------------------------------------------------------------------------------------


Max Delay Paths
--------------------------------------------------------------------------------------
Slack (MET) :             998.807ns  (required time - arrival time)
  Source:                 xdma_ddr3_i/axi_smc/inst/m01_nodes/m01_aw_node/inst/inst_mi_handler/gen_normal_area.inst_fifo_node_payld/gen_xpm_memory_fifo.inst_fifo/gen_async_clocks.inst_cdc_addrb_to_wr_clk/src_gray_ff_reg[5]/C
                            (rising edge-triggered cell FDRE)
  Destination:            xdma_ddr3_i/axi_smc/inst/m01_nodes/m01_aw_node/inst/inst_mi_handler/gen_normal_area.inst_fifo_node_payld/gen_xpm_memory_fifo.inst_fifo/gen_async_clocks.inst_cdc_addrb_to_wr_clk/dest_graysync_ff_reg[0][5]/D
                            (rising edge-triggered cell FDRE clocked by userclk2  {rise@0.000ns fall@4.000ns period=8.000ns})
  Path Group:             userclk2
  Path Type:              Setup (Max at Slow Process Corner)
  Requirement:            1000.000ns  (MaxDelay Path 1000.000ns)
  Data Path Delay:        0.985ns  (logic 0.398ns (40.426%)  route 0.587ns (59.574%))
  Logic Levels:           1  (FDRE=1)
  Timing Exception:       MaxDelay Path 1000.000ns -datapath_only

    Location             Delay type                Incr(ns)  Path(ns)    Netlist Resource(s)
  -------------------------------------------------------------------    -------------------
    SLICE_X120Y131       FDRE                         0.000     0.000 r  xdma_ddr3_i/axi_smc/inst/m01_nodes/m01_aw_node/inst/inst_mi_handler/gen_normal_area.inst_fifo_node_payld/gen_xpm_memory_fifo.inst_fifo/gen_async_clocks.inst_cdc_addrb_to_wr_clk/src_gray_ff_reg[5]/C
    SLICE_X120Y131       FDRE (Prop_fdre_C_Q)         0.398     0.398 r  xdma_ddr3_i/axi_smc/inst/m01_nodes/m01_aw_node/inst/inst_mi_handler/gen_normal_area.inst_fifo_node_payld/gen_xpm_memory_fifo.inst_fifo/gen_async_clocks.inst_cdc_addrb_to_wr_clk/src_gray_ff_reg[5]/Q
                         net (fo=1, routed)           0.587     0.985    xdma_ddr3_i/axi_smc/inst/m01_nodes/m01_aw_node/inst/inst_mi_handler/gen_normal_area.inst_fifo_node_payld/gen_xpm_memory_fifo.inst_fifo/gen_async_clocks.inst_cdc_addrb_to_wr_clk/async_path[5]
    SLICE_X119Y132       FDRE                                         r  xdma_ddr3_i/axi_smc/inst/m01_nodes/m01_aw_node/inst/inst_mi_handler/gen_normal_area.inst_fifo_node_payld/gen_xpm_memory_fifo.inst_fifo/gen_async_clocks.inst_cdc_addrb_to_wr_clk/dest_graysync_ff_reg[0][5]/D
  -------------------------------------------------------------------    -------------------

                         max delay                 1000.000  1000.000    
    SLICE_X119Y132       FDRE (Setup_fdre_C_D)       -0.208   999.792    xdma_ddr3_i/axi_smc/inst/m01_nodes/m01_aw_node/inst/inst_mi_handler/gen_normal_area.inst_fifo_node_payld/gen_xpm_memory_fifo.inst_fifo/gen_async_clocks.inst_cdc_addrb_to_wr_clk/dest_graysync_ff_reg[0][5]
  -------------------------------------------------------------------
                         required time                        999.792    
                         arrival time                          -0.985    
  -------------------------------------------------------------------
                         slack                                998.807    





---------------------------------------------------------------------------------------------------
Path Group:  **async_default**
From Clock:  userclk2
  To Clock:  userclk2

Setup :            0  Failing Endpoints,  Worst Slack        2.157ns,  Total Violation        0.000ns
Hold  :            0  Failing Endpoints,  Worst Slack        0.343ns,  Total Violation        0.000ns
---------------------------------------------------------------------------------------------------


Max Delay Paths
--------------------------------------------------------------------------------------
Slack (MET) :             2.157ns  (required time - arrival time)
  Source:                 xdma_ddr3_i/xdma_0/inst/udma_wrapper/dma_top/user_rst_ff_2_reg/C
                            (rising edge-triggered cell FDCE clocked by userclk2  {rise@0.000ns fall@4.000ns period=8.000ns})
  Destination:            xdma_ddr3_i/xdma_0/inst/udma_wrapper/dma_top/dma_enable.vul_dma/pcie_h2c_rst_3ff_reg[0]_rep__5/PRE
                            (recovery check against rising-edge clock userclk2  {rise@0.000ns fall@4.000ns period=8.000ns})
  Path Group:             **async_default**
  Path Type:              Recovery (Max at Slow Process Corner)
  Requirement:            8.000ns  (userclk2 rise@8.000ns - userclk2 rise@0.000ns)
  Data Path Delay:        5.387ns  (logic 0.379ns (7.035%)  route 5.008ns (92.965%))
  Logic Levels:           0  
  Clock Path Skew:        -0.093ns (DCD - SCD + CPR)
    Destination Clock Delay (DCD):    5.643ns = ( 13.643 - 8.000 ) 
    Source Clock Delay      (SCD):    5.986ns
    Clock Pessimism Removal (CPR):    0.251ns
  Clock Uncertainty:      0.071ns  ((TSJ^2 + DJ^2)^1/2) / 2 + PE
    Total System Jitter     (TSJ):    0.071ns
    Discrete Jitter          (DJ):    0.124ns
    Phase Error              (PE):    0.000ns

    Location             Delay type                Incr(ns)  Path(ns)    Netlist Resource(s)
  -------------------------------------------------------------------    -------------------
                         (clock userclk2 rise edge)
                                                      0.000     0.000 r  
    GTPE2_CHANNEL_X0Y4   GTPE2_CHANNEL                0.000     0.000 r  xdma_ddr3_i/xdma_0/inst/xdma_ddr3_xdma_0_0_pcie2_to_pcie3_wrapper_i/pcie2_ip_i/inst/inst/gt_top_i/pipe_wrapper_i/pipe_lane[0].gt_wrapper_i/gtp_channel.gtpe2_channel_i/TXOUTCLK
                         net (fo=1, routed)           1.274     1.274    xdma_ddr3_i/xdma_0/inst/xdma_ddr3_xdma_0_0_pcie2_to_pcie3_wrapper_i/pcie2_ip_i/inst/inst/gt_top_i/pipe_wrapper_i/pipe_clock_int.pipe_clock_i/txoutclk_i.txoutclk_i_0
    BUFGCTRL_X0Y17       BUFG (Prop_bufg_I_O)         0.081     1.355 r  xdma_ddr3_i/xdma_0/inst/xdma_ddr3_xdma_0_0_pcie2_to_pcie3_wrapper_i/pcie2_ip_i/inst/inst/gt_top_i/pipe_wrapper_i/pipe_clock_int.pipe_clock_i/txoutclk_i.txoutclk_i/O
                         net (fo=1, routed)           1.520     2.874    xdma_ddr3_i/xdma_0/inst/xdma_ddr3_xdma_0_0_pcie2_to_pcie3_wrapper_i/pcie2_ip_i/inst/inst/gt_top_i/pipe_wrapper_i/pipe_clock_int.pipe_clock_i/refclk
    MMCME2_ADV_X0Y2      MMCME2_ADV (Prop_mmcme2_adv_CLKIN1_CLKOUT3)
                                                      0.077     2.951 r  xdma_ddr3_i/xdma_0/inst/xdma_ddr3_xdma_0_0_pcie2_to_pcie3_wrapper_i/pcie2_ip_i/inst/inst/gt_top_i/pipe_wrapper_i/pipe_clock_int.pipe_clock_i/mmcm_i/CLKOUT3
                         net (fo=1, routed)           1.559     4.510    xdma_ddr3_i/xdma_0/inst/xdma_ddr3_xdma_0_0_pcie2_to_pcie3_wrapper_i/pcie2_ip_i/inst/inst/gt_top_i/pipe_wrapper_i/pipe_clock_int.pipe_clock_i/userclk2
    BUFGCTRL_X0Y0        BUFG (Prop_bufg_I_O)         0.081     4.591 r  xdma_ddr3_i/xdma_0/inst/xdma_ddr3_xdma_0_0_pcie2_to_pcie3_wrapper_i/pcie2_ip_i/inst/inst/gt_top_i/pipe_wrapper_i/pipe_clock_int.pipe_clock_i/userclk2_i1.usrclk2_i1/O
                         net (fo=37467, routed)       1.395     5.986    xdma_ddr3_i/xdma_0/inst/udma_wrapper/dma_top/user_clk
    SLICE_X54Y191        FDCE                                         r  xdma_ddr3_i/xdma_0/inst/udma_wrapper/dma_top/user_rst_ff_2_reg/C
  -------------------------------------------------------------------    -------------------
    SLICE_X54Y191        FDCE (Prop_fdce_C_Q)         0.379     6.365 f  xdma_ddr3_i/xdma_0/inst/udma_wrapper/dma_top/user_rst_ff_2_reg/Q
                         net (fo=46, routed)          5.008    11.373    xdma_ddr3_i/xdma_0/inst/udma_wrapper/dma_top/dma_enable.vul_dma/user_rst_ff_2
    SLICE_X137Y178       FDPE                                         f  xdma_ddr3_i/xdma_0/inst/udma_wrapper/dma_top/dma_enable.vul_dma/pcie_h2c_rst_3ff_reg[0]_rep__5/PRE
  -------------------------------------------------------------------    -------------------

                         (clock userclk2 rise edge)
                                                      8.000     8.000 r  
    GTPE2_CHANNEL_X0Y4   GTPE2_CHANNEL                0.000     8.000 r  xdma_ddr3_i/xdma_0/inst/xdma_ddr3_xdma_0_0_pcie2_to_pcie3_wrapper_i/pcie2_ip_i/inst/inst/gt_top_i/pipe_wrapper_i/pipe_lane[0].gt_wrapper_i/gtp_channel.gtpe2_channel_i/TXOUTCLK
                         net (fo=1, routed)           1.216     9.216    xdma_ddr3_i/xdma_0/inst/xdma_ddr3_xdma_0_0_pcie2_to_pcie3_wrapper_i/pcie2_ip_i/inst/inst/gt_top_i/pipe_wrapper_i/pipe_clock_int.pipe_clock_i/txoutclk_i.txoutclk_i_0
    BUFGCTRL_X0Y17       BUFG (Prop_bufg_I_O)         0.077     9.293 r  xdma_ddr3_i/xdma_0/inst/xdma_ddr3_xdma_0_0_pcie2_to_pcie3_wrapper_i/pcie2_ip_i/inst/inst/gt_top_i/pipe_wrapper_i/pipe_clock_int.pipe_clock_i/txoutclk_i.txoutclk_i/O
                         net (fo=1, routed)           1.417    10.710    xdma_ddr3_i/xdma_0/inst/xdma_ddr3_xdma_0_0_pcie2_to_pcie3_wrapper_i/pcie2_ip_i/inst/inst/gt_top_i/pipe_wrapper_i/pipe_clock_int.pipe_clock_i/refclk
    MMCME2_ADV_X0Y2      MMCME2_ADV (Prop_mmcme2_adv_CLKIN1_CLKOUT3)
                                                      0.073    10.783 r  xdma_ddr3_i/xdma_0/inst/xdma_ddr3_xdma_0_0_pcie2_to_pcie3_wrapper_i/pcie2_ip_i/inst/inst/gt_top_i/pipe_wrapper_i/pipe_clock_int.pipe_clock_i/mmcm_i/CLKOUT3
                         net (fo=1, routed)           1.488    12.270    xdma_ddr3_i/xdma_0/inst/xdma_ddr3_xdma_0_0_pcie2_to_pcie3_wrapper_i/pcie2_ip_i/inst/inst/gt_top_i/pipe_wrapper_i/pipe_clock_int.pipe_clock_i/userclk2
    BUFGCTRL_X0Y0        BUFG (Prop_bufg_I_O)         0.077    12.347 r  xdma_ddr3_i/xdma_0/inst/xdma_ddr3_xdma_0_0_pcie2_to_pcie3_wrapper_i/pcie2_ip_i/inst/inst/gt_top_i/pipe_wrapper_i/pipe_clock_int.pipe_clock_i/userclk2_i1.usrclk2_i1/O
                         net (fo=37467, routed)       1.295    13.643    xdma_ddr3_i/xdma_0/inst/udma_wrapper/dma_top/dma_enable.vul_dma/user_clk
    SLICE_X137Y178       FDPE                                         r  xdma_ddr3_i/xdma_0/inst/udma_wrapper/dma_top/dma_enable.vul_dma/pcie_h2c_rst_3ff_reg[0]_rep__5/C
                         clock pessimism              0.251    13.893    
                         clock uncertainty           -0.071    13.822    
    SLICE_X137Y178       FDPE (Recov_fdpe_C_PRE)     -0.292    13.530    xdma_ddr3_i/xdma_0/inst/udma_wrapper/dma_top/dma_enable.vul_dma/pcie_h2c_rst_3ff_reg[0]_rep__5
  -------------------------------------------------------------------
                         required time                         13.530    
                         arrival time                         -11.373    
  -------------------------------------------------------------------
                         slack                                  2.157    





Min Delay Paths
--------------------------------------------------------------------------------------
Slack (MET) :             0.343ns  (arrival time - required time)
  Source:                 xdma_ddr3_i/xdma_0/inst/xdma_ddr3_xdma_0_0_pcie2_to_pcie3_wrapper_i/xdma_ddr3_xdma_0_0_axi_stream_intf_i/xdma_ddr3_xdma_0_0_rx_demux_i/dma_cpl_fifo_inst/U0/inst_fifo_gen/gaxis_fifo.gaxisf.axisf/grf.rf/rstblk/ngwrdrst.grst.g7serrst.rd_rst_reg_reg[2]/C
                            (rising edge-triggered cell FDPE clocked by userclk2  {rise@0.000ns fall@4.000ns period=8.000ns})
  Destination:            xdma_ddr3_i/xdma_0/inst/xdma_ddr3_xdma_0_0_pcie2_to_pcie3_wrapper_i/xdma_ddr3_xdma_0_0_axi_stream_intf_i/xdma_ddr3_xdma_0_0_rx_demux_i/dma_cpl_fifo_inst/U0/inst_fifo_gen/gaxis_fifo.gaxisf.axisf/grf.rf/gntv_or_sync_fifo.gl0.rd/gr1.gr1_int.rfwft/gfwft_rst_done.fwft_rst_done_reg/CLR
                            (removal check against rising-edge clock userclk2  {rise@0.000ns fall@4.000ns period=8.000ns})
  Path Group:             **async_default**
  Path Type:              Removal (Min at Fast Process Corner)
  Requirement:            0.000ns  (userclk2 rise@0.000ns - userclk2 rise@0.000ns)
  Data Path Delay:        0.291ns  (logic 0.164ns (56.438%)  route 0.127ns (43.562%))
  Logic Levels:           0  
  Clock Path Skew:        0.015ns (DCD - SCD - CPR)
    Destination Clock Delay (DCD):    3.098ns
    Source Clock Delay      (SCD):    2.459ns
    Clock Pessimism Removal (CPR):    0.624ns

    Location             Delay type                Incr(ns)  Path(ns)    Netlist Resource(s)
  -------------------------------------------------------------------    -------------------
                         (clock userclk2 rise edge)
                                                      0.000     0.000 r  
    GTPE2_CHANNEL_X0Y4   GTPE2_CHANNEL                0.000     0.000 r  xdma_ddr3_i/xdma_0/inst/xdma_ddr3_xdma_0_0_pcie2_to_pcie3_wrapper_i/pcie2_ip_i/inst/inst/gt_top_i/pipe_wrapper_i/pipe_lane[0].gt_wrapper_i/gtp_channel.gtpe2_channel_i/TXOUTCLK
                         net (fo=1, routed)           0.492     0.492    xdma_ddr3_i/xdma_0/inst/xdma_ddr3_xdma_0_0_pcie2_to_pcie3_wrapper_i/pcie2_ip_i/inst/inst/gt_top_i/pipe_wrapper_i/pipe_clock_int.pipe_clock_i/txoutclk_i.txoutclk_i_0
    BUFGCTRL_X0Y17       BUFG (Prop_bufg_I_O)         0.026     0.518 r  xdma_ddr3_i/xdma_0/inst/xdma_ddr3_xdma_0_0_pcie2_to_pcie3_wrapper_i/pcie2_ip_i/inst/inst/gt_top_i/pipe_wrapper_i/pipe_clock_int.pipe_clock_i/txoutclk_i.txoutclk_i/O
                         net (fo=1, routed)           0.612     1.130    xdma_ddr3_i/xdma_0/inst/xdma_ddr3_xdma_0_0_pcie2_to_pcie3_wrapper_i/pcie2_ip_i/inst/inst/gt_top_i/pipe_wrapper_i/pipe_clock_int.pipe_clock_i/refclk
    MMCME2_ADV_X0Y2      MMCME2_ADV (Prop_mmcme2_adv_CLKIN1_CLKOUT3)
                                                      0.050     1.180 r  xdma_ddr3_i/xdma_0/inst/xdma_ddr3_xdma_0_0_pcie2_to_pcie3_wrapper_i/pcie2_ip_i/inst/inst/gt_top_i/pipe_wrapper_i/pipe_clock_int.pipe_clock_i/mmcm_i/CLKOUT3
                         net (fo=1, routed)           0.545     1.725    xdma_ddr3_i/xdma_0/inst/xdma_ddr3_xdma_0_0_pcie2_to_pcie3_wrapper_i/pcie2_ip_i/inst/inst/gt_top_i/pipe_wrapper_i/pipe_clock_int.pipe_clock_i/userclk2
    BUFGCTRL_X0Y0        BUFG (Prop_bufg_I_O)         0.026     1.751 r  xdma_ddr3_i/xdma_0/inst/xdma_ddr3_xdma_0_0_pcie2_to_pcie3_wrapper_i/pcie2_ip_i/inst/inst/gt_top_i/pipe_wrapper_i/pipe_clock_int.pipe_clock_i/userclk2_i1.usrclk2_i1/O
                         net (fo=37467, routed)       0.708     2.459    xdma_ddr3_i/xdma_0/inst/xdma_ddr3_xdma_0_0_pcie2_to_pcie3_wrapper_i/xdma_ddr3_xdma_0_0_axi_stream_intf_i/xdma_ddr3_xdma_0_0_rx_demux_i/dma_cpl_fifo_inst/U0/inst_fifo_gen/gaxis_fifo.gaxisf.axisf/grf.rf/rstblk/s_aclk
    SLICE_X10Y216        FDPE                                         r  xdma_ddr3_i/xdma_0/inst/xdma_ddr3_xdma_0_0_pcie2_to_pcie3_wrapper_i/xdma_ddr3_xdma_0_0_axi_stream_intf_i/xdma_ddr3_xdma_0_0_rx_demux_i/dma_cpl_fifo_inst/U0/inst_fifo_gen/gaxis_fifo.gaxisf.axisf/grf.rf/rstblk/ngwrdrst.grst.g7serrst.rd_rst_reg_reg[2]/C
  -------------------------------------------------------------------    -------------------
    SLICE_X10Y216        FDPE (Prop_fdpe_C_Q)         0.164     2.623 f  xdma_ddr3_i/xdma_0/inst/xdma_ddr3_xdma_0_0_pcie2_to_pcie3_wrapper_i/xdma_ddr3_xdma_0_0_axi_stream_intf_i/xdma_ddr3_xdma_0_0_rx_demux_i/dma_cpl_fifo_inst/U0/inst_fifo_gen/gaxis_fifo.gaxisf.axisf/grf.rf/rstblk/ngwrdrst.grst.g7serrst.rd_rst_reg_reg[2]/Q
                         net (fo=6, routed)           0.127     2.750    xdma_ddr3_i/xdma_0/inst/xdma_ddr3_xdma_0_0_pcie2_to_pcie3_wrapper_i/xdma_ddr3_xdma_0_0_axi_stream_intf_i/xdma_ddr3_xdma_0_0_rx_demux_i/dma_cpl_fifo_inst/U0/inst_fifo_gen/gaxis_fifo.gaxisf.axisf/grf.rf/gntv_or_sync_fifo.gl0.rd/gr1.gr1_int.rfwft/out[1]
    SLICE_X10Y215        FDCE                                         f  xdma_ddr3_i/xdma_0/inst/xdma_ddr3_xdma_0_0_pcie2_to_pcie3_wrapper_i/xdma_ddr3_xdma_0_0_axi_stream_intf_i/xdma_ddr3_xdma_0_0_rx_demux_i/dma_cpl_fifo_inst/U0/inst_fifo_gen/gaxis_fifo.gaxisf.axisf/grf.rf/gntv_or_sync_fifo.gl0.rd/gr1.gr1_int.rfwft/gfwft_rst_done.fwft_rst_done_reg/CLR
  -------------------------------------------------------------------    -------------------

                         (clock userclk2 rise edge)
                                                      0.000     0.000 r  
    GTPE2_CHANNEL_X0Y4   GTPE2_CHANNEL                0.000     0.000 r  xdma_ddr3_i/xdma_0/inst/xdma_ddr3_xdma_0_0_pcie2_to_pcie3_wrapper_i/pcie2_ip_i/inst/inst/gt_top_i/pipe_wrapper_i/pipe_lane[0].gt_wrapper_i/gtp_channel.gtpe2_channel_i/TXOUTCLK
                         net (fo=1, routed)           0.529     0.529    xdma_ddr3_i/xdma_0/inst/xdma_ddr3_xdma_0_0_pcie2_to_pcie3_wrapper_i/pcie2_ip_i/inst/inst/gt_top_i/pipe_wrapper_i/pipe_clock_int.pipe_clock_i/txoutclk_i.txoutclk_i_0
    BUFGCTRL_X0Y17       BUFG (Prop_bufg_I_O)         0.029     0.558 r  xdma_ddr3_i/xdma_0/inst/xdma_ddr3_xdma_0_0_pcie2_to_pcie3_wrapper_i/pcie2_ip_i/inst/inst/gt_top_i/pipe_wrapper_i/pipe_clock_int.pipe_clock_i/txoutclk_i.txoutclk_i/O
                         net (fo=1, routed)           0.881     1.438    xdma_ddr3_i/xdma_0/inst/xdma_ddr3_xdma_0_0_pcie2_to_pcie3_wrapper_i/pcie2_ip_i/inst/inst/gt_top_i/pipe_wrapper_i/pipe_clock_int.pipe_clock_i/refclk
    MMCME2_ADV_X0Y2      MMCME2_ADV (Prop_mmcme2_adv_CLKIN1_CLKOUT3)
                                                      0.053     1.491 r  xdma_ddr3_i/xdma_0/inst/xdma_ddr3_xdma_0_0_pcie2_to_pcie3_wrapper_i/pcie2_ip_i/inst/inst/gt_top_i/pipe_wrapper_i/pipe_clock_int.pipe_clock_i/mmcm_i/CLKOUT3
                         net (fo=1, routed)           0.595     2.086    xdma_ddr3_i/xdma_0/inst/xdma_ddr3_xdma_0_0_pcie2_to_pcie3_wrapper_i/pcie2_ip_i/inst/inst/gt_top_i/pipe_wrapper_i/pipe_clock_int.pipe_clock_i/userclk2
    BUFGCTRL_X0Y0        BUFG (Prop_bufg_I_O)         0.029     2.115 r  xdma_ddr3_i/xdma_0/inst/xdma_ddr3_xdma_0_0_pcie2_to_pcie3_wrapper_i/pcie2_ip_i/inst/inst/gt_top_i/pipe_wrapper_i/pipe_clock_int.pipe_clock_i/userclk2_i1.usrclk2_i1/O
                         net (fo=37467, routed)       0.983     3.098    xdma_ddr3_i/xdma_0/inst/xdma_ddr3_xdma_0_0_pcie2_to_pcie3_wrapper_i/xdma_ddr3_xdma_0_0_axi_stream_intf_i/xdma_ddr3_xdma_0_0_rx_demux_i/dma_cpl_fifo_inst/U0/inst_fifo_gen/gaxis_fifo.gaxisf.axisf/grf.rf/gntv_or_sync_fifo.gl0.rd/gr1.gr1_int.rfwft/s_aclk
    SLICE_X10Y215        FDCE                                         r  xdma_ddr3_i/xdma_0/inst/xdma_ddr3_xdma_0_0_pcie2_to_pcie3_wrapper_i/xdma_ddr3_xdma_0_0_axi_stream_intf_i/xdma_ddr3_xdma_0_0_rx_demux_i/dma_cpl_fifo_inst/U0/inst_fifo_gen/gaxis_fifo.gaxisf.axisf/grf.rf/gntv_or_sync_fifo.gl0.rd/gr1.gr1_int.rfwft/gfwft_rst_done.fwft_rst_done_reg/C
                         clock pessimism             -0.624     2.474    
    SLICE_X10Y215        FDCE (Remov_fdce_C_CLR)     -0.067     2.407    xdma_ddr3_i/xdma_0/inst/xdma_ddr3_xdma_0_0_pcie2_to_pcie3_wrapper_i/xdma_ddr3_xdma_0_0_axi_stream_intf_i/xdma_ddr3_xdma_0_0_rx_demux_i/dma_cpl_fifo_inst/U0/inst_fifo_gen/gaxis_fifo.gaxisf.axisf/grf.rf/gntv_or_sync_fifo.gl0.rd/gr1.gr1_int.rfwft/gfwft_rst_done.fwft_rst_done_reg
  -------------------------------------------------------------------
                         required time                         -2.407    
                         arrival time                           2.750    
  -------------------------------------------------------------------
                         slack                                  0.343    





---------------------------------------------------------------------------------------------------
Path Group:  **default**
From Clock:  
  To Clock:  

Setup :            0  Failing Endpoints,  Worst Slack        3.182ns,  Total Violation        0.000ns
Hold  :           NA  Failing Endpoints,  Worst Slack           NA  ,  Total Violation           NA
---------------------------------------------------------------------------------------------------


Max Delay Paths
--------------------------------------------------------------------------------------
Slack (MET) :             3.182ns  (required time - arrival time)
  Source:                 xdma_ddr3_i/mig_7series_0/u_xdma_ddr3_mig_7series_0_0_mig/u_ddr3_infrastructure/rstdiv0_sync_r1_reg_rep/C
                            (rising edge-triggered cell FDPE)
  Destination:            xdma_ddr3_i/mig_7series_0/u_xdma_ddr3_mig_7series_0_0_mig/u_memc_ui_top_axi/mem_intfc0/ddr_phy_top0/u_ddr_mc_phy_wrapper/u_ddr_mc_phy/ddr_phy_4lanes_0.u_ddr_phy_4lanes/phy_control_i/RESET
  Path Group:             **default**
  Path Type:              Max at Slow Process Corner
  Requirement:            5.000ns  (MaxDelay Path 5.000ns)
  Data Path Delay:        1.818ns  (logic 0.379ns (20.844%)  route 1.439ns (79.156%))
  Logic Levels:           1  (FDPE=1)
  Output Delay:           0.000ns
  Timing Exception:       MaxDelay Path 5.000ns -datapath_only

    Location             Delay type                Incr(ns)  Path(ns)    Netlist Resource(s)
  -------------------------------------------------------------------    -------------------
    SLICE_X153Y127       FDPE                         0.000     0.000 r  xdma_ddr3_i/mig_7series_0/u_xdma_ddr3_mig_7series_0_0_mig/u_ddr3_infrastructure/rstdiv0_sync_r1_reg_rep/C
    SLICE_X153Y127       FDPE (Prop_fdpe_C_Q)         0.379     0.379 r  xdma_ddr3_i/mig_7series_0/u_xdma_ddr3_mig_7series_0_0_mig/u_ddr3_infrastructure/rstdiv0_sync_r1_reg_rep/Q
                         net (fo=32, routed)          1.439     1.818    xdma_ddr3_i/mig_7series_0/u_xdma_ddr3_mig_7series_0_0_mig/u_memc_ui_top_axi/mem_intfc0/ddr_phy_top0/u_ddr_mc_phy_wrapper/u_ddr_mc_phy/ddr_phy_4lanes_0.u_ddr_phy_4lanes/in0
    PHY_CONTROL_X1Y2     PHY_CONTROL                                  r  xdma_ddr3_i/mig_7series_0/u_xdma_ddr3_mig_7series_0_0_mig/u_memc_ui_top_axi/mem_intfc0/ddr_phy_top0/u_ddr_mc_phy_wrapper/u_ddr_mc_phy/ddr_phy_4lanes_0.u_ddr_phy_4lanes/phy_control_i/RESET
  -------------------------------------------------------------------    -------------------

                         max delay                    5.000     5.000    
    PHY_CONTROL_X1Y2     PHY_CONTROL                  0.000     5.000    xdma_ddr3_i/mig_7series_0/u_xdma_ddr3_mig_7series_0_0_mig/u_memc_ui_top_axi/mem_intfc0/ddr_phy_top0/u_ddr_mc_phy_wrapper/u_ddr_mc_phy/ddr_phy_4lanes_0.u_ddr_phy_4lanes/phy_control_i
                         output delay                -0.000     5.000    
  -------------------------------------------------------------------
                         required time                          5.000    
                         arrival time                          -1.818    
  -------------------------------------------------------------------
                         slack                                  3.182    





---------------------------------------------------------------------------------------------------
Path Group:  **default**
From Clock:  userclk2
  To Clock:  

Setup :            0  Failing Endpoints,  Worst Slack        6.754ns,  Total Violation        0.000ns
Hold  :           NA  Failing Endpoints,  Worst Slack           NA  ,  Total Violation           NA
---------------------------------------------------------------------------------------------------


Max Delay Paths
--------------------------------------------------------------------------------------
Slack (MET) :             6.754ns  (required time - arrival time)
  Source:                 xdma_ddr3_i/axi_smc/inst/m01_nodes/m01_w_node/inst/inst_mi_handler/gen_normal_area.inst_fifo_node_payld/gen_xpm_memory_fifo.inst_fifo/gen_async_clocks.inst_cdc_addra_to_rd_clk/src_gray_ff_reg[1]/C
                            (rising edge-triggered cell FDRE clocked by userclk2  {rise@0.000ns fall@4.000ns period=8.000ns})
  Destination:            xdma_ddr3_i/axi_smc/inst/m01_nodes/m01_w_node/inst/inst_mi_handler/gen_normal_area.inst_fifo_node_payld/gen_xpm_memory_fifo.inst_fifo/gen_async_clocks.inst_cdc_addra_to_rd_clk/dest_graysync_ff_reg[0][1]/D
  Path Group:             **default**
  Path Type:              Setup (Max at Slow Process Corner)
  Requirement:            8.000ns  (MaxDelay Path 8.000ns)
  Data Path Delay:        1.040ns  (logic 0.398ns (38.278%)  route 0.642ns (61.722%))
  Logic Levels:           0  
  Timing Exception:       MaxDelay Path 8.000ns -datapath_only

    Location             Delay type                Incr(ns)  Path(ns)    Netlist Resource(s)
  -------------------------------------------------------------------    -------------------
    SLICE_X96Y137                                     0.000     0.000 r  xdma_ddr3_i/axi_smc/inst/m01_nodes/m01_w_node/inst/inst_mi_handler/gen_normal_area.inst_fifo_node_payld/gen_xpm_memory_fifo.inst_fifo/gen_async_clocks.inst_cdc_addra_to_rd_clk/src_gray_ff_reg[1]/C
    SLICE_X96Y137        FDRE (Prop_fdre_C_Q)         0.398     0.398 r  xdma_ddr3_i/axi_smc/inst/m01_nodes/m01_w_node/inst/inst_mi_handler/gen_normal_area.inst_fifo_node_payld/gen_xpm_memory_fifo.inst_fifo/gen_async_clocks.inst_cdc_addra_to_rd_clk/src_gray_ff_reg[1]/Q
                         net (fo=1, routed)           0.642     1.040    xdma_ddr3_i/axi_smc/inst/m01_nodes/m01_w_node/inst/inst_mi_handler/gen_normal_area.inst_fifo_node_payld/gen_xpm_memory_fifo.inst_fifo/gen_async_clocks.inst_cdc_addra_to_rd_clk/async_path[1]
    SLICE_X95Y137        FDRE                                         r  xdma_ddr3_i/axi_smc/inst/m01_nodes/m01_w_node/inst/inst_mi_handler/gen_normal_area.inst_fifo_node_payld/gen_xpm_memory_fifo.inst_fifo/gen_async_clocks.inst_cdc_addra_to_rd_clk/dest_graysync_ff_reg[0][1]/D
  -------------------------------------------------------------------    -------------------

                         max delay                    8.000     8.000    
    SLICE_X95Y137        FDRE (Setup_fdre_C_D)       -0.206     7.794    xdma_ddr3_i/axi_smc/inst/m01_nodes/m01_w_node/inst/inst_mi_handler/gen_normal_area.inst_fifo_node_payld/gen_xpm_memory_fifo.inst_fifo/gen_async_clocks.inst_cdc_addra_to_rd_clk/dest_graysync_ff_reg[0][1]
  -------------------------------------------------------------------
                         required time                          7.794    
                         arrival time                          -1.040    
  -------------------------------------------------------------------
                         slack                                  6.754    





