Copyright 1986-2021 Xilinx, Inc. All Rights Reserved.
--------------------------------------------------------------------------------------------------------------------
| Tool Version : Vivado v.2021.2 (win64) Build 3367213 Tue Oct 19 02:48:09 MDT 2021
| Date         : Tue Aug 25 13:59:16 2026
| Host         : DESKTOP-27KRDOC running 64-bit major release  (build 9200)
| Command      : report_utilization -hierarchical -file C:/A7_M2/EXAMPLES/XDMA_DDR3/scripts/util_with_core_hier.rpt
| Design       : xdma_ddr3_core_top
| Device       : xc7a200tfbg484-2
| Speed File   : -2
| Design State : Synthesized
--------------------------------------------------------------------------------------------------------------------

Utilization Design Information

Table of Contents
-----------------
1. Utilization by Hierarchy

1. Utilization by Hierarchy
---------------------------

+-------------------------------------------------------------------------------------------------------+-----------------------------------------------------------------------------------------+------------+------------+---------+------+-------+--------+--------+------------+
|                                                Instance                                               |                                          Module                                         | Total LUTs | Logic LUTs | LUTRAMs | SRLs |  FFs  | RAMB36 | RAMB18 | DSP Blocks |
+-------------------------------------------------------------------------------------------------------+-----------------------------------------------------------------------------------------+------------+------------+---------+------+-------+--------+--------+------------+
| xdma_ddr3_core_top                                                                                    |                                                                                   (top) |     103566 |      98121 |    4708 |  737 | 63608 |     36 |      1 |          1 |
|   (xdma_ddr3_core_top)                                                                                |                                                                                   (top) |          0 |          0 |       0 |    0 |     0 |      0 |      0 |          0 |
|   u_icap                                                                                              |                                                                               icap_ctrl |        242 |        242 |       0 |    0 |   311 |      0 |      0 |          0 |
|   u_tdot                                                                                              |                                                                               tdot_axi4 |      63573 |      63509 |      64 |    0 | 19227 |      0 |      0 |          0 |
|     (u_tdot)                                                                                          |                                                                               tdot_axi4 |       8659 |       8595 |      64 |    0 |  3650 |      0 |      0 |          0 |
|     u_core                                                                                            |                                                                     compute_dot_par_raw |      54916 |      54916 |       0 |    0 | 15577 |      0 |      0 |          0 |
|       (u_core)                                                                                        |                                                                     compute_dot_par_raw |       1979 |       1979 |       0 |    0 |  6235 |      0 |      0 |          0 |
|       gen_mac[0].u_mul                                                                                |                                                                               tfmul_raw |       1592 |       1592 |       0 |    0 |   282 |      0 |      0 |          0 |
|       gen_mac[10].u_mul                                                                               |                                                                             tfmul_raw_0 |       1594 |       1594 |       0 |    0 |   282 |      0 |      0 |          0 |
|       gen_mac[11].u_mul                                                                               |                                                                             tfmul_raw_1 |       1591 |       1591 |       0 |    0 |   282 |      0 |      0 |          0 |
|       gen_mac[12].u_mul                                                                               |                                                                             tfmul_raw_2 |       1592 |       1592 |       0 |    0 |   282 |      0 |      0 |          0 |
|       gen_mac[13].u_mul                                                                               |                                                                             tfmul_raw_3 |       1592 |       1592 |       0 |    0 |   282 |      0 |      0 |          0 |
|       gen_mac[14].u_mul                                                                               |                                                                             tfmul_raw_4 |       1591 |       1591 |       0 |    0 |   282 |      0 |      0 |          0 |
|       gen_mac[15].u_mul                                                                               |                                                                             tfmul_raw_5 |       1591 |       1591 |       0 |    0 |   282 |      0 |      0 |          0 |
|       gen_mac[16].u_mul                                                                               |                                                                             tfmul_raw_6 |       1595 |       1595 |       0 |    0 |   282 |      0 |      0 |          0 |
|       gen_mac[17].u_mul                                                                               |                                                                             tfmul_raw_7 |       1591 |       1591 |       0 |    0 |   282 |      0 |      0 |          0 |
|       gen_mac[18].u_mul                                                                               |                                                                             tfmul_raw_8 |       1611 |       1611 |       0 |    0 |   282 |      0 |      0 |          0 |
|       gen_mac[19].u_mul                                                                               |                                                                             tfmul_raw_9 |       1593 |       1593 |       0 |    0 |   282 |      0 |      0 |          0 |
|       gen_mac[1].u_mul                                                                                |                                                                            tfmul_raw_10 |       1591 |       1591 |       0 |    0 |   282 |      0 |      0 |          0 |
|       gen_mac[20].u_mul                                                                               |                                                                            tfmul_raw_11 |       1591 |       1591 |       0 |    0 |   282 |      0 |      0 |          0 |
|       gen_mac[21].u_mul                                                                               |                                                                            tfmul_raw_12 |       1591 |       1591 |       0 |    0 |   282 |      0 |      0 |          0 |
|       gen_mac[22].u_mul                                                                               |                                                                            tfmul_raw_13 |       1593 |       1593 |       0 |    0 |   282 |      0 |      0 |          0 |
|       gen_mac[23].u_mul                                                                               |                                                                            tfmul_raw_14 |       1591 |       1591 |       0 |    0 |   282 |      0 |      0 |          0 |
|       gen_mac[24].u_mul                                                                               |                                                                            tfmul_raw_15 |       1594 |       1594 |       0 |    0 |   282 |      0 |      0 |          0 |
|       gen_mac[25].u_mul                                                                               |                                                                            tfmul_raw_16 |       1591 |       1591 |       0 |    0 |   282 |      0 |      0 |          0 |
|       gen_mac[26].u_mul                                                                               |                                                                            tfmul_raw_17 |       1603 |       1603 |       0 |    0 |   282 |      0 |      0 |          0 |
|       gen_mac[27].u_mul                                                                               |                                                                            tfmul_raw_18 |       1591 |       1591 |       0 |    0 |   282 |      0 |      0 |          0 |
|       gen_mac[28].u_mul                                                                               |                                                                            tfmul_raw_19 |       1594 |       1594 |       0 |    0 |   282 |      0 |      0 |          0 |
|       gen_mac[29].u_mul                                                                               |                                                                            tfmul_raw_20 |       1591 |       1591 |       0 |    0 |   282 |      0 |      0 |          0 |
|       gen_mac[2].u_mul                                                                                |                                                                            tfmul_raw_21 |       1591 |       1591 |       0 |    0 |   282 |      0 |      0 |          0 |
|       gen_mac[30].u_mul                                                                               |                                                                            tfmul_raw_22 |       1592 |       1592 |       0 |    0 |   282 |      0 |      0 |          0 |
|       gen_mac[31].u_mul                                                                               |                                                                            tfmul_raw_23 |       1591 |       1591 |       0 |    0 |   282 |      0 |      0 |          0 |
|       gen_mac[3].u_mul                                                                                |                                                                            tfmul_raw_24 |       1591 |       1591 |       0 |    0 |   282 |      0 |      0 |          0 |
|       gen_mac[4].u_mul                                                                                |                                                                            tfmul_raw_25 |       1592 |       1592 |       0 |    0 |   282 |      0 |      0 |          0 |
|       gen_mac[5].u_mul                                                                                |                                                                            tfmul_raw_26 |       1591 |       1591 |       0 |    0 |   282 |      0 |      0 |          0 |
|       gen_mac[6].u_mul                                                                                |                                                                            tfmul_raw_27 |       1591 |       1591 |       0 |    0 |   282 |      0 |      0 |          0 |
|       gen_mac[7].u_mul                                                                                |                                                                            tfmul_raw_28 |       1592 |       1592 |       0 |    0 |   282 |      0 |      0 |          0 |
|       gen_mac[8].u_mul                                                                                |                                                                            tfmul_raw_29 |       1593 |       1593 |       0 |    0 |   282 |      0 |      0 |          0 |
|       gen_mac[9].u_mul                                                                                |                                                                            tfmul_raw_30 |       1591 |       1591 |       0 |    0 |   282 |      0 |      0 |          0 |
|       u_add                                                                                           |                                                                               tfadd_raw |       1968 |       1968 |       0 |    0 |   318 |      0 |      0 |          0 |
|   u_xadc                                                                                              |                                                                               xadc_temp |         98 |         98 |       0 |    0 |   114 |      0 |      0 |          1 |
|   xdma_ddr3_i                                                                                         |                                                                               xdma_ddr3 |      39653 |      34272 |    4644 |  737 | 43956 |     36 |      1 |          0 |
|     (xdma_ddr3_i)                                                                                     |                                                                               xdma_ddr3 |          0 |          0 |       0 |    0 |     0 |      0 |      0 |          0 |
|     axi_bram_ctrl_0                                                                                   |                                                             xdma_ddr3_axi_bram_ctrl_0_0 |        294 |        294 |       0 |    0 |   360 |      0 |      0 |          0 |
|       (axi_bram_ctrl_0)                                                                               |                                                             xdma_ddr3_axi_bram_ctrl_0_0 |          0 |          0 |       0 |    0 |     0 |      0 |      0 |          0 |
|       U0                                                                                              |                                               xdma_ddr3_axi_bram_ctrl_0_0_axi_bram_ctrl |        294 |        294 |       0 |    0 |   360 |      0 |      0 |          0 |
|         (U0)                                                                                          |                                               xdma_ddr3_axi_bram_ctrl_0_0_axi_bram_ctrl |          0 |          0 |       0 |    0 |     0 |      0 |      0 |          0 |
|         gext_inst.abcv4_0_ext_inst                                                                    |                                           xdma_ddr3_axi_bram_ctrl_0_0_axi_bram_ctrl_top |        294 |        294 |       0 |    0 |   360 |      0 |      0 |          0 |
|           GEN_AXI4.I_FULL_AXI                                                                         |                                                    xdma_ddr3_axi_bram_ctrl_0_0_full_axi |        294 |        294 |       0 |    0 |   360 |      0 |      0 |          0 |
|             I_RD_CHNL                                                                                 |                                                     xdma_ddr3_axi_bram_ctrl_0_0_rd_chnl |        193 |        193 |       0 |    0 |   218 |      0 |      0 |          0 |
|               (I_RD_CHNL)                                                                             |                                                     xdma_ddr3_axi_bram_ctrl_0_0_rd_chnl |        154 |        154 |       0 |    0 |   206 |      0 |      0 |          0 |
|               GEN_NO_RD_CMD_OPT.I_WRAP_BRST                                                           |                                                 xdma_ddr3_axi_bram_ctrl_0_0_wrap_brst_0 |         39 |         39 |       0 |    0 |    12 |      0 |      0 |          0 |
|             I_WR_CHNL                                                                                 |                                                     xdma_ddr3_axi_bram_ctrl_0_0_wr_chnl |        101 |        101 |       0 |    0 |   142 |      0 |      0 |          0 |
|               (I_WR_CHNL)                                                                             |                                                     xdma_ddr3_axi_bram_ctrl_0_0_wr_chnl |         60 |         60 |       0 |    0 |   130 |      0 |      0 |          0 |
|               I_WRAP_BRST                                                                             |                                                   xdma_ddr3_axi_bram_ctrl_0_0_wrap_brst |         41 |         41 |       0 |    0 |    12 |      0 |      0 |          0 |
|     axi_bram_ctrl_0_bram                                                                              |                                                        xdma_ddr3_axi_bram_ctrl_0_bram_0 |          0 |          0 |       0 |    0 |     0 |      2 |      0 |          0 |
|       (axi_bram_ctrl_0_bram)                                                                          |                                                        xdma_ddr3_axi_bram_ctrl_0_bram_0 |          0 |          0 |       0 |    0 |     0 |      0 |      0 |          0 |
|       U0                                                                                              |                                     xdma_ddr3_axi_bram_ctrl_0_bram_0_blk_mem_gen_v8_4_5 |          0 |          0 |       0 |    0 |     0 |      2 |      0 |          0 |
|         (U0)                                                                                          |                                     xdma_ddr3_axi_bram_ctrl_0_bram_0_blk_mem_gen_v8_4_5 |          0 |          0 |       0 |    0 |     0 |      0 |      0 |          0 |
|         inst_blk_mem_gen                                                                              |                               xdma_ddr3_axi_bram_ctrl_0_bram_0_blk_mem_gen_v8_4_5_synth |          0 |          0 |       0 |    0 |     0 |      2 |      0 |          0 |
|           gnbram.gnative_mem_map_bmg.native_mem_map_blk_mem_gen                                       |                                        xdma_ddr3_axi_bram_ctrl_0_bram_0_blk_mem_gen_top |          0 |          0 |       0 |    0 |     0 |      2 |      0 |          0 |
|             valid.cstr                                                                                |                               xdma_ddr3_axi_bram_ctrl_0_bram_0_blk_mem_gen_generic_cstr |          0 |          0 |       0 |    0 |     0 |      2 |      0 |          0 |
|               ramloop[0].ram.r                                                                        |                                 xdma_ddr3_axi_bram_ctrl_0_bram_0_blk_mem_gen_prim_width |          0 |          0 |       0 |    0 |     0 |      1 |      0 |          0 |
|                 prim_noinit.ram                                                                       |                               xdma_ddr3_axi_bram_ctrl_0_bram_0_blk_mem_gen_prim_wrapper |          0 |          0 |       0 |    0 |     0 |      1 |      0 |          0 |
|               ramloop[1].ram.r                                                                        |                 xdma_ddr3_axi_bram_ctrl_0_bram_0_blk_mem_gen_prim_width__parameterized0 |          0 |          0 |       0 |    0 |     0 |      1 |      0 |          0 |
|                 prim_noinit.ram                                                                       |               xdma_ddr3_axi_bram_ctrl_0_bram_0_blk_mem_gen_prim_wrapper__parameterized0 |          0 |          0 |       0 |    0 |     0 |      1 |      0 |          0 |
|     axi_gpio_0                                                                                        |                                                                  xdma_ddr3_axi_gpio_0_0 |         40 |         40 |       0 |    0 |    44 |      0 |      0 |          0 |
|       (axi_gpio_0)                                                                                    |                                                                  xdma_ddr3_axi_gpio_0_0 |          0 |          0 |       0 |    0 |     0 |      0 |      0 |          0 |
|       U0                                                                                              |                                                         xdma_ddr3_axi_gpio_0_0_axi_gpio |         40 |         40 |       0 |    0 |    44 |      0 |      0 |          0 |
|         (U0)                                                                                          |                                                         xdma_ddr3_axi_gpio_0_0_axi_gpio |          0 |          0 |       0 |    0 |     6 |      0 |      0 |          0 |
|         AXI_LITE_IPIF_I                                                                               |                                                    xdma_ddr3_axi_gpio_0_0_axi_lite_ipif |         29 |         29 |       0 |    0 |    30 |      0 |      0 |          0 |
|           I_SLAVE_ATTACHMENT                                                                          |                                                 xdma_ddr3_axi_gpio_0_0_slave_attachment |         29 |         29 |       0 |    0 |    30 |      0 |      0 |          0 |
|             (I_SLAVE_ATTACHMENT)                                                                      |                                                 xdma_ddr3_axi_gpio_0_0_slave_attachment |         20 |         20 |       0 |    0 |    24 |      0 |      0 |          0 |
|             I_DECODER                                                                                 |                                                  xdma_ddr3_axi_gpio_0_0_address_decoder |          9 |          9 |       0 |    0 |     6 |      0 |      0 |          0 |
|               (I_DECODER)                                                                             |                                                  xdma_ddr3_axi_gpio_0_0_address_decoder |          7 |          7 |       0 |    0 |     6 |      0 |      0 |          0 |
|               MEM_DECODE_GEN[0].PER_CE_GEN[0].MULTIPLE_CES_THIS_CS_GEN.CE_I                           |                                                        xdma_ddr3_axi_gpio_0_0_pselect_f |          1 |          1 |       0 |    0 |     0 |      0 |      0 |          0 |
|               MEM_DECODE_GEN[0].PER_CE_GEN[2].MULTIPLE_CES_THIS_CS_GEN.CE_I                           |                                        xdma_ddr3_axi_gpio_0_0_pselect_f__parameterized1 |          1 |          1 |       0 |    0 |     0 |      0 |      0 |          0 |
|         gpio_core_1                                                                                   |                                                        xdma_ddr3_axi_gpio_0_0_GPIO_Core |         11 |         11 |       0 |    0 |     8 |      0 |      0 |          0 |
|     axi_smc                                                                                           |                                                                     xdma_ddr3_axi_smc_0 |      10274 |       8144 |    1628 |  502 | 13853 |      0 |      0 |          0 |
|       (axi_smc)                                                                                       |                                                                     xdma_ddr3_axi_smc_0 |          0 |          0 |       0 |    0 |     0 |      0 |      0 |          0 |
|       inst                                                                                            |                                                             xdma_ddr3_axi_smc_0_bd_a1ba |      10274 |       8144 |    1628 |  502 | 13853 |      0 |      0 |          0 |
|         (inst)                                                                                        |                                                             xdma_ddr3_axi_smc_0_bd_a1ba |          0 |          0 |       0 |    0 |     0 |      0 |      0 |          0 |
|         clk_map                                                                                       |                                                 xdma_ddr3_axi_smc_0_clk_map_imp_1QFEA8G |         40 |         37 |       0 |    3 |    82 |      0 |      0 |          0 |
|           psr0                                                                                        |                                                      xdma_ddr3_axi_smc_0_bd_a1ba_psr0_0 |         13 |         12 |       0 |    1 |    22 |      0 |      0 |          0 |
|             U0                                                                                        |                                                  xdma_ddr3_axi_smc_0_proc_sys_reset_841 |         13 |         12 |       0 |    1 |    22 |      0 |      0 |          0 |
|               (U0)                                                                                    |                                                  xdma_ddr3_axi_smc_0_proc_sys_reset_841 |          0 |          0 |       0 |    0 |     1 |      0 |      0 |          0 |
|               EXT_LPF                                                                                 |                                                             xdma_ddr3_axi_smc_0_lpf_842 |          3 |          2 |       0 |    1 |     6 |      0 |      0 |          0 |
|                 (EXT_LPF)                                                                             |                                                             xdma_ddr3_axi_smc_0_lpf_842 |          3 |          2 |       0 |    1 |     2 |      0 |      0 |          0 |
|                 ACTIVE_LOW_AUX.ACT_LO_AUX                                                             |                                                        xdma_ddr3_axi_smc_0_cdc_sync_845 |          0 |          0 |       0 |    0 |     4 |      0 |      0 |          0 |
|               SEQ                                                                                     |                                                    xdma_ddr3_axi_smc_0_sequence_psr_843 |         10 |         10 |       0 |    0 |    15 |      0 |      0 |          0 |
|                 (SEQ)                                                                                 |                                                    xdma_ddr3_axi_smc_0_sequence_psr_843 |          5 |          5 |       0 |    0 |     9 |      0 |      0 |          0 |
|                 SEQ_COUNTER                                                                           |                                                         xdma_ddr3_axi_smc_0_upcnt_n_844 |          5 |          5 |       0 |    0 |     6 |      0 |      0 |          0 |
|           psr_aclk                                                                                    |                                                  xdma_ddr3_axi_smc_0_bd_a1ba_psr_aclk_0 |         14 |         13 |       0 |    1 |    30 |      0 |      0 |          0 |
|             U0                                                                                        |                                                  xdma_ddr3_axi_smc_0_proc_sys_reset_835 |         14 |         13 |       0 |    1 |    30 |      0 |      0 |          0 |
|               (U0)                                                                                    |                                                  xdma_ddr3_axi_smc_0_proc_sys_reset_835 |          0 |          0 |       0 |    0 |     1 |      0 |      0 |          0 |
|               EXT_LPF                                                                                 |                                                             xdma_ddr3_axi_smc_0_lpf_836 |          4 |          3 |       0 |    1 |    14 |      0 |      0 |          0 |
|                 (EXT_LPF)                                                                             |                                                             xdma_ddr3_axi_smc_0_lpf_836 |          2 |          1 |       0 |    1 |     6 |      0 |      0 |          0 |
|                 ACTIVE_LOW_AUX.ACT_LO_AUX                                                             |                                                        xdma_ddr3_axi_smc_0_cdc_sync_839 |          1 |          1 |       0 |    0 |     4 |      0 |      0 |          0 |
|                 ACTIVE_LOW_EXT.ACT_LO_EXT                                                             |                                                        xdma_ddr3_axi_smc_0_cdc_sync_840 |          1 |          1 |       0 |    0 |     4 |      0 |      0 |          0 |
|               SEQ                                                                                     |                                                    xdma_ddr3_axi_smc_0_sequence_psr_837 |         10 |         10 |       0 |    0 |    15 |      0 |      0 |          0 |
|                 (SEQ)                                                                                 |                                                    xdma_ddr3_axi_smc_0_sequence_psr_837 |          5 |          5 |       0 |    0 |     9 |      0 |      0 |          0 |
|                 SEQ_COUNTER                                                                           |                                                         xdma_ddr3_axi_smc_0_upcnt_n_838 |          5 |          5 |       0 |    0 |     6 |      0 |      0 |          0 |
|           psr_aclk1                                                                                   |                                                 xdma_ddr3_axi_smc_0_bd_a1ba_psr_aclk1_0 |         13 |         12 |       0 |    1 |    30 |      0 |      0 |          0 |
|             U0                                                                                        |                                                      xdma_ddr3_axi_smc_0_proc_sys_reset |         13 |         12 |       0 |    1 |    30 |      0 |      0 |          0 |
|               (U0)                                                                                    |                                                      xdma_ddr3_axi_smc_0_proc_sys_reset |          0 |          0 |       0 |    0 |     1 |      0 |      0 |          0 |
|               EXT_LPF                                                                                 |                                                                 xdma_ddr3_axi_smc_0_lpf |          3 |          2 |       0 |    1 |    14 |      0 |      0 |          0 |
|                 (EXT_LPF)                                                                             |                                                                 xdma_ddr3_axi_smc_0_lpf |          2 |          1 |       0 |    1 |     6 |      0 |      0 |          0 |
|                 ACTIVE_LOW_AUX.ACT_LO_AUX                                                             |                                                            xdma_ddr3_axi_smc_0_cdc_sync |          0 |          0 |       0 |    0 |     4 |      0 |      0 |          0 |
|                 ACTIVE_LOW_EXT.ACT_LO_EXT                                                             |                                                        xdma_ddr3_axi_smc_0_cdc_sync_834 |          1 |          1 |       0 |    0 |     4 |      0 |      0 |          0 |
|               SEQ                                                                                     |                                                        xdma_ddr3_axi_smc_0_sequence_psr |         10 |         10 |       0 |    0 |    15 |      0 |      0 |          0 |
|                 (SEQ)                                                                                 |                                                        xdma_ddr3_axi_smc_0_sequence_psr |          5 |          5 |       0 |    0 |     9 |      0 |      0 |          0 |
|                 SEQ_COUNTER                                                                           |                                                             xdma_ddr3_axi_smc_0_upcnt_n |          5 |          5 |       0 |    0 |     6 |      0 |      0 |          0 |
|         m00_exit_pipeline                                                                             |                                        xdma_ddr3_axi_smc_0_m00_exit_pipeline_imp_6QWP6Z |        238 |        218 |       0 |   20 |   483 |      0 |      0 |          0 |
|           m00_exit                                                                                    |                                                      xdma_ddr3_axi_smc_0_bd_a1ba_m00e_0 |        238 |        218 |       0 |   20 |   483 |      0 |      0 |          0 |
|             (m00_exit)                                                                                |                                                      xdma_ddr3_axi_smc_0_bd_a1ba_m00e_0 |          0 |          0 |       0 |    0 |     0 |      0 |      0 |          0 |
|             inst                                                                                      |                                                 xdma_ddr3_axi_smc_0_sc_exit_v1_0_12_top |        238 |        218 |       0 |   20 |   483 |      0 |      0 |          0 |
|               (inst)                                                                                  |                                                 xdma_ddr3_axi_smc_0_sc_exit_v1_0_12_top |          1 |          1 |       0 |    0 |     2 |      0 |      0 |          0 |
|               ar_reg                                                                                  |                                    xdma_ddr3_axi_smc_0_sc_util_v1_0_4_axi_reg_stall_807 |         30 |         30 |       0 |    0 |    72 |      0 |      0 |          0 |
|               aw_reg                                                                                  |                                    xdma_ddr3_axi_smc_0_sc_util_v1_0_4_axi_reg_stall_808 |         30 |         30 |       0 |    0 |    72 |      0 |      0 |          0 |
|               b_reg                                                                                   |                                    xdma_ddr3_axi_smc_0_sc_util_v1_0_4_axi_reg_stall_809 |          9 |          9 |       0 |    0 |     8 |      0 |      0 |          0 |
|               exit_inst                                                                               |                                                xdma_ddr3_axi_smc_0_sc_exit_v1_0_12_exit |         81 |         61 |       0 |   20 |    38 |      0 |      0 |          0 |
|                 (exit_inst)                                                                           |                                                xdma_ddr3_axi_smc_0_sc_exit_v1_0_12_exit |          2 |          2 |       0 |    0 |     1 |      0 |      0 |          0 |
|                 gen_r_cmd_fifo.r_cmd_fifo                                                             |                                xdma_ddr3_axi_smc_0_sc_util_v1_0_4_axic_reg_srl_fifo_812 |         58 |         41 |       0 |   17 |    26 |      0 |      0 |          0 |
|                   (gen_r_cmd_fifo.r_cmd_fifo)                                                         |                                xdma_ddr3_axi_smc_0_sc_util_v1_0_4_axic_reg_srl_fifo_812 |         23 |         23 |       0 |    0 |    26 |      0 |      0 |          0 |
|                   gen_srls[10].srl_nx1                                                                |                                          xdma_ddr3_axi_smc_0_sc_util_v1_0_4_srl_rtl_817 |          2 |          1 |       0 |    1 |     0 |      0 |      0 |          0 |
|                   gen_srls[11].srl_nx1                                                                |                                          xdma_ddr3_axi_smc_0_sc_util_v1_0_4_srl_rtl_818 |          2 |          1 |       0 |    1 |     0 |      0 |      0 |          0 |
|                   gen_srls[12].srl_nx1                                                                |                                          xdma_ddr3_axi_smc_0_sc_util_v1_0_4_srl_rtl_819 |          2 |          1 |       0 |    1 |     0 |      0 |      0 |          0 |
|                   gen_srls[13].srl_nx1                                                                |                                          xdma_ddr3_axi_smc_0_sc_util_v1_0_4_srl_rtl_820 |          2 |          1 |       0 |    1 |     0 |      0 |      0 |          0 |
|                   gen_srls[14].srl_nx1                                                                |                                          xdma_ddr3_axi_smc_0_sc_util_v1_0_4_srl_rtl_821 |          2 |          1 |       0 |    1 |     0 |      0 |      0 |          0 |
|                   gen_srls[15].srl_nx1                                                                |                                          xdma_ddr3_axi_smc_0_sc_util_v1_0_4_srl_rtl_822 |          2 |          1 |       0 |    1 |     0 |      0 |      0 |          0 |
|                   gen_srls[16].srl_nx1                                                                |                                          xdma_ddr3_axi_smc_0_sc_util_v1_0_4_srl_rtl_823 |          2 |          1 |       0 |    1 |     0 |      0 |      0 |          0 |
|                   gen_srls[17].srl_nx1                                                                |                                          xdma_ddr3_axi_smc_0_sc_util_v1_0_4_srl_rtl_824 |          3 |          2 |       0 |    1 |     0 |      0 |      0 |          0 |
|                   gen_srls[1].srl_nx1                                                                 |                                          xdma_ddr3_axi_smc_0_sc_util_v1_0_4_srl_rtl_825 |          2 |          1 |       0 |    1 |     0 |      0 |      0 |          0 |
|                   gen_srls[2].srl_nx1                                                                 |                                          xdma_ddr3_axi_smc_0_sc_util_v1_0_4_srl_rtl_826 |          2 |          1 |       0 |    1 |     0 |      0 |      0 |          0 |
|                   gen_srls[3].srl_nx1                                                                 |                                          xdma_ddr3_axi_smc_0_sc_util_v1_0_4_srl_rtl_827 |          2 |          1 |       0 |    1 |     0 |      0 |      0 |          0 |
|                   gen_srls[4].srl_nx1                                                                 |                                          xdma_ddr3_axi_smc_0_sc_util_v1_0_4_srl_rtl_828 |          2 |          1 |       0 |    1 |     0 |      0 |      0 |          0 |
|                   gen_srls[5].srl_nx1                                                                 |                                          xdma_ddr3_axi_smc_0_sc_util_v1_0_4_srl_rtl_829 |          2 |          1 |       0 |    1 |     0 |      0 |      0 |          0 |
|                   gen_srls[6].srl_nx1                                                                 |                                          xdma_ddr3_axi_smc_0_sc_util_v1_0_4_srl_rtl_830 |          2 |          1 |       0 |    1 |     0 |      0 |      0 |          0 |
|                   gen_srls[7].srl_nx1                                                                 |                                          xdma_ddr3_axi_smc_0_sc_util_v1_0_4_srl_rtl_831 |          2 |          1 |       0 |    1 |     0 |      0 |      0 |          0 |
|                   gen_srls[8].srl_nx1                                                                 |                                          xdma_ddr3_axi_smc_0_sc_util_v1_0_4_srl_rtl_832 |          2 |          1 |       0 |    1 |     0 |      0 |      0 |          0 |
|                   gen_srls[9].srl_nx1                                                                 |                                          xdma_ddr3_axi_smc_0_sc_util_v1_0_4_srl_rtl_833 |          2 |          1 |       0 |    1 |     0 |      0 |      0 |          0 |
|                 gen_w_cmd_fifo.w_cmd_fifo                                                             |                xdma_ddr3_axi_smc_0_sc_util_v1_0_4_axic_reg_srl_fifo__parameterized0_813 |         21 |         18 |       0 |    3 |    11 |      0 |      0 |          0 |
|                   (gen_w_cmd_fifo.w_cmd_fifo)                                                         |                xdma_ddr3_axi_smc_0_sc_util_v1_0_4_axic_reg_srl_fifo__parameterized0_813 |         17 |         17 |       0 |    0 |    11 |      0 |      0 |          0 |
|                   gen_srls[1].srl_nx1                                                                 |                          xdma_ddr3_axi_smc_0_sc_util_v1_0_4_srl_rtl__parameterized0_814 |          1 |          0 |       0 |    1 |     0 |      0 |      0 |          0 |
|                   gen_srls[2].srl_nx1                                                                 |                          xdma_ddr3_axi_smc_0_sc_util_v1_0_4_srl_rtl__parameterized0_815 |          1 |          0 |       0 |    1 |     0 |      0 |      0 |          0 |
|                   gen_srls[3].srl_nx1                                                                 |                          xdma_ddr3_axi_smc_0_sc_util_v1_0_4_srl_rtl__parameterized0_816 |          2 |          1 |       0 |    1 |     0 |      0 |      0 |          0 |
|               r_reg                                                                                   |                                    xdma_ddr3_axi_smc_0_sc_util_v1_0_4_axi_reg_stall_810 |         43 |         43 |       0 |    0 |   138 |      0 |      0 |          0 |
|               w_reg                                                                                   |                                    xdma_ddr3_axi_smc_0_sc_util_v1_0_4_axi_reg_stall_811 |         43 |         43 |       0 |    0 |   150 |      0 |      0 |          0 |
|               xpm_cdc_async_rst_inst                                                                  |                                                xdma_ddr3_axi_smc_0_xpm_cdc_async_rst__8 |          1 |          1 |       0 |    0 |     3 |      0 |      0 |          0 |
|         m00_nodes                                                                                     |                                                xdma_ddr3_axi_smc_0_m00_nodes_imp_K33E07 |        885 |        566 |     316 |    3 |   927 |      0 |      0 |          0 |
|           m00_ar_node                                                                                 |                                                    xdma_ddr3_axi_smc_0_bd_a1ba_m00arn_0 |        133 |         85 |      48 |    0 |   123 |      0 |      0 |          0 |
|             (m00_ar_node)                                                                             |                                                    xdma_ddr3_axi_smc_0_bd_a1ba_m00arn_0 |          0 |          0 |       0 |    0 |     0 |      0 |      0 |          0 |
|             inst                                                                                      |                                                 xdma_ddr3_axi_smc_0_sc_node_v1_0_14_top |        133 |         85 |      48 |    0 |   123 |      0 |      0 |          0 |
|               (inst)                                                                                  |                                                 xdma_ddr3_axi_smc_0_sc_node_v1_0_14_top |          3 |          3 |       0 |    0 |     1 |      0 |      0 |          0 |
|               inst_mi_handler                                                                         |                                          xdma_ddr3_axi_smc_0_sc_node_v1_0_14_mi_handler |        111 |         63 |      48 |    0 |   100 |      0 |      0 |          0 |
|                 (inst_mi_handler)                                                                     |                                          xdma_ddr3_axi_smc_0_sc_node_v1_0_14_mi_handler |          0 |          0 |       0 |    0 |     2 |      0 |      0 |          0 |
|                 gen_normal_area.gen_node_prog_full.inst_node_prog_full                                |                                     xdma_ddr3_axi_smc_0_sc_node_v1_0_14_fifo__xdcDup__1 |         37 |         37 |       0 |    0 |    21 |      0 |      0 |          0 |
|                   gen_xpm_memory_fifo.inst_fifo                                                       |                           xdma_ddr3_axi_smc_0_sc_util_v1_0_4_xpm_memory_fifo__xdcDup__1 |         37 |         37 |       0 |    0 |    21 |      0 |      0 |          0 |
|                     (gen_xpm_memory_fifo.inst_fifo)                                                   |                           xdma_ddr3_axi_smc_0_sc_util_v1_0_4_xpm_memory_fifo__xdcDup__1 |          7 |          7 |       0 |    0 |     3 |      0 |      0 |          0 |
|                     gen_mem_rep[0].inst_rd_addrb                                                      |                          xdma_ddr3_axi_smc_0_sc_util_v1_0_4_counter__parameterized0_804 |          6 |          6 |       0 |    0 |     6 |      0 |      0 |          0 |
|                     gen_mem_rep[0].inst_wr_addra                                                      |                          xdma_ddr3_axi_smc_0_sc_util_v1_0_4_counter__parameterized0_805 |          4 |          4 |       0 |    0 |     6 |      0 |      0 |          0 |
|                     gen_wr.inst_wr_addra_p1                                                           |                          xdma_ddr3_axi_smc_0_sc_util_v1_0_4_counter__parameterized1_806 |         20 |         20 |       0 |    0 |     6 |      0 |      0 |          0 |
|                 gen_normal_area.inst_fifo_node_payld                                                  |                     xdma_ddr3_axi_smc_0_sc_node_v1_0_14_fifo__parameterized0__xdcDup__1 |         74 |         26 |      48 |    0 |    74 |      0 |      0 |          0 |
|                   gen_xpm_memory_fifo.inst_fifo                                                       |           xdma_ddr3_axi_smc_0_sc_util_v1_0_4_xpm_memory_fifo__parameterized0__xdcDup__1 |         74 |         26 |      48 |    0 |    74 |      0 |      0 |          0 |
|                     (gen_xpm_memory_fifo.inst_fifo)                                                   |           xdma_ddr3_axi_smc_0_sc_util_v1_0_4_xpm_memory_fifo__parameterized0__xdcDup__1 |          4 |          4 |       0 |    0 |     3 |      0 |      0 |          0 |
|                     gen_mem_rep[0].inst_rd_addrb                                                      |                          xdma_ddr3_axi_smc_0_sc_util_v1_0_4_counter__parameterized0_801 |          6 |          6 |       0 |    0 |     6 |      0 |      0 |          0 |
|                     gen_mem_rep[0].inst_wr_addra                                                      |                          xdma_ddr3_axi_smc_0_sc_util_v1_0_4_counter__parameterized0_802 |          4 |          4 |       0 |    0 |     6 |      0 |      0 |          0 |
|                     gen_mem_rep[0].inst_xpm_memory                                                    |                                   xdma_ddr3_axi_smc_0_xpm_memory_sdpram__parameterized0 |         48 |          0 |      48 |    0 |    53 |      0 |      0 |          0 |
|                       (gen_mem_rep[0].inst_xpm_memory)                                                |                                   xdma_ddr3_axi_smc_0_xpm_memory_sdpram__parameterized0 |          0 |          0 |       0 |    0 |     0 |      0 |      0 |          0 |
|                       xpm_memory_base_inst                                                            |                                     xdma_ddr3_axi_smc_0_xpm_memory_base__parameterized0 |         48 |          0 |      48 |    0 |    53 |      0 |      0 |          0 |
|                     gen_wr.inst_wr_addra_p1                                                           |                          xdma_ddr3_axi_smc_0_sc_util_v1_0_4_counter__parameterized1_803 |         12 |         12 |       0 |    0 |     6 |      0 |      0 |          0 |
|                 inst_ingress                                                                          |                                         xdma_ddr3_axi_smc_0_sc_node_v1_0_14_ingress_798 |          0 |          0 |       0 |    0 |     3 |      0 |      0 |          0 |
|                   inst_pipeline_recv                                                                  |                         xdma_ddr3_axi_smc_0_sc_util_v1_0_4_pipeline__parameterized4_799 |          0 |          0 |       0 |    0 |     2 |      0 |      0 |          0 |
|                   inst_pipeline_valid                                                                 |                         xdma_ddr3_axi_smc_0_sc_util_v1_0_4_pipeline__parameterized3_800 |          0 |          0 |       0 |    0 |     1 |      0 |      0 |          0 |
|               inst_si_handler                                                                         |                                      xdma_ddr3_axi_smc_0_sc_node_v1_0_14_si_handler_793 |         17 |         17 |       0 |    0 |    16 |      0 |      0 |          0 |
|                 (inst_si_handler)                                                                     |                                      xdma_ddr3_axi_smc_0_sc_node_v1_0_14_si_handler_793 |          0 |          0 |       0 |    0 |     1 |      0 |      0 |          0 |
|                 gen_si_handler.gen_arbiter_rr_normal_area.inst_arbiter                                |                                      xdma_ddr3_axi_smc_0_sc_node_v1_0_14_arb_alg_rr_794 |         11 |         11 |       0 |    0 |     6 |      0 |      0 |          0 |
|                 gen_si_handler.gen_request_counters.gen_req_counter[0].inst_req_counter               |                                          xdma_ddr3_axi_smc_0_sc_util_v1_0_4_counter_795 |          2 |          2 |       0 |    0 |     3 |      0 |      0 |          0 |
|                 gen_si_handler.gen_request_counters.gen_req_counter[1].inst_req_counter               |                                          xdma_ddr3_axi_smc_0_sc_util_v1_0_4_counter_796 |          2 |          2 |       0 |    0 |     3 |      0 |      0 |          0 |
|                 gen_si_handler.gen_request_counters.gen_req_counter[2].inst_req_counter               |                                          xdma_ddr3_axi_smc_0_sc_util_v1_0_4_counter_797 |          2 |          2 |       0 |    0 |     3 |      0 |      0 |          0 |
|               m_sc_xpm_cdc_async_rst_inst                                                             |                                               xdma_ddr3_axi_smc_0_xpm_cdc_async_rst__48 |          1 |          1 |       0 |    0 |     3 |      0 |      0 |          0 |
|               s_sc_xpm_cdc_async_rst_inst                                                             |                                               xdma_ddr3_axi_smc_0_xpm_cdc_async_rst__47 |          1 |          1 |       0 |    0 |     3 |      0 |      0 |          0 |
|           m00_aw_node                                                                                 |                                                    xdma_ddr3_axi_smc_0_bd_a1ba_m00awn_0 |        152 |        105 |      44 |    3 |   127 |      0 |      0 |          0 |
|             (m00_aw_node)                                                                             |                                                    xdma_ddr3_axi_smc_0_bd_a1ba_m00awn_0 |          0 |          0 |       0 |    0 |     0 |      0 |      0 |          0 |
|             inst                                                                                      |                                 xdma_ddr3_axi_smc_0_sc_node_v1_0_14_top__parameterized0 |        152 |        105 |      44 |    3 |   127 |      0 |      0 |          0 |
|               (inst)                                                                                  |                                 xdma_ddr3_axi_smc_0_sc_node_v1_0_14_top__parameterized0 |          3 |          3 |       0 |    0 |     1 |      0 |      0 |          0 |
|               inst_mi_handler                                                                         |                          xdma_ddr3_axi_smc_0_sc_node_v1_0_14_mi_handler__parameterized0 |        107 |         63 |      44 |    0 |    93 |      0 |      0 |          0 |
|                 (inst_mi_handler)                                                                     |                          xdma_ddr3_axi_smc_0_sc_node_v1_0_14_mi_handler__parameterized0 |          0 |          0 |       0 |    0 |     2 |      0 |      0 |          0 |
|                 gen_normal_area.gen_node_prog_full.inst_node_prog_full                                |                                     xdma_ddr3_axi_smc_0_sc_node_v1_0_14_fifo__xdcDup__2 |         37 |         37 |       0 |    0 |    21 |      0 |      0 |          0 |
|                   gen_xpm_memory_fifo.inst_fifo                                                       |                           xdma_ddr3_axi_smc_0_sc_util_v1_0_4_xpm_memory_fifo__xdcDup__2 |         37 |         37 |       0 |    0 |    21 |      0 |      0 |          0 |
|                     (gen_xpm_memory_fifo.inst_fifo)                                                   |                           xdma_ddr3_axi_smc_0_sc_util_v1_0_4_xpm_memory_fifo__xdcDup__2 |          7 |          7 |       0 |    0 |     3 |      0 |      0 |          0 |
|                     gen_mem_rep[0].inst_rd_addrb                                                      |                          xdma_ddr3_axi_smc_0_sc_util_v1_0_4_counter__parameterized0_790 |          6 |          6 |       0 |    0 |     6 |      0 |      0 |          0 |
|                     gen_mem_rep[0].inst_wr_addra                                                      |                          xdma_ddr3_axi_smc_0_sc_util_v1_0_4_counter__parameterized0_791 |          4 |          4 |       0 |    0 |     6 |      0 |      0 |          0 |
|                     gen_wr.inst_wr_addra_p1                                                           |                          xdma_ddr3_axi_smc_0_sc_util_v1_0_4_counter__parameterized1_792 |         20 |         20 |       0 |    0 |     6 |      0 |      0 |          0 |
|                 gen_normal_area.inst_fifo_node_payld                                                  |                                xdma_ddr3_axi_smc_0_sc_node_v1_0_14_fifo__parameterized0 |         70 |         26 |      44 |    0 |    67 |      0 |      0 |          0 |
|                   gen_xpm_memory_fifo.inst_fifo                                                       |                      xdma_ddr3_axi_smc_0_sc_util_v1_0_4_xpm_memory_fifo__parameterized0 |         70 |         26 |      44 |    0 |    67 |      0 |      0 |          0 |
|                     (gen_xpm_memory_fifo.inst_fifo)                                                   |                      xdma_ddr3_axi_smc_0_sc_util_v1_0_4_xpm_memory_fifo__parameterized0 |          4 |          4 |       0 |    0 |     3 |      0 |      0 |          0 |
|                     gen_mem_rep[0].inst_rd_addrb                                                      |                          xdma_ddr3_axi_smc_0_sc_util_v1_0_4_counter__parameterized0_787 |          6 |          6 |       0 |    0 |     6 |      0 |      0 |          0 |
|                     gen_mem_rep[0].inst_wr_addra                                                      |                          xdma_ddr3_axi_smc_0_sc_util_v1_0_4_counter__parameterized0_788 |          4 |          4 |       0 |    0 |     6 |      0 |      0 |          0 |
|                     gen_mem_rep[0].inst_xpm_memory                                                    |                                xdma_ddr3_axi_smc_0_xpm_memory_sdpram__parameterized0__2 |         44 |          0 |      44 |    0 |    46 |      0 |      0 |          0 |
|                       (gen_mem_rep[0].inst_xpm_memory)                                                |                                xdma_ddr3_axi_smc_0_xpm_memory_sdpram__parameterized0__2 |          0 |          0 |       0 |    0 |     0 |      0 |      0 |          0 |
|                       xpm_memory_base_inst                                                            |                                  xdma_ddr3_axi_smc_0_xpm_memory_base__parameterized0__2 |         44 |          0 |      44 |    0 |    46 |      0 |      0 |          0 |
|                     gen_wr.inst_wr_addra_p1                                                           |                          xdma_ddr3_axi_smc_0_sc_util_v1_0_4_counter__parameterized1_789 |         12 |         12 |       0 |    0 |     6 |      0 |      0 |          0 |
|                 inst_ingress                                                                          |                         xdma_ddr3_axi_smc_0_sc_node_v1_0_14_ingress__parameterized0_784 |          0 |          0 |       0 |    0 |     3 |      0 |      0 |          0 |
|                   inst_pipeline_recv                                                                  |                         xdma_ddr3_axi_smc_0_sc_util_v1_0_4_pipeline__parameterized4_785 |          0 |          0 |       0 |    0 |     2 |      0 |      0 |          0 |
|                   inst_pipeline_valid                                                                 |                         xdma_ddr3_axi_smc_0_sc_util_v1_0_4_pipeline__parameterized3_786 |          0 |          0 |       0 |    0 |     1 |      0 |      0 |          0 |
|               inst_si_handler                                                                         |                      xdma_ddr3_axi_smc_0_sc_node_v1_0_14_si_handler__parameterized0_775 |         40 |         37 |       0 |    3 |    27 |      0 |      0 |          0 |
|                 (inst_si_handler)                                                                     |                      xdma_ddr3_axi_smc_0_sc_node_v1_0_14_si_handler__parameterized0_775 |          0 |          0 |       0 |    0 |     1 |      0 |      0 |          0 |
|                 gen_m_axis_arb_fifo.inst_axis_arb_fifo                                                |                xdma_ddr3_axi_smc_0_sc_util_v1_0_4_axic_reg_srl_fifo__parameterized1_776 |         21 |         18 |       0 |    3 |    11 |      0 |      0 |          0 |
|                   (gen_m_axis_arb_fifo.inst_axis_arb_fifo)                                            |                xdma_ddr3_axi_smc_0_sc_util_v1_0_4_axic_reg_srl_fifo__parameterized1_776 |         17 |         17 |       0 |    0 |    11 |      0 |      0 |          0 |
|                   gen_srls[0].srl_nx1                                                                 |                          xdma_ddr3_axi_smc_0_sc_util_v1_0_4_srl_rtl__parameterized0_781 |          1 |          0 |       0 |    1 |     0 |      0 |      0 |          0 |
|                   gen_srls[1].srl_nx1                                                                 |                          xdma_ddr3_axi_smc_0_sc_util_v1_0_4_srl_rtl__parameterized0_782 |          1 |          0 |       0 |    1 |     0 |      0 |      0 |          0 |
|                   gen_srls[2].srl_nx1                                                                 |                          xdma_ddr3_axi_smc_0_sc_util_v1_0_4_srl_rtl__parameterized0_783 |          2 |          1 |       0 |    1 |     0 |      0 |      0 |          0 |
|                 gen_si_handler.gen_arbiter_rr_normal_area.inst_arbiter                                |                                      xdma_ddr3_axi_smc_0_sc_node_v1_0_14_arb_alg_rr_777 |         12 |         12 |       0 |    0 |     6 |      0 |      0 |          0 |
|                 gen_si_handler.gen_request_counters.gen_req_counter[0].inst_req_counter               |                                          xdma_ddr3_axi_smc_0_sc_util_v1_0_4_counter_778 |          2 |          2 |       0 |    0 |     3 |      0 |      0 |          0 |
|                 gen_si_handler.gen_request_counters.gen_req_counter[1].inst_req_counter               |                                          xdma_ddr3_axi_smc_0_sc_util_v1_0_4_counter_779 |          3 |          3 |       0 |    0 |     3 |      0 |      0 |          0 |
|                 gen_si_handler.gen_request_counters.gen_req_counter[2].inst_req_counter               |                                          xdma_ddr3_axi_smc_0_sc_util_v1_0_4_counter_780 |          2 |          2 |       0 |    0 |     3 |      0 |      0 |          0 |
|               m_sc_xpm_cdc_async_rst_inst                                                             |                                               xdma_ddr3_axi_smc_0_xpm_cdc_async_rst__46 |          1 |          1 |       0 |    0 |     3 |      0 |      0 |          0 |
|               s_sc_xpm_cdc_async_rst_inst                                                             |                                               xdma_ddr3_axi_smc_0_xpm_cdc_async_rst__45 |          1 |          1 |       0 |    0 |     3 |      0 |      0 |          0 |
|           m00_b_node                                                                                  |                                                     xdma_ddr3_axi_smc_0_bd_a1ba_m00bn_0 |         97 |         89 |       8 |    0 |    73 |      0 |      0 |          0 |
|             (m00_b_node)                                                                              |                                                     xdma_ddr3_axi_smc_0_bd_a1ba_m00bn_0 |          0 |          0 |       0 |    0 |     0 |      0 |      0 |          0 |
|             inst                                                                                      |                                 xdma_ddr3_axi_smc_0_sc_node_v1_0_14_top__parameterized1 |         97 |         89 |       8 |    0 |    73 |      0 |      0 |          0 |
|               (inst)                                                                                  |                                 xdma_ddr3_axi_smc_0_sc_node_v1_0_14_top__parameterized1 |          3 |          3 |       0 |    0 |     1 |      0 |      0 |          0 |
|               inst_mi_handler                                                                         |                          xdma_ddr3_axi_smc_0_sc_node_v1_0_14_mi_handler__parameterized1 |         91 |         83 |       8 |    0 |    65 |      0 |      0 |          0 |
|                 (inst_mi_handler)                                                                     |                          xdma_ddr3_axi_smc_0_sc_node_v1_0_14_mi_handler__parameterized1 |          0 |          0 |       0 |    0 |     2 |      0 |      0 |          0 |
|                 gen_normal_area.gen_fifo_req.inst_fifo_req                                            |                                xdma_ddr3_axi_smc_0_sc_node_v1_0_14_fifo__parameterized1 |         34 |         30 |       4 |    0 |    24 |      0 |      0 |          0 |
|                   gen_xpm_memory_fifo.inst_fifo                                                       |                      xdma_ddr3_axi_smc_0_sc_util_v1_0_4_xpm_memory_fifo__parameterized1 |         34 |         30 |       4 |    0 |    24 |      0 |      0 |          0 |
|                     (gen_xpm_memory_fifo.inst_fifo)                                                   |                      xdma_ddr3_axi_smc_0_sc_util_v1_0_4_xpm_memory_fifo__parameterized1 |          5 |          5 |       0 |    0 |     3 |      0 |      0 |          0 |
|                     gen_mem_rep[0].inst_rd_addrb                                                      |                          xdma_ddr3_axi_smc_0_sc_util_v1_0_4_counter__parameterized0_772 |          6 |          6 |       0 |    0 |     6 |      0 |      0 |          0 |
|                     gen_mem_rep[0].inst_wr_addra                                                      |                          xdma_ddr3_axi_smc_0_sc_util_v1_0_4_counter__parameterized0_773 |          5 |          5 |       0 |    0 |     6 |      0 |      0 |          0 |
|                     gen_mem_rep[0].inst_xpm_memory                                                    |                                   xdma_ddr3_axi_smc_0_xpm_memory_sdpram__parameterized1 |          4 |          0 |       4 |    0 |     3 |      0 |      0 |          0 |
|                       (gen_mem_rep[0].inst_xpm_memory)                                                |                                   xdma_ddr3_axi_smc_0_xpm_memory_sdpram__parameterized1 |          0 |          0 |       0 |    0 |     0 |      0 |      0 |          0 |
|                       xpm_memory_base_inst                                                            |                                     xdma_ddr3_axi_smc_0_xpm_memory_base__parameterized1 |          4 |          0 |       4 |    0 |     3 |      0 |      0 |          0 |
|                     gen_wr.inst_wr_addra_p1                                                           |                          xdma_ddr3_axi_smc_0_sc_util_v1_0_4_counter__parameterized1_774 |         14 |         14 |       0 |    0 |     6 |      0 |      0 |          0 |
|                 gen_normal_area.inst_fifo_node_payld                                                  |                                xdma_ddr3_axi_smc_0_sc_node_v1_0_14_fifo__parameterized2 |         44 |         40 |       4 |    0 |    25 |      0 |      0 |          0 |
|                   gen_xpm_memory_fifo.inst_fifo                                                       |                      xdma_ddr3_axi_smc_0_sc_util_v1_0_4_xpm_memory_fifo__parameterized2 |         44 |         40 |       4 |    0 |    25 |      0 |      0 |          0 |
|                     (gen_xpm_memory_fifo.inst_fifo)                                                   |                      xdma_ddr3_axi_smc_0_sc_util_v1_0_4_xpm_memory_fifo__parameterized2 |          6 |          6 |       0 |    0 |     4 |      0 |      0 |          0 |
|                     gen_mem_rep[0].inst_rd_addrb                                                      |                          xdma_ddr3_axi_smc_0_sc_util_v1_0_4_counter__parameterized0_769 |          5 |          5 |       0 |    0 |     6 |      0 |      0 |          0 |
|                     gen_mem_rep[0].inst_wr_addra                                                      |                          xdma_ddr3_axi_smc_0_sc_util_v1_0_4_counter__parameterized0_770 |          5 |          5 |       0 |    0 |     6 |      0 |      0 |          0 |
|                     gen_mem_rep[0].inst_xpm_memory                                                    |                                   xdma_ddr3_axi_smc_0_xpm_memory_sdpram__parameterized2 |          4 |          0 |       4 |    0 |     3 |      0 |      0 |          0 |
|                       (gen_mem_rep[0].inst_xpm_memory)                                                |                                   xdma_ddr3_axi_smc_0_xpm_memory_sdpram__parameterized2 |          0 |          0 |       0 |    0 |     0 |      0 |      0 |          0 |
|                       xpm_memory_base_inst                                                            |                                     xdma_ddr3_axi_smc_0_xpm_memory_base__parameterized2 |          4 |          0 |       4 |    0 |     3 |      0 |      0 |          0 |
|                     gen_wr.inst_wr_addra_p1                                                           |                          xdma_ddr3_axi_smc_0_sc_util_v1_0_4_counter__parameterized1_771 |         24 |         24 |       0 |    0 |     6 |      0 |      0 |          0 |
|                 gen_normal_area.inst_fifo_send                                                        |                      xdma_ddr3_axi_smc_0_sc_node_v1_0_14_reg_slice3__parameterized0_768 |         13 |         13 |       0 |    0 |    14 |      0 |      0 |          0 |
|               inst_si_handler                                                                         |                      xdma_ddr3_axi_smc_0_sc_node_v1_0_14_si_handler__parameterized1_767 |          1 |          1 |       0 |    0 |     1 |      0 |      0 |          0 |
|               m_sc_xpm_cdc_async_rst_inst                                                             |                                               xdma_ddr3_axi_smc_0_xpm_cdc_async_rst__44 |          1 |          1 |       0 |    0 |     3 |      0 |      0 |          0 |
|               s_sc_xpm_cdc_async_rst_inst                                                             |                                               xdma_ddr3_axi_smc_0_xpm_cdc_async_rst__43 |          1 |          1 |       0 |    0 |     3 |      0 |      0 |          0 |
|           m00_r_node                                                                                  |                                                     xdma_ddr3_axi_smc_0_bd_a1ba_m00rn_0 |        206 |        100 |     106 |    0 |   365 |      0 |      0 |          0 |
|             (m00_r_node)                                                                              |                                                     xdma_ddr3_axi_smc_0_bd_a1ba_m00rn_0 |          0 |          0 |       0 |    0 |     0 |      0 |      0 |          0 |
|             inst                                                                                      |                                 xdma_ddr3_axi_smc_0_sc_node_v1_0_14_top__parameterized2 |        206 |        100 |     106 |    0 |   365 |      0 |      0 |          0 |
|               (inst)                                                                                  |                                 xdma_ddr3_axi_smc_0_sc_node_v1_0_14_top__parameterized2 |          3 |          3 |       0 |    0 |     1 |      0 |      0 |          0 |
|               inst_mi_handler                                                                         |                          xdma_ddr3_axi_smc_0_sc_node_v1_0_14_mi_handler__parameterized2 |        200 |         94 |     106 |    0 |   357 |      0 |      0 |          0 |
|                 (inst_mi_handler)                                                                     |                          xdma_ddr3_axi_smc_0_sc_node_v1_0_14_mi_handler__parameterized2 |          0 |          0 |       0 |    0 |     2 |      0 |      0 |          0 |
|                 gen_normal_area.gen_fi_regulator.inst_fi_regulator                                    |                                    xdma_ddr3_axi_smc_0_sc_node_v1_0_14_fi_regulator_757 |          1 |          1 |       0 |    0 |     2 |      0 |      0 |          0 |
|                 gen_normal_area.gen_fifo_req.inst_fifo_req                                            |                                xdma_ddr3_axi_smc_0_sc_node_v1_0_14_fifo__parameterized3 |         32 |         28 |       4 |    0 |    24 |      0 |      0 |          0 |
|                   gen_xpm_memory_fifo.inst_fifo                                                       |                      xdma_ddr3_axi_smc_0_sc_util_v1_0_4_xpm_memory_fifo__parameterized3 |         32 |         28 |       4 |    0 |    24 |      0 |      0 |          0 |
|                     (gen_xpm_memory_fifo.inst_fifo)                                                   |                      xdma_ddr3_axi_smc_0_sc_util_v1_0_4_xpm_memory_fifo__parameterized3 |          5 |          5 |       0 |    0 |     3 |      0 |      0 |          0 |
|                     gen_mem_rep[0].inst_rd_addrb                                                      |                          xdma_ddr3_axi_smc_0_sc_util_v1_0_4_counter__parameterized0_764 |          7 |          7 |       0 |    0 |     6 |      0 |      0 |          0 |
|                     gen_mem_rep[0].inst_wr_addra                                                      |                          xdma_ddr3_axi_smc_0_sc_util_v1_0_4_counter__parameterized0_765 |          4 |          4 |       0 |    0 |     6 |      0 |      0 |          0 |
|                     gen_mem_rep[0].inst_xpm_memory                                                    |                                xdma_ddr3_axi_smc_0_xpm_memory_sdpram__parameterized1__1 |          4 |          0 |       4 |    0 |     3 |      0 |      0 |          0 |
|                       (gen_mem_rep[0].inst_xpm_memory)                                                |                                xdma_ddr3_axi_smc_0_xpm_memory_sdpram__parameterized1__1 |          0 |          0 |       0 |    0 |     0 |      0 |      0 |          0 |
|                       xpm_memory_base_inst                                                            |                                  xdma_ddr3_axi_smc_0_xpm_memory_base__parameterized1__1 |          4 |          0 |       4 |    0 |     3 |      0 |      0 |          0 |
|                     gen_wr.inst_wr_addra_p1                                                           |                          xdma_ddr3_axi_smc_0_sc_util_v1_0_4_counter__parameterized1_766 |         12 |         12 |       0 |    0 |     6 |      0 |      0 |          0 |
|                 gen_normal_area.gen_upsizer.inst_upsizer                                              |                                         xdma_ddr3_axi_smc_0_sc_node_v1_0_14_upsizer_758 |         10 |         10 |       0 |    0 |   156 |      0 |      0 |          0 |
|                   (gen_normal_area.gen_upsizer.inst_upsizer)                                          |                                         xdma_ddr3_axi_smc_0_sc_node_v1_0_14_upsizer_758 |          9 |          9 |       0 |    0 |   151 |      0 |      0 |          0 |
|                   inst_upsizer_target_pipeline                                                        |                         xdma_ddr3_axi_smc_0_sc_util_v1_0_4_pipeline__parameterized7_763 |          1 |          1 |       0 |    0 |     5 |      0 |      0 |          0 |
|                 gen_normal_area.inst_fifo_node_payld                                                  |                                xdma_ddr3_axi_smc_0_sc_node_v1_0_14_fifo__parameterized4 |        143 |         41 |     102 |    0 |   159 |      0 |      0 |          0 |
|                   gen_xpm_memory_fifo.inst_fifo                                                       |                      xdma_ddr3_axi_smc_0_sc_util_v1_0_4_xpm_memory_fifo__parameterized4 |        143 |         41 |     102 |    0 |   159 |      0 |      0 |          0 |
|                     (gen_xpm_memory_fifo.inst_fifo)                                                   |                      xdma_ddr3_axi_smc_0_sc_util_v1_0_4_xpm_memory_fifo__parameterized4 |         10 |         10 |       0 |    0 |     4 |      0 |      0 |          0 |
|                     gen_mem_rep[0].inst_rd_addrb                                                      |                          xdma_ddr3_axi_smc_0_sc_util_v1_0_4_counter__parameterized0_760 |          5 |          5 |       0 |    0 |     6 |      0 |      0 |          0 |
|                     gen_mem_rep[0].inst_wr_addra                                                      |                          xdma_ddr3_axi_smc_0_sc_util_v1_0_4_counter__parameterized0_761 |          4 |          4 |       0 |    0 |     6 |      0 |      0 |          0 |
|                     gen_mem_rep[0].inst_xpm_memory                                                    |                                   xdma_ddr3_axi_smc_0_xpm_memory_sdpram__parameterized3 |        102 |          0 |     102 |    0 |   137 |      0 |      0 |          0 |
|                       (gen_mem_rep[0].inst_xpm_memory)                                                |                                   xdma_ddr3_axi_smc_0_xpm_memory_sdpram__parameterized3 |          0 |          0 |       0 |    0 |     0 |      0 |      0 |          0 |
|                       xpm_memory_base_inst                                                            |                                     xdma_ddr3_axi_smc_0_xpm_memory_base__parameterized3 |        102 |          0 |     102 |    0 |   137 |      0 |      0 |          0 |
|                     gen_wr.inst_wr_addra_p1                                                           |                          xdma_ddr3_axi_smc_0_sc_util_v1_0_4_counter__parameterized1_762 |         22 |         22 |       0 |    0 |     6 |      0 |      0 |          0 |
|                 gen_normal_area.inst_fifo_send                                                        |                      xdma_ddr3_axi_smc_0_sc_node_v1_0_14_reg_slice3__parameterized0_759 |         14 |         14 |       0 |    0 |    14 |      0 |      0 |          0 |
|               inst_si_handler                                                                         |                      xdma_ddr3_axi_smc_0_sc_node_v1_0_14_si_handler__parameterized2_756 |          1 |          1 |       0 |    0 |     1 |      0 |      0 |          0 |
|               m_sc_xpm_cdc_async_rst_inst                                                             |                                               xdma_ddr3_axi_smc_0_xpm_cdc_async_rst__42 |          1 |          1 |       0 |    0 |     3 |      0 |      0 |          0 |
|               s_sc_xpm_cdc_async_rst_inst                                                             |                                               xdma_ddr3_axi_smc_0_xpm_cdc_async_rst__41 |          1 |          1 |       0 |    0 |     3 |      0 |      0 |          0 |
|           m00_w_node                                                                                  |                                                     xdma_ddr3_axi_smc_0_bd_a1ba_m00wn_0 |        297 |        187 |     110 |    0 |   239 |      0 |      0 |          0 |
|             (m00_w_node)                                                                              |                                                     xdma_ddr3_axi_smc_0_bd_a1ba_m00wn_0 |          0 |          0 |       0 |    0 |     0 |      0 |      0 |          0 |
|             inst                                                                                      |                                 xdma_ddr3_axi_smc_0_sc_node_v1_0_14_top__parameterized3 |        297 |        187 |     110 |    0 |   239 |      0 |      0 |          0 |
|               (inst)                                                                                  |                                 xdma_ddr3_axi_smc_0_sc_node_v1_0_14_top__parameterized3 |          3 |          3 |       0 |    0 |     1 |      0 |      0 |          0 |
|               inst_mi_handler                                                                         |                          xdma_ddr3_axi_smc_0_sc_node_v1_0_14_mi_handler__parameterized3 |        249 |        145 |     104 |    0 |   197 |      0 |      0 |          0 |
|                 (inst_mi_handler)                                                                     |                          xdma_ddr3_axi_smc_0_sc_node_v1_0_14_mi_handler__parameterized3 |          0 |          0 |       0 |    0 |     2 |      0 |      0 |          0 |
|                 gen_normal_area.gen_downsizer.inst_downsizer                                          |                                       xdma_ddr3_axi_smc_0_sc_node_v1_0_14_downsizer_746 |          2 |          2 |       0 |    0 |     3 |      0 |      0 |          0 |
|                 gen_normal_area.gen_node_prog_full.inst_node_prog_full                                |                                     xdma_ddr3_axi_smc_0_sc_node_v1_0_14_fifo__xdcDup__3 |         40 |         40 |       0 |    0 |    21 |      0 |      0 |          0 |
|                   gen_xpm_memory_fifo.inst_fifo                                                       |                           xdma_ddr3_axi_smc_0_sc_util_v1_0_4_xpm_memory_fifo__xdcDup__3 |         40 |         40 |       0 |    0 |    21 |      0 |      0 |          0 |
|                     (gen_xpm_memory_fifo.inst_fifo)                                                   |                           xdma_ddr3_axi_smc_0_sc_util_v1_0_4_xpm_memory_fifo__xdcDup__3 |          8 |          8 |       0 |    0 |     3 |      0 |      0 |          0 |
|                     gen_mem_rep[0].inst_rd_addrb                                                      |                          xdma_ddr3_axi_smc_0_sc_util_v1_0_4_counter__parameterized0_753 |          6 |          6 |       0 |    0 |     6 |      0 |      0 |          0 |
|                     gen_mem_rep[0].inst_wr_addra                                                      |                          xdma_ddr3_axi_smc_0_sc_util_v1_0_4_counter__parameterized0_754 |          4 |          4 |       0 |    0 |     6 |      0 |      0 |          0 |
|                     gen_wr.inst_wr_addra_p1                                                           |                          xdma_ddr3_axi_smc_0_sc_util_v1_0_4_counter__parameterized1_755 |         22 |         22 |       0 |    0 |     6 |      0 |      0 |          0 |
|                 gen_normal_area.inst_fifo_node_payld                                                  |                                xdma_ddr3_axi_smc_0_sc_node_v1_0_14_fifo__parameterized6 |        207 |        103 |     104 |    0 |   168 |      0 |      0 |          0 |
|                   gen_xpm_memory_fifo.inst_fifo                                                       |                      xdma_ddr3_axi_smc_0_sc_util_v1_0_4_xpm_memory_fifo__parameterized6 |        207 |        103 |     104 |    0 |   168 |      0 |      0 |          0 |
|                     (gen_xpm_memory_fifo.inst_fifo)                                                   |                      xdma_ddr3_axi_smc_0_sc_util_v1_0_4_xpm_memory_fifo__parameterized6 |         80 |         80 |       0 |    0 |     3 |      0 |      0 |          0 |
|                     gen_mem_rep[0].inst_rd_addrb                                                      |                          xdma_ddr3_axi_smc_0_sc_util_v1_0_4_counter__parameterized0_750 |          6 |          6 |       0 |    0 |     6 |      0 |      0 |          0 |
|                     gen_mem_rep[0].inst_wr_addra                                                      |                          xdma_ddr3_axi_smc_0_sc_util_v1_0_4_counter__parameterized0_751 |          5 |          5 |       0 |    0 |     6 |      0 |      0 |          0 |
|                     gen_mem_rep[0].inst_xpm_memory                                                    |                                   xdma_ddr3_axi_smc_0_xpm_memory_sdpram__parameterized5 |        104 |          0 |     104 |    0 |   147 |      0 |      0 |          0 |
|                       (gen_mem_rep[0].inst_xpm_memory)                                                |                                   xdma_ddr3_axi_smc_0_xpm_memory_sdpram__parameterized5 |          0 |          0 |       0 |    0 |     0 |      0 |      0 |          0 |
|                       xpm_memory_base_inst                                                            |                                     xdma_ddr3_axi_smc_0_xpm_memory_base__parameterized5 |        104 |          0 |     104 |    0 |   147 |      0 |      0 |          0 |
|                     gen_wr.inst_wr_addra_p1                                                           |                          xdma_ddr3_axi_smc_0_sc_util_v1_0_4_counter__parameterized1_752 |         12 |         12 |       0 |    0 |     6 |      0 |      0 |          0 |
|                 inst_ingress                                                                          |                         xdma_ddr3_axi_smc_0_sc_node_v1_0_14_ingress__parameterized3_747 |          0 |          0 |       0 |    0 |     3 |      0 |      0 |          0 |
|                   inst_pipeline_recv                                                                  |                         xdma_ddr3_axi_smc_0_sc_util_v1_0_4_pipeline__parameterized4_748 |          0 |          0 |       0 |    0 |     2 |      0 |      0 |          0 |
|                   inst_pipeline_valid                                                                 |                         xdma_ddr3_axi_smc_0_sc_util_v1_0_4_pipeline__parameterized3_749 |          0 |          0 |       0 |    0 |     1 |      0 |      0 |          0 |
|               inst_si_handler                                                                         |               xdma_ddr3_axi_smc_0_sc_node_v1_0_14_si_handler__parameterized3__xdcDup__1 |         43 |         37 |       6 |    0 |    35 |      0 |      0 |          0 |
|                 (inst_si_handler)                                                                     |               xdma_ddr3_axi_smc_0_sc_node_v1_0_14_si_handler__parameterized3__xdcDup__1 |          0 |          0 |       0 |    0 |     1 |      0 |      0 |          0 |
|                 gen_si_handler.gen_axis_packet_slave_normal_area.inst_allow_transfer_late             |                         xdma_ddr3_axi_smc_0_sc_util_v1_0_4_pipeline__parameterized3_736 |          7 |          7 |       0 |    0 |     1 |      0 |      0 |          0 |
|                 gen_si_handler.gen_request_fifos.gen_req_fifo[0].inst_req_fifo                        |                     xdma_ddr3_axi_smc_0_sc_node_v1_0_14_fifo__parameterized5__xdcDup__1 |         12 |         10 |       2 |    0 |    11 |      0 |      0 |          0 |
|                   gen_xpm_memory_fifo.inst_fifo                                                       |           xdma_ddr3_axi_smc_0_sc_util_v1_0_4_xpm_memory_fifo__parameterized5__xdcDup__1 |         12 |         10 |       2 |    0 |    11 |      0 |      0 |          0 |
|                     (gen_xpm_memory_fifo.inst_fifo)                                                   |           xdma_ddr3_axi_smc_0_sc_util_v1_0_4_xpm_memory_fifo__parameterized5__xdcDup__1 |          1 |          1 |       0 |    0 |     2 |      0 |      0 |          0 |
|                     gen_mem_rep[0].inst_rd_addrb                                                      |                          xdma_ddr3_axi_smc_0_sc_util_v1_0_4_counter__parameterized3_743 |          2 |          2 |       0 |    0 |     3 |      0 |      0 |          0 |
|                     gen_mem_rep[0].inst_wr_addra                                                      |                          xdma_ddr3_axi_smc_0_sc_util_v1_0_4_counter__parameterized3_744 |          2 |          2 |       0 |    0 |     3 |      0 |      0 |          0 |
|                     gen_mem_rep[0].inst_xpm_memory                                                    |                                   xdma_ddr3_axi_smc_0_xpm_memory_sdpram__parameterized4 |          2 |          0 |       2 |    0 |     0 |      0 |      0 |          0 |
|                       (gen_mem_rep[0].inst_xpm_memory)                                                |                                   xdma_ddr3_axi_smc_0_xpm_memory_sdpram__parameterized4 |          0 |          0 |       0 |    0 |     0 |      0 |      0 |          0 |
|                       xpm_memory_base_inst                                                            |                                     xdma_ddr3_axi_smc_0_xpm_memory_base__parameterized4 |          2 |          0 |       2 |    0 |     0 |      0 |      0 |          0 |
|                     gen_wr.inst_wr_addra_p1                                                           |                          xdma_ddr3_axi_smc_0_sc_util_v1_0_4_counter__parameterized4_745 |          5 |          5 |       0 |    0 |     3 |      0 |      0 |          0 |
|                 gen_si_handler.gen_request_fifos.gen_req_fifo[1].inst_req_fifo                        |                     xdma_ddr3_axi_smc_0_sc_node_v1_0_14_fifo__parameterized5__xdcDup__2 |         12 |         10 |       2 |    0 |    11 |      0 |      0 |          0 |
|                   gen_xpm_memory_fifo.inst_fifo                                                       |           xdma_ddr3_axi_smc_0_sc_util_v1_0_4_xpm_memory_fifo__parameterized5__xdcDup__2 |         12 |         10 |       2 |    0 |    11 |      0 |      0 |          0 |
|                     (gen_xpm_memory_fifo.inst_fifo)                                                   |           xdma_ddr3_axi_smc_0_sc_util_v1_0_4_xpm_memory_fifo__parameterized5__xdcDup__2 |          1 |          1 |       0 |    0 |     2 |      0 |      0 |          0 |
|                     gen_mem_rep[0].inst_rd_addrb                                                      |                          xdma_ddr3_axi_smc_0_sc_util_v1_0_4_counter__parameterized3_740 |          2 |          2 |       0 |    0 |     3 |      0 |      0 |          0 |
|                     gen_mem_rep[0].inst_wr_addra                                                      |                          xdma_ddr3_axi_smc_0_sc_util_v1_0_4_counter__parameterized3_741 |          2 |          2 |       0 |    0 |     3 |      0 |      0 |          0 |
|                     gen_mem_rep[0].inst_xpm_memory                                                    |                               xdma_ddr3_axi_smc_0_xpm_memory_sdpram__parameterized4__10 |          2 |          0 |       2 |    0 |     0 |      0 |      0 |          0 |
|                       (gen_mem_rep[0].inst_xpm_memory)                                                |                               xdma_ddr3_axi_smc_0_xpm_memory_sdpram__parameterized4__10 |          0 |          0 |       0 |    0 |     0 |      0 |      0 |          0 |
|                       xpm_memory_base_inst                                                            |                                 xdma_ddr3_axi_smc_0_xpm_memory_base__parameterized4__10 |          2 |          0 |       2 |    0 |     0 |      0 |      0 |          0 |
|                     gen_wr.inst_wr_addra_p1                                                           |                          xdma_ddr3_axi_smc_0_sc_util_v1_0_4_counter__parameterized4_742 |          5 |          5 |       0 |    0 |     3 |      0 |      0 |          0 |
|                 gen_si_handler.gen_request_fifos.gen_req_fifo[2].inst_req_fifo                        |                     xdma_ddr3_axi_smc_0_sc_node_v1_0_14_fifo__parameterized5__xdcDup__3 |         12 |         10 |       2 |    0 |    11 |      0 |      0 |          0 |
|                   gen_xpm_memory_fifo.inst_fifo                                                       |           xdma_ddr3_axi_smc_0_sc_util_v1_0_4_xpm_memory_fifo__parameterized5__xdcDup__3 |         12 |         10 |       2 |    0 |    11 |      0 |      0 |          0 |
|                     (gen_xpm_memory_fifo.inst_fifo)                                                   |           xdma_ddr3_axi_smc_0_sc_util_v1_0_4_xpm_memory_fifo__parameterized5__xdcDup__3 |          1 |          1 |       0 |    0 |     2 |      0 |      0 |          0 |
|                     gen_mem_rep[0].inst_rd_addrb                                                      |                          xdma_ddr3_axi_smc_0_sc_util_v1_0_4_counter__parameterized3_737 |          2 |          2 |       0 |    0 |     3 |      0 |      0 |          0 |
|                     gen_mem_rep[0].inst_wr_addra                                                      |                          xdma_ddr3_axi_smc_0_sc_util_v1_0_4_counter__parameterized3_738 |          2 |          2 |       0 |    0 |     3 |      0 |      0 |          0 |
|                     gen_mem_rep[0].inst_xpm_memory                                                    |                                xdma_ddr3_axi_smc_0_xpm_memory_sdpram__parameterized4__9 |          2 |          0 |       2 |    0 |     0 |      0 |      0 |          0 |
|                       (gen_mem_rep[0].inst_xpm_memory)                                                |                                xdma_ddr3_axi_smc_0_xpm_memory_sdpram__parameterized4__9 |          0 |          0 |       0 |    0 |     0 |      0 |      0 |          0 |
|                       xpm_memory_base_inst                                                            |                                  xdma_ddr3_axi_smc_0_xpm_memory_base__parameterized4__9 |          2 |          0 |       2 |    0 |     0 |      0 |      0 |          0 |
|                     gen_wr.inst_wr_addra_p1                                                           |                          xdma_ddr3_axi_smc_0_sc_util_v1_0_4_counter__parameterized4_739 |          5 |          5 |       0 |    0 |     3 |      0 |      0 |          0 |
|               m_sc_xpm_cdc_async_rst_inst                                                             |                                               xdma_ddr3_axi_smc_0_xpm_cdc_async_rst__40 |          1 |          1 |       0 |    0 |     3 |      0 |      0 |          0 |
|               s_sc_xpm_cdc_async_rst_inst                                                             |                                               xdma_ddr3_axi_smc_0_xpm_cdc_async_rst__39 |          1 |          1 |       0 |    0 |     3 |      0 |      0 |          0 |
|         m00_sc2axi                                                                                    |                                                    xdma_ddr3_axi_smc_0_bd_a1ba_m00s2a_0 |          0 |          0 |       0 |    0 |     0 |      0 |      0 |          0 |
|           (m00_sc2axi)                                                                                |                                                    xdma_ddr3_axi_smc_0_bd_a1ba_m00s2a_0 |          0 |          0 |       0 |    0 |     0 |      0 |      0 |          0 |
|           inst                                                                                        |                                                xdma_ddr3_axi_smc_0_sc_sc2axi_v1_0_7_top |          0 |          0 |       0 |    0 |     0 |      0 |      0 |          0 |
|         m01_exit_pipeline                                                                             |                                        xdma_ddr3_axi_smc_0_m01_exit_pipeline_imp_4AK18R |        254 |        234 |       0 |   20 |   543 |      0 |      0 |          0 |
|           m01_exit                                                                                    |                                                      xdma_ddr3_axi_smc_0_bd_a1ba_m01e_0 |        254 |        234 |       0 |   20 |   543 |      0 |      0 |          0 |
|             (m01_exit)                                                                                |                                                      xdma_ddr3_axi_smc_0_bd_a1ba_m01e_0 |          0 |          0 |       0 |    0 |     0 |      0 |      0 |          0 |
|             inst                                                                                      |                                 xdma_ddr3_axi_smc_0_sc_exit_v1_0_12_top__parameterized0 |        254 |        234 |       0 |   20 |   543 |      0 |      0 |          0 |
|               (inst)                                                                                  |                                 xdma_ddr3_axi_smc_0_sc_exit_v1_0_12_top__parameterized0 |          1 |          1 |       0 |    0 |     2 |      0 |      0 |          0 |
|               ar_reg                                                                                  |                                    xdma_ddr3_axi_smc_0_sc_util_v1_0_4_axi_reg_stall_711 |         38 |         38 |       0 |    0 |   102 |      0 |      0 |          0 |
|               aw_reg                                                                                  |                                    xdma_ddr3_axi_smc_0_sc_util_v1_0_4_axi_reg_stall_712 |         38 |         38 |       0 |    0 |   102 |      0 |      0 |          0 |
|               b_reg                                                                                   |                                    xdma_ddr3_axi_smc_0_sc_util_v1_0_4_axi_reg_stall_713 |          9 |          9 |       0 |    0 |     8 |      0 |      0 |          0 |
|               exit_inst                                                                               |                                xdma_ddr3_axi_smc_0_sc_exit_v1_0_12_exit__parameterized0 |         81 |         61 |       0 |   20 |    38 |      0 |      0 |          0 |
|                 (exit_inst)                                                                           |                                xdma_ddr3_axi_smc_0_sc_exit_v1_0_12_exit__parameterized0 |          2 |          2 |       0 |    0 |     1 |      0 |      0 |          0 |
|                 gen_r_cmd_fifo.r_cmd_fifo                                                             |                                    xdma_ddr3_axi_smc_0_sc_util_v1_0_4_axic_reg_srl_fifo |         58 |         41 |       0 |   17 |    26 |      0 |      0 |          0 |
|                   (gen_r_cmd_fifo.r_cmd_fifo)                                                         |                                    xdma_ddr3_axi_smc_0_sc_util_v1_0_4_axic_reg_srl_fifo |         23 |         23 |       0 |    0 |    26 |      0 |      0 |          0 |
|                   gen_srls[10].srl_nx1                                                                |                                          xdma_ddr3_axi_smc_0_sc_util_v1_0_4_srl_rtl_719 |          2 |          1 |       0 |    1 |     0 |      0 |      0 |          0 |
|                   gen_srls[11].srl_nx1                                                                |                                          xdma_ddr3_axi_smc_0_sc_util_v1_0_4_srl_rtl_720 |          2 |          1 |       0 |    1 |     0 |      0 |      0 |          0 |
|                   gen_srls[12].srl_nx1                                                                |                                          xdma_ddr3_axi_smc_0_sc_util_v1_0_4_srl_rtl_721 |          2 |          1 |       0 |    1 |     0 |      0 |      0 |          0 |
|                   gen_srls[13].srl_nx1                                                                |                                          xdma_ddr3_axi_smc_0_sc_util_v1_0_4_srl_rtl_722 |          2 |          1 |       0 |    1 |     0 |      0 |      0 |          0 |
|                   gen_srls[14].srl_nx1                                                                |                                          xdma_ddr3_axi_smc_0_sc_util_v1_0_4_srl_rtl_723 |          2 |          1 |       0 |    1 |     0 |      0 |      0 |          0 |
|                   gen_srls[15].srl_nx1                                                                |                                          xdma_ddr3_axi_smc_0_sc_util_v1_0_4_srl_rtl_724 |          2 |          1 |       0 |    1 |     0 |      0 |      0 |          0 |
|                   gen_srls[16].srl_nx1                                                                |                                          xdma_ddr3_axi_smc_0_sc_util_v1_0_4_srl_rtl_725 |          2 |          1 |       0 |    1 |     0 |      0 |      0 |          0 |
|                   gen_srls[17].srl_nx1                                                                |                                          xdma_ddr3_axi_smc_0_sc_util_v1_0_4_srl_rtl_726 |          3 |          2 |       0 |    1 |     0 |      0 |      0 |          0 |
|                   gen_srls[1].srl_nx1                                                                 |                                          xdma_ddr3_axi_smc_0_sc_util_v1_0_4_srl_rtl_727 |          2 |          1 |       0 |    1 |     0 |      0 |      0 |          0 |
|                   gen_srls[2].srl_nx1                                                                 |                                          xdma_ddr3_axi_smc_0_sc_util_v1_0_4_srl_rtl_728 |          2 |          1 |       0 |    1 |     0 |      0 |      0 |          0 |
|                   gen_srls[3].srl_nx1                                                                 |                                          xdma_ddr3_axi_smc_0_sc_util_v1_0_4_srl_rtl_729 |          2 |          1 |       0 |    1 |     0 |      0 |      0 |          0 |
|                   gen_srls[4].srl_nx1                                                                 |                                          xdma_ddr3_axi_smc_0_sc_util_v1_0_4_srl_rtl_730 |          2 |          1 |       0 |    1 |     0 |      0 |      0 |          0 |
|                   gen_srls[5].srl_nx1                                                                 |                                          xdma_ddr3_axi_smc_0_sc_util_v1_0_4_srl_rtl_731 |          2 |          1 |       0 |    1 |     0 |      0 |      0 |          0 |
|                   gen_srls[6].srl_nx1                                                                 |                                          xdma_ddr3_axi_smc_0_sc_util_v1_0_4_srl_rtl_732 |          2 |          1 |       0 |    1 |     0 |      0 |      0 |          0 |
|                   gen_srls[7].srl_nx1                                                                 |                                          xdma_ddr3_axi_smc_0_sc_util_v1_0_4_srl_rtl_733 |          2 |          1 |       0 |    1 |     0 |      0 |      0 |          0 |
|                   gen_srls[8].srl_nx1                                                                 |                                          xdma_ddr3_axi_smc_0_sc_util_v1_0_4_srl_rtl_734 |          2 |          1 |       0 |    1 |     0 |      0 |      0 |          0 |
|                   gen_srls[9].srl_nx1                                                                 |                                          xdma_ddr3_axi_smc_0_sc_util_v1_0_4_srl_rtl_735 |          2 |          1 |       0 |    1 |     0 |      0 |      0 |          0 |
|                 gen_w_cmd_fifo.w_cmd_fifo                                                             |                    xdma_ddr3_axi_smc_0_sc_util_v1_0_4_axic_reg_srl_fifo__parameterized0 |         21 |         18 |       0 |    3 |    11 |      0 |      0 |          0 |
|                   (gen_w_cmd_fifo.w_cmd_fifo)                                                         |                    xdma_ddr3_axi_smc_0_sc_util_v1_0_4_axic_reg_srl_fifo__parameterized0 |         17 |         17 |       0 |    0 |    11 |      0 |      0 |          0 |
|                   gen_srls[1].srl_nx1                                                                 |                          xdma_ddr3_axi_smc_0_sc_util_v1_0_4_srl_rtl__parameterized0_716 |          1 |          0 |       0 |    1 |     0 |      0 |      0 |          0 |
|                   gen_srls[2].srl_nx1                                                                 |                          xdma_ddr3_axi_smc_0_sc_util_v1_0_4_srl_rtl__parameterized0_717 |          1 |          0 |       0 |    1 |     0 |      0 |      0 |          0 |
|                   gen_srls[3].srl_nx1                                                                 |                          xdma_ddr3_axi_smc_0_sc_util_v1_0_4_srl_rtl__parameterized0_718 |          2 |          1 |       0 |    1 |     0 |      0 |      0 |          0 |
|               r_reg                                                                                   |                                    xdma_ddr3_axi_smc_0_sc_util_v1_0_4_axi_reg_stall_714 |         43 |         43 |       0 |    0 |   138 |      0 |      0 |          0 |
|               w_reg                                                                                   |                                    xdma_ddr3_axi_smc_0_sc_util_v1_0_4_axi_reg_stall_715 |         43 |         43 |       0 |    0 |   150 |      0 |      0 |          0 |
|               xpm_cdc_async_rst_inst                                                                  |                                                xdma_ddr3_axi_smc_0_xpm_cdc_async_rst__9 |          1 |          1 |       0 |    0 |     3 |      0 |      0 |          0 |
|         m01_nodes                                                                                     |                                               xdma_ddr3_axi_smc_0_m01_nodes_imp_1N7T7F5 |        950 |        607 |     340 |    3 |  1259 |      0 |      0 |          0 |
|           m01_ar_node                                                                                 |                                                    xdma_ddr3_axi_smc_0_bd_a1ba_m01arn_0 |        141 |         81 |      60 |    0 |   174 |      0 |      0 |          0 |
|             (m01_ar_node)                                                                             |                                                    xdma_ddr3_axi_smc_0_bd_a1ba_m01arn_0 |          0 |          0 |       0 |    0 |     0 |      0 |      0 |          0 |
|             inst                                                                                      |                                 xdma_ddr3_axi_smc_0_sc_node_v1_0_14_top__parameterized4 |        141 |         81 |      60 |    0 |   174 |      0 |      0 |          0 |
|               (inst)                                                                                  |                                 xdma_ddr3_axi_smc_0_sc_node_v1_0_14_top__parameterized4 |          3 |          3 |       0 |    0 |     2 |      0 |      0 |          0 |
|               inst_mi_handler                                                                         |                          xdma_ddr3_axi_smc_0_sc_node_v1_0_14_mi_handler__parameterized4 |        119 |         59 |      60 |    0 |   150 |      0 |      0 |          0 |
|                 (inst_mi_handler)                                                                     |                          xdma_ddr3_axi_smc_0_sc_node_v1_0_14_mi_handler__parameterized4 |          0 |          0 |       0 |    0 |     2 |      0 |      0 |          0 |
|                 gen_normal_area.gen_fi_regulator.inst_fi_regulator                                    |                                    xdma_ddr3_axi_smc_0_sc_node_v1_0_14_fi_regulator_704 |          1 |          1 |       0 |    0 |     2 |      0 |      0 |          0 |
|                 gen_normal_area.inst_fifo_node_payld                                                  |                     xdma_ddr3_axi_smc_0_sc_node_v1_0_14_fifo__parameterized7__xdcDup__1 |        113 |         53 |      60 |    0 |   138 |      0 |      0 |          0 |
|                   gen_xpm_memory_fifo.inst_fifo                                                       |           xdma_ddr3_axi_smc_0_sc_util_v1_0_4_xpm_memory_fifo__parameterized7__xdcDup__1 |        113 |         53 |      60 |    0 |   138 |      0 |      0 |          0 |
|                     (gen_xpm_memory_fifo.inst_fifo)                                                   |           xdma_ddr3_axi_smc_0_sc_util_v1_0_4_xpm_memory_fifo__parameterized7__xdcDup__1 |          7 |          7 |       0 |    0 |     4 |      0 |      0 |          0 |
|                     gen_async_clocks.inst_cdc_addra_to_rd_clk                                         |                                                    xdma_ddr3_axi_smc_0_xpm_cdc_gray__26 |          8 |          8 |       0 |    0 |    24 |      0 |      0 |          0 |
|                     gen_async_clocks.inst_cdc_addrb_to_wr_clk                                         |                                                        xdma_ddr3_axi_smc_0_xpm_cdc_gray |          8 |          8 |       0 |    0 |    24 |      0 |      0 |          0 |
|                     gen_mem_rep[0].inst_rd_addrb                                                      |                          xdma_ddr3_axi_smc_0_sc_util_v1_0_4_counter__parameterized0_708 |          6 |          6 |       0 |    0 |     6 |      0 |      0 |          0 |
|                     gen_mem_rep[0].inst_wr_addra                                                      |                          xdma_ddr3_axi_smc_0_sc_util_v1_0_4_counter__parameterized0_709 |          4 |          4 |       0 |    0 |     6 |      0 |      0 |          0 |
|                     gen_mem_rep[0].inst_xpm_memory                                                    |                                   xdma_ddr3_axi_smc_0_xpm_memory_sdpram__parameterized6 |         60 |          0 |      60 |    0 |    68 |      0 |      0 |          0 |
|                       (gen_mem_rep[0].inst_xpm_memory)                                                |                                   xdma_ddr3_axi_smc_0_xpm_memory_sdpram__parameterized6 |          0 |          0 |       0 |    0 |     0 |      0 |      0 |          0 |
|                       xpm_memory_base_inst                                                            |                                     xdma_ddr3_axi_smc_0_xpm_memory_base__parameterized6 |         60 |          0 |      60 |    0 |    68 |      0 |      0 |          0 |
|                     gen_wr.inst_wr_addra_p1                                                           |                          xdma_ddr3_axi_smc_0_sc_util_v1_0_4_counter__parameterized1_710 |         20 |         20 |       0 |    0 |     6 |      0 |      0 |          0 |
|                 inst_ingress                                                                          |                                             xdma_ddr3_axi_smc_0_sc_node_v1_0_14_ingress |          5 |          5 |       0 |    0 |     8 |      0 |      0 |          0 |
|                   inst_incoming_count                                                                 |                          xdma_ddr3_axi_smc_0_sc_util_v1_0_4_counter__parameterized2_705 |          4 |          4 |       0 |    0 |     5 |      0 |      0 |          0 |
|                   inst_pipeline_recv                                                                  |                         xdma_ddr3_axi_smc_0_sc_util_v1_0_4_pipeline__parameterized4_706 |          0 |          0 |       0 |    0 |     2 |      0 |      0 |          0 |
|                   inst_pipeline_valid                                                                 |                         xdma_ddr3_axi_smc_0_sc_util_v1_0_4_pipeline__parameterized3_707 |          1 |          1 |       0 |    0 |     1 |      0 |      0 |          0 |
|               inst_si_handler                                                                         |                                          xdma_ddr3_axi_smc_0_sc_node_v1_0_14_si_handler |         17 |         17 |       0 |    0 |    16 |      0 |      0 |          0 |
|                 (inst_si_handler)                                                                     |                                          xdma_ddr3_axi_smc_0_sc_node_v1_0_14_si_handler |          0 |          0 |       0 |    0 |     1 |      0 |      0 |          0 |
|                 gen_si_handler.gen_arbiter_rr_normal_area.inst_arbiter                                |                                      xdma_ddr3_axi_smc_0_sc_node_v1_0_14_arb_alg_rr_700 |         11 |         11 |       0 |    0 |     6 |      0 |      0 |          0 |
|                 gen_si_handler.gen_request_counters.gen_req_counter[0].inst_req_counter               |                                          xdma_ddr3_axi_smc_0_sc_util_v1_0_4_counter_701 |          2 |          2 |       0 |    0 |     3 |      0 |      0 |          0 |
|                 gen_si_handler.gen_request_counters.gen_req_counter[1].inst_req_counter               |                                          xdma_ddr3_axi_smc_0_sc_util_v1_0_4_counter_702 |          2 |          2 |       0 |    0 |     3 |      0 |      0 |          0 |
|                 gen_si_handler.gen_request_counters.gen_req_counter[2].inst_req_counter               |                                          xdma_ddr3_axi_smc_0_sc_util_v1_0_4_counter_703 |          2 |          2 |       0 |    0 |     3 |      0 |      0 |          0 |
|               m_sc_xpm_cdc_async_rst_inst                                                             |                                               xdma_ddr3_axi_smc_0_xpm_cdc_async_rst__38 |          1 |          1 |       0 |    0 |     3 |      0 |      0 |          0 |
|               s_sc_xpm_cdc_async_rst_inst                                                             |                                               xdma_ddr3_axi_smc_0_xpm_cdc_async_rst__37 |          1 |          1 |       0 |    0 |     3 |      0 |      0 |          0 |
|           m01_aw_node                                                                                 |                                                    xdma_ddr3_axi_smc_0_bd_a1ba_m01awn_0 |        157 |         98 |      56 |    3 |   178 |      0 |      0 |          0 |
|             (m01_aw_node)                                                                             |                                                    xdma_ddr3_axi_smc_0_bd_a1ba_m01awn_0 |          0 |          0 |       0 |    0 |     0 |      0 |      0 |          0 |
|             inst                                                                                      |                                 xdma_ddr3_axi_smc_0_sc_node_v1_0_14_top__parameterized5 |        157 |         98 |      56 |    3 |   178 |      0 |      0 |          0 |
|               (inst)                                                                                  |                                 xdma_ddr3_axi_smc_0_sc_node_v1_0_14_top__parameterized5 |          3 |          3 |       0 |    0 |     2 |      0 |      0 |          0 |
|               inst_mi_handler                                                                         |                          xdma_ddr3_axi_smc_0_sc_node_v1_0_14_mi_handler__parameterized5 |        115 |         59 |      56 |    0 |   143 |      0 |      0 |          0 |
|                 (inst_mi_handler)                                                                     |                          xdma_ddr3_axi_smc_0_sc_node_v1_0_14_mi_handler__parameterized5 |          0 |          0 |       0 |    0 |     2 |      0 |      0 |          0 |
|                 gen_normal_area.gen_fi_regulator.inst_fi_regulator                                    |                                    xdma_ddr3_axi_smc_0_sc_node_v1_0_14_fi_regulator_693 |          0 |          0 |       0 |    0 |     2 |      0 |      0 |          0 |
|                 gen_normal_area.inst_fifo_node_payld                                                  |                                xdma_ddr3_axi_smc_0_sc_node_v1_0_14_fifo__parameterized7 |        110 |         54 |      56 |    0 |   131 |      0 |      0 |          0 |
|                   gen_xpm_memory_fifo.inst_fifo                                                       |                      xdma_ddr3_axi_smc_0_sc_util_v1_0_4_xpm_memory_fifo__parameterized7 |        110 |         54 |      56 |    0 |   131 |      0 |      0 |          0 |
|                     (gen_xpm_memory_fifo.inst_fifo)                                                   |                      xdma_ddr3_axi_smc_0_sc_util_v1_0_4_xpm_memory_fifo__parameterized7 |          8 |          8 |       0 |    0 |     4 |      0 |      0 |          0 |
|                     gen_async_clocks.inst_cdc_addra_to_rd_clk                                         |                                                    xdma_ddr3_axi_smc_0_xpm_cdc_gray__24 |          8 |          8 |       0 |    0 |    24 |      0 |      0 |          0 |
|                     gen_async_clocks.inst_cdc_addrb_to_wr_clk                                         |                                                    xdma_ddr3_axi_smc_0_xpm_cdc_gray__25 |          8 |          8 |       0 |    0 |    24 |      0 |      0 |          0 |
|                     gen_mem_rep[0].inst_rd_addrb                                                      |                          xdma_ddr3_axi_smc_0_sc_util_v1_0_4_counter__parameterized0_697 |          6 |          6 |       0 |    0 |     6 |      0 |      0 |          0 |
|                     gen_mem_rep[0].inst_wr_addra                                                      |                          xdma_ddr3_axi_smc_0_sc_util_v1_0_4_counter__parameterized0_698 |          4 |          4 |       0 |    0 |     6 |      0 |      0 |          0 |
|                     gen_mem_rep[0].inst_xpm_memory                                                    |                                xdma_ddr3_axi_smc_0_xpm_memory_sdpram__parameterized6__2 |         56 |          0 |      56 |    0 |    61 |      0 |      0 |          0 |
|                       (gen_mem_rep[0].inst_xpm_memory)                                                |                                xdma_ddr3_axi_smc_0_xpm_memory_sdpram__parameterized6__2 |          0 |          0 |       0 |    0 |     0 |      0 |      0 |          0 |
|                       xpm_memory_base_inst                                                            |                                  xdma_ddr3_axi_smc_0_xpm_memory_base__parameterized6__2 |         56 |          0 |      56 |    0 |    61 |      0 |      0 |          0 |
|                     gen_wr.inst_wr_addra_p1                                                           |                          xdma_ddr3_axi_smc_0_sc_util_v1_0_4_counter__parameterized1_699 |         20 |         20 |       0 |    0 |     6 |      0 |      0 |          0 |
|                 inst_ingress                                                                          |                             xdma_ddr3_axi_smc_0_sc_node_v1_0_14_ingress__parameterized0 |          5 |          5 |       0 |    0 |     8 |      0 |      0 |          0 |
|                   inst_incoming_count                                                                 |                          xdma_ddr3_axi_smc_0_sc_util_v1_0_4_counter__parameterized2_694 |          4 |          4 |       0 |    0 |     5 |      0 |      0 |          0 |
|                   inst_pipeline_recv                                                                  |                         xdma_ddr3_axi_smc_0_sc_util_v1_0_4_pipeline__parameterized4_695 |          0 |          0 |       0 |    0 |     2 |      0 |      0 |          0 |
|                   inst_pipeline_valid                                                                 |                         xdma_ddr3_axi_smc_0_sc_util_v1_0_4_pipeline__parameterized3_696 |          1 |          1 |       0 |    0 |     1 |      0 |      0 |          0 |
|               inst_si_handler                                                                         |                          xdma_ddr3_axi_smc_0_sc_node_v1_0_14_si_handler__parameterized0 |         37 |         34 |       0 |    3 |    27 |      0 |      0 |          0 |
|                 (inst_si_handler)                                                                     |                          xdma_ddr3_axi_smc_0_sc_node_v1_0_14_si_handler__parameterized0 |          0 |          0 |       0 |    0 |     1 |      0 |      0 |          0 |
|                 gen_m_axis_arb_fifo.inst_axis_arb_fifo                                                |                    xdma_ddr3_axi_smc_0_sc_util_v1_0_4_axic_reg_srl_fifo__parameterized1 |         18 |         15 |       0 |    3 |    11 |      0 |      0 |          0 |
|                   (gen_m_axis_arb_fifo.inst_axis_arb_fifo)                                            |                    xdma_ddr3_axi_smc_0_sc_util_v1_0_4_axic_reg_srl_fifo__parameterized1 |         14 |         14 |       0 |    0 |    11 |      0 |      0 |          0 |
|                   gen_srls[0].srl_nx1                                                                 |                          xdma_ddr3_axi_smc_0_sc_util_v1_0_4_srl_rtl__parameterized0_690 |          1 |          0 |       0 |    1 |     0 |      0 |      0 |          0 |
|                   gen_srls[1].srl_nx1                                                                 |                          xdma_ddr3_axi_smc_0_sc_util_v1_0_4_srl_rtl__parameterized0_691 |          1 |          0 |       0 |    1 |     0 |      0 |      0 |          0 |
|                   gen_srls[2].srl_nx1                                                                 |                          xdma_ddr3_axi_smc_0_sc_util_v1_0_4_srl_rtl__parameterized0_692 |          2 |          1 |       0 |    1 |     0 |      0 |      0 |          0 |
|                 gen_si_handler.gen_arbiter_rr_normal_area.inst_arbiter                                |                                          xdma_ddr3_axi_smc_0_sc_node_v1_0_14_arb_alg_rr |         12 |         12 |       0 |    0 |     6 |      0 |      0 |          0 |
|                 gen_si_handler.gen_request_counters.gen_req_counter[0].inst_req_counter               |                                          xdma_ddr3_axi_smc_0_sc_util_v1_0_4_counter_687 |          2 |          2 |       0 |    0 |     3 |      0 |      0 |          0 |
|                 gen_si_handler.gen_request_counters.gen_req_counter[1].inst_req_counter               |                                          xdma_ddr3_axi_smc_0_sc_util_v1_0_4_counter_688 |          3 |          3 |       0 |    0 |     3 |      0 |      0 |          0 |
|                 gen_si_handler.gen_request_counters.gen_req_counter[2].inst_req_counter               |                                          xdma_ddr3_axi_smc_0_sc_util_v1_0_4_counter_689 |          2 |          2 |       0 |    0 |     3 |      0 |      0 |          0 |
|               m_sc_xpm_cdc_async_rst_inst                                                             |                                               xdma_ddr3_axi_smc_0_xpm_cdc_async_rst__36 |          1 |          1 |       0 |    0 |     3 |      0 |      0 |          0 |
|               s_sc_xpm_cdc_async_rst_inst                                                             |                                               xdma_ddr3_axi_smc_0_xpm_cdc_async_rst__35 |          1 |          1 |       0 |    0 |     3 |      0 |      0 |          0 |
|           m01_b_node                                                                                  |                                                     xdma_ddr3_axi_smc_0_bd_a1ba_m01bn_0 |        128 |        120 |       8 |    0 |   170 |      0 |      0 |          0 |
|             (m01_b_node)                                                                              |                                                     xdma_ddr3_axi_smc_0_bd_a1ba_m01bn_0 |          0 |          0 |       0 |    0 |     0 |      0 |      0 |          0 |
|             inst                                                                                      |                                 xdma_ddr3_axi_smc_0_sc_node_v1_0_14_top__parameterized6 |        128 |        120 |       8 |    0 |   170 |      0 |      0 |          0 |
|               (inst)                                                                                  |                                 xdma_ddr3_axi_smc_0_sc_node_v1_0_14_top__parameterized6 |          3 |          3 |       0 |    0 |     2 |      0 |      0 |          0 |
|               inst_mi_handler                                                                         |                          xdma_ddr3_axi_smc_0_sc_node_v1_0_14_mi_handler__parameterized6 |        121 |        113 |       8 |    0 |   161 |      0 |      0 |          0 |
|                 (inst_mi_handler)                                                                     |                          xdma_ddr3_axi_smc_0_sc_node_v1_0_14_mi_handler__parameterized6 |          0 |          0 |       0 |    0 |     2 |      0 |      0 |          0 |
|                 gen_normal_area.gen_fifo_req.inst_fifo_req                                            |                                xdma_ddr3_axi_smc_0_sc_node_v1_0_14_fifo__parameterized8 |         49 |         45 |       4 |    0 |    72 |      0 |      0 |          0 |
|                   gen_xpm_memory_fifo.inst_fifo                                                       |                      xdma_ddr3_axi_smc_0_sc_util_v1_0_4_xpm_memory_fifo__parameterized8 |         49 |         45 |       4 |    0 |    72 |      0 |      0 |          0 |
|                     (gen_xpm_memory_fifo.inst_fifo)                                                   |                      xdma_ddr3_axi_smc_0_sc_util_v1_0_4_xpm_memory_fifo__parameterized8 |          7 |          7 |       0 |    0 |     3 |      0 |      0 |          0 |
|                     gen_async_clocks.inst_cdc_addra_to_rd_clk                                         |                                                    xdma_ddr3_axi_smc_0_xpm_cdc_gray__22 |          8 |          8 |       0 |    0 |    24 |      0 |      0 |          0 |
|                     gen_async_clocks.inst_cdc_addrb_to_wr_clk                                         |                                                    xdma_ddr3_axi_smc_0_xpm_cdc_gray__23 |          8 |          8 |       0 |    0 |    24 |      0 |      0 |          0 |
|                     gen_mem_rep[0].inst_rd_addrb                                                      |                          xdma_ddr3_axi_smc_0_sc_util_v1_0_4_counter__parameterized0_684 |          6 |          6 |       0 |    0 |     6 |      0 |      0 |          0 |
|                     gen_mem_rep[0].inst_wr_addra                                                      |                          xdma_ddr3_axi_smc_0_sc_util_v1_0_4_counter__parameterized0_685 |          5 |          5 |       0 |    0 |     6 |      0 |      0 |          0 |
|                     gen_mem_rep[0].inst_xpm_memory                                                    |                                   xdma_ddr3_axi_smc_0_xpm_memory_sdpram__parameterized7 |          4 |          0 |       4 |    0 |     3 |      0 |      0 |          0 |
|                       (gen_mem_rep[0].inst_xpm_memory)                                                |                                   xdma_ddr3_axi_smc_0_xpm_memory_sdpram__parameterized7 |          0 |          0 |       0 |    0 |     0 |      0 |      0 |          0 |
|                       xpm_memory_base_inst                                                            |                                     xdma_ddr3_axi_smc_0_xpm_memory_base__parameterized7 |          4 |          0 |       4 |    0 |     3 |      0 |      0 |          0 |
|                     gen_wr.inst_wr_addra_p1                                                           |                          xdma_ddr3_axi_smc_0_sc_util_v1_0_4_counter__parameterized1_686 |         11 |         11 |       0 |    0 |     6 |      0 |      0 |          0 |
|                 gen_normal_area.inst_fifo_node_payld                                                  |                                xdma_ddr3_axi_smc_0_sc_node_v1_0_14_fifo__parameterized9 |         58 |         54 |       4 |    0 |    73 |      0 |      0 |          0 |
|                   gen_xpm_memory_fifo.inst_fifo                                                       |                      xdma_ddr3_axi_smc_0_sc_util_v1_0_4_xpm_memory_fifo__parameterized9 |         58 |         54 |       4 |    0 |    73 |      0 |      0 |          0 |
|                     (gen_xpm_memory_fifo.inst_fifo)                                                   |                      xdma_ddr3_axi_smc_0_sc_util_v1_0_4_xpm_memory_fifo__parameterized9 |          6 |          6 |       0 |    0 |     4 |      0 |      0 |          0 |
|                     gen_async_clocks.inst_cdc_addra_to_rd_clk                                         |                                                    xdma_ddr3_axi_smc_0_xpm_cdc_gray__20 |          8 |          8 |       0 |    0 |    24 |      0 |      0 |          0 |
|                     gen_async_clocks.inst_cdc_addrb_to_wr_clk                                         |                                                    xdma_ddr3_axi_smc_0_xpm_cdc_gray__21 |          8 |          8 |       0 |    0 |    24 |      0 |      0 |          0 |
|                     gen_mem_rep[0].inst_rd_addrb                                                      |                          xdma_ddr3_axi_smc_0_sc_util_v1_0_4_counter__parameterized0_681 |          5 |          5 |       0 |    0 |     6 |      0 |      0 |          0 |
|                     gen_mem_rep[0].inst_wr_addra                                                      |                          xdma_ddr3_axi_smc_0_sc_util_v1_0_4_counter__parameterized0_682 |          5 |          5 |       0 |    0 |     6 |      0 |      0 |          0 |
|                     gen_mem_rep[0].inst_xpm_memory                                                    |                                   xdma_ddr3_axi_smc_0_xpm_memory_sdpram__parameterized8 |          4 |          0 |       4 |    0 |     3 |      0 |      0 |          0 |
|                       (gen_mem_rep[0].inst_xpm_memory)                                                |                                   xdma_ddr3_axi_smc_0_xpm_memory_sdpram__parameterized8 |          0 |          0 |       0 |    0 |     0 |      0 |      0 |          0 |
|                       xpm_memory_base_inst                                                            |                                     xdma_ddr3_axi_smc_0_xpm_memory_base__parameterized8 |          4 |          0 |       4 |    0 |     3 |      0 |      0 |          0 |
|                     gen_wr.inst_wr_addra_p1                                                           |                          xdma_ddr3_axi_smc_0_sc_util_v1_0_4_counter__parameterized1_683 |         22 |         22 |       0 |    0 |     6 |      0 |      0 |          0 |
|                 gen_normal_area.inst_fifo_send                                                        |                      xdma_ddr3_axi_smc_0_sc_node_v1_0_14_reg_slice3__parameterized0_680 |         14 |         14 |       0 |    0 |    14 |      0 |      0 |          0 |
|               inst_si_handler                                                                         |                          xdma_ddr3_axi_smc_0_sc_node_v1_0_14_si_handler__parameterized1 |          2 |          2 |       0 |    0 |     1 |      0 |      0 |          0 |
|               m_sc_xpm_cdc_async_rst_inst                                                             |                                               xdma_ddr3_axi_smc_0_xpm_cdc_async_rst__34 |          1 |          1 |       0 |    0 |     3 |      0 |      0 |          0 |
|               s_sc_xpm_cdc_async_rst_inst                                                             |                                               xdma_ddr3_axi_smc_0_xpm_cdc_async_rst__33 |          1 |          1 |       0 |    0 |     3 |      0 |      0 |          0 |
|           m01_r_node                                                                                  |                                                     xdma_ddr3_axi_smc_0_bd_a1ba_m01rn_0 |        234 |        128 |     106 |    0 |   462 |      0 |      0 |          0 |
|             (m01_r_node)                                                                              |                                                     xdma_ddr3_axi_smc_0_bd_a1ba_m01rn_0 |          0 |          0 |       0 |    0 |     0 |      0 |      0 |          0 |
|             inst                                                                                      |                                 xdma_ddr3_axi_smc_0_sc_node_v1_0_14_top__parameterized7 |        234 |        128 |     106 |    0 |   462 |      0 |      0 |          0 |
|               (inst)                                                                                  |                                 xdma_ddr3_axi_smc_0_sc_node_v1_0_14_top__parameterized7 |          3 |          3 |       0 |    0 |     2 |      0 |      0 |          0 |
|               inst_mi_handler                                                                         |                          xdma_ddr3_axi_smc_0_sc_node_v1_0_14_mi_handler__parameterized7 |        228 |        122 |     106 |    0 |   453 |      0 |      0 |          0 |
|                 (inst_mi_handler)                                                                     |                          xdma_ddr3_axi_smc_0_sc_node_v1_0_14_mi_handler__parameterized7 |          0 |          0 |       0 |    0 |     2 |      0 |      0 |          0 |
|                 gen_normal_area.gen_fi_regulator.inst_fi_regulator                                    |                                    xdma_ddr3_axi_smc_0_sc_node_v1_0_14_fi_regulator_673 |          1 |          1 |       0 |    0 |     2 |      0 |      0 |          0 |
|                 gen_normal_area.gen_fifo_req.inst_fifo_req                                            |                               xdma_ddr3_axi_smc_0_sc_node_v1_0_14_fifo__parameterized10 |         48 |         44 |       4 |    0 |    72 |      0 |      0 |          0 |
|                   gen_xpm_memory_fifo.inst_fifo                                                       |                     xdma_ddr3_axi_smc_0_sc_util_v1_0_4_xpm_memory_fifo__parameterized10 |         48 |         44 |       4 |    0 |    72 |      0 |      0 |          0 |
|                     (gen_xpm_memory_fifo.inst_fifo)                                                   |                     xdma_ddr3_axi_smc_0_sc_util_v1_0_4_xpm_memory_fifo__parameterized10 |          7 |          7 |       0 |    0 |     3 |      0 |      0 |          0 |
|                     gen_async_clocks.inst_cdc_addra_to_rd_clk                                         |                                                    xdma_ddr3_axi_smc_0_xpm_cdc_gray__18 |          8 |          8 |       0 |    0 |    24 |      0 |      0 |          0 |
|                     gen_async_clocks.inst_cdc_addrb_to_wr_clk                                         |                                                    xdma_ddr3_axi_smc_0_xpm_cdc_gray__19 |          8 |          8 |       0 |    0 |    24 |      0 |      0 |          0 |
|                     gen_mem_rep[0].inst_rd_addrb                                                      |                          xdma_ddr3_axi_smc_0_sc_util_v1_0_4_counter__parameterized0_677 |          6 |          6 |       0 |    0 |     6 |      0 |      0 |          0 |
|                     gen_mem_rep[0].inst_wr_addra                                                      |                          xdma_ddr3_axi_smc_0_sc_util_v1_0_4_counter__parameterized0_678 |          4 |          4 |       0 |    0 |     6 |      0 |      0 |          0 |
|                     gen_mem_rep[0].inst_xpm_memory                                                    |                                xdma_ddr3_axi_smc_0_xpm_memory_sdpram__parameterized7__1 |          4 |          0 |       4 |    0 |     3 |      0 |      0 |          0 |
|                       (gen_mem_rep[0].inst_xpm_memory)                                                |                                xdma_ddr3_axi_smc_0_xpm_memory_sdpram__parameterized7__1 |          0 |          0 |       0 |    0 |     0 |      0 |      0 |          0 |
|                       xpm_memory_base_inst                                                            |                                  xdma_ddr3_axi_smc_0_xpm_memory_base__parameterized7__1 |          4 |          0 |       4 |    0 |     3 |      0 |      0 |          0 |
|                     gen_wr.inst_wr_addra_p1                                                           |                          xdma_ddr3_axi_smc_0_sc_util_v1_0_4_counter__parameterized1_679 |         11 |         11 |       0 |    0 |     6 |      0 |      0 |          0 |
|                 gen_normal_area.gen_upsizer.inst_upsizer                                              |                                             xdma_ddr3_axi_smc_0_sc_node_v1_0_14_upsizer |         10 |         10 |       0 |    0 |   156 |      0 |      0 |          0 |
|                   (gen_normal_area.gen_upsizer.inst_upsizer)                                          |                                             xdma_ddr3_axi_smc_0_sc_node_v1_0_14_upsizer |          9 |          9 |       0 |    0 |   151 |      0 |      0 |          0 |
|                   inst_upsizer_target_pipeline                                                        |                             xdma_ddr3_axi_smc_0_sc_util_v1_0_4_pipeline__parameterized7 |          1 |          1 |       0 |    0 |     5 |      0 |      0 |          0 |
|                 gen_normal_area.inst_fifo_node_payld                                                  |                               xdma_ddr3_axi_smc_0_sc_node_v1_0_14_fifo__parameterized11 |        155 |         53 |     102 |    0 |   207 |      0 |      0 |          0 |
|                   gen_xpm_memory_fifo.inst_fifo                                                       |                     xdma_ddr3_axi_smc_0_sc_util_v1_0_4_xpm_memory_fifo__parameterized11 |        155 |         53 |     102 |    0 |   207 |      0 |      0 |          0 |
|                     (gen_xpm_memory_fifo.inst_fifo)                                                   |                     xdma_ddr3_axi_smc_0_sc_util_v1_0_4_xpm_memory_fifo__parameterized11 |          8 |          8 |       0 |    0 |     4 |      0 |      0 |          0 |
|                     gen_async_clocks.inst_cdc_addra_to_rd_clk                                         |                                                    xdma_ddr3_axi_smc_0_xpm_cdc_gray__16 |          8 |          8 |       0 |    0 |    24 |      0 |      0 |          0 |
|                     gen_async_clocks.inst_cdc_addrb_to_wr_clk                                         |                                                    xdma_ddr3_axi_smc_0_xpm_cdc_gray__17 |          8 |          8 |       0 |    0 |    24 |      0 |      0 |          0 |
|                     gen_mem_rep[0].inst_rd_addrb                                                      |                          xdma_ddr3_axi_smc_0_sc_util_v1_0_4_counter__parameterized0_674 |          5 |          5 |       0 |    0 |     6 |      0 |      0 |          0 |
|                     gen_mem_rep[0].inst_wr_addra                                                      |                          xdma_ddr3_axi_smc_0_sc_util_v1_0_4_counter__parameterized0_675 |          4 |          4 |       0 |    0 |     6 |      0 |      0 |          0 |
|                     gen_mem_rep[0].inst_xpm_memory                                                    |                                   xdma_ddr3_axi_smc_0_xpm_memory_sdpram__parameterized9 |        102 |          0 |     102 |    0 |   137 |      0 |      0 |          0 |
|                       (gen_mem_rep[0].inst_xpm_memory)                                                |                                   xdma_ddr3_axi_smc_0_xpm_memory_sdpram__parameterized9 |          0 |          0 |       0 |    0 |     0 |      0 |      0 |          0 |
|                       xpm_memory_base_inst                                                            |                                     xdma_ddr3_axi_smc_0_xpm_memory_base__parameterized9 |        102 |          0 |     102 |    0 |   137 |      0 |      0 |          0 |
|                     gen_wr.inst_wr_addra_p1                                                           |                          xdma_ddr3_axi_smc_0_sc_util_v1_0_4_counter__parameterized1_676 |         20 |         20 |       0 |    0 |     6 |      0 |      0 |          0 |
|                 gen_normal_area.inst_fifo_send                                                        |                          xdma_ddr3_axi_smc_0_sc_node_v1_0_14_reg_slice3__parameterized0 |         14 |         14 |       0 |    0 |    14 |      0 |      0 |          0 |
|               inst_si_handler                                                                         |                          xdma_ddr3_axi_smc_0_sc_node_v1_0_14_si_handler__parameterized2 |          1 |          1 |       0 |    0 |     1 |      0 |      0 |          0 |
|               m_sc_xpm_cdc_async_rst_inst                                                             |                                               xdma_ddr3_axi_smc_0_xpm_cdc_async_rst__32 |          1 |          1 |       0 |    0 |     3 |      0 |      0 |          0 |
|               s_sc_xpm_cdc_async_rst_inst                                                             |                                               xdma_ddr3_axi_smc_0_xpm_cdc_async_rst__31 |          1 |          1 |       0 |    0 |     3 |      0 |      0 |          0 |
|           m01_w_node                                                                                  |                                                     xdma_ddr3_axi_smc_0_bd_a1ba_m01wn_0 |        290 |        180 |     110 |    0 |   275 |      0 |      0 |          0 |
|             (m01_w_node)                                                                              |                                                     xdma_ddr3_axi_smc_0_bd_a1ba_m01wn_0 |          0 |          0 |       0 |    0 |     0 |      0 |      0 |          0 |
|             inst                                                                                      |                                 xdma_ddr3_axi_smc_0_sc_node_v1_0_14_top__parameterized8 |        290 |        180 |     110 |    0 |   275 |      0 |      0 |          0 |
|               (inst)                                                                                  |                                 xdma_ddr3_axi_smc_0_sc_node_v1_0_14_top__parameterized8 |          3 |          3 |       0 |    0 |     2 |      0 |      0 |          0 |
|               inst_mi_handler                                                                         |                          xdma_ddr3_axi_smc_0_sc_node_v1_0_14_mi_handler__parameterized8 |        238 |        134 |     104 |    0 |   232 |      0 |      0 |          0 |
|                 (inst_mi_handler)                                                                     |                          xdma_ddr3_axi_smc_0_sc_node_v1_0_14_mi_handler__parameterized8 |          0 |          0 |       0 |    0 |     2 |      0 |      0 |          0 |
|                 gen_normal_area.gen_downsizer.inst_downsizer                                          |                                           xdma_ddr3_axi_smc_0_sc_node_v1_0_14_downsizer |          0 |          0 |       0 |    0 |     3 |      0 |      0 |          0 |
|                 gen_normal_area.gen_fi_regulator.inst_fi_regulator                                    |                                    xdma_ddr3_axi_smc_0_sc_node_v1_0_14_fi_regulator_668 |          1 |          1 |       0 |    0 |     2 |      0 |      0 |          0 |
|                 gen_normal_area.inst_fifo_node_payld                                                  |                               xdma_ddr3_axi_smc_0_sc_node_v1_0_14_fifo__parameterized12 |        233 |        129 |     104 |    0 |   217 |      0 |      0 |          0 |
|                   gen_xpm_memory_fifo.inst_fifo                                                       |                     xdma_ddr3_axi_smc_0_sc_util_v1_0_4_xpm_memory_fifo__parameterized12 |        233 |        129 |     104 |    0 |   217 |      0 |      0 |          0 |
|                     (gen_xpm_memory_fifo.inst_fifo)                                                   |                     xdma_ddr3_axi_smc_0_sc_util_v1_0_4_xpm_memory_fifo__parameterized12 |         84 |         84 |       0 |    0 |     4 |      0 |      0 |          0 |
|                     gen_async_clocks.inst_cdc_addra_to_rd_clk                                         |                                                    xdma_ddr3_axi_smc_0_xpm_cdc_gray__14 |          8 |          8 |       0 |    0 |    24 |      0 |      0 |          0 |
|                     gen_async_clocks.inst_cdc_addrb_to_wr_clk                                         |                                                    xdma_ddr3_axi_smc_0_xpm_cdc_gray__15 |          8 |          8 |       0 |    0 |    24 |      0 |      0 |          0 |
|                     gen_mem_rep[0].inst_rd_addrb                                                      |                          xdma_ddr3_axi_smc_0_sc_util_v1_0_4_counter__parameterized0_670 |          5 |          5 |       0 |    0 |     6 |      0 |      0 |          0 |
|                     gen_mem_rep[0].inst_wr_addra                                                      |                          xdma_ddr3_axi_smc_0_sc_util_v1_0_4_counter__parameterized0_671 |          4 |          4 |       0 |    0 |     6 |      0 |      0 |          0 |
|                     gen_mem_rep[0].inst_xpm_memory                                                    |                                  xdma_ddr3_axi_smc_0_xpm_memory_sdpram__parameterized10 |        104 |          0 |     104 |    0 |   147 |      0 |      0 |          0 |
|                       (gen_mem_rep[0].inst_xpm_memory)                                                |                                  xdma_ddr3_axi_smc_0_xpm_memory_sdpram__parameterized10 |          0 |          0 |       0 |    0 |     0 |      0 |      0 |          0 |
|                       xpm_memory_base_inst                                                            |                                    xdma_ddr3_axi_smc_0_xpm_memory_base__parameterized10 |        104 |          0 |     104 |    0 |   147 |      0 |      0 |          0 |
|                     gen_wr.inst_wr_addra_p1                                                           |                          xdma_ddr3_axi_smc_0_sc_util_v1_0_4_counter__parameterized1_672 |         20 |         20 |       0 |    0 |     6 |      0 |      0 |          0 |
|                 inst_ingress                                                                          |                             xdma_ddr3_axi_smc_0_sc_node_v1_0_14_ingress__parameterized3 |          4 |          4 |       0 |    0 |     8 |      0 |      0 |          0 |
|                   inst_incoming_count                                                                 |                              xdma_ddr3_axi_smc_0_sc_util_v1_0_4_counter__parameterized2 |          4 |          4 |       0 |    0 |     5 |      0 |      0 |          0 |
|                   inst_pipeline_recv                                                                  |                             xdma_ddr3_axi_smc_0_sc_util_v1_0_4_pipeline__parameterized4 |          0 |          0 |       0 |    0 |     2 |      0 |      0 |          0 |
|                   inst_pipeline_valid                                                                 |                         xdma_ddr3_axi_smc_0_sc_util_v1_0_4_pipeline__parameterized3_669 |          0 |          0 |       0 |    0 |     1 |      0 |      0 |          0 |
|               inst_si_handler                                                                         |                          xdma_ddr3_axi_smc_0_sc_node_v1_0_14_si_handler__parameterized3 |         47 |         41 |       6 |    0 |    35 |      0 |      0 |          0 |
|                 (inst_si_handler)                                                                     |                          xdma_ddr3_axi_smc_0_sc_node_v1_0_14_si_handler__parameterized3 |          0 |          0 |       0 |    0 |     1 |      0 |      0 |          0 |
|                 gen_si_handler.gen_axis_packet_slave_normal_area.inst_allow_transfer_late             |                         xdma_ddr3_axi_smc_0_sc_util_v1_0_4_pipeline__parameterized3_660 |          0 |          0 |       0 |    0 |     1 |      0 |      0 |          0 |
|                 gen_si_handler.gen_request_fifos.gen_req_fifo[0].inst_req_fifo                        |                     xdma_ddr3_axi_smc_0_sc_node_v1_0_14_fifo__parameterized5__xdcDup__4 |         14 |         12 |       2 |    0 |    11 |      0 |      0 |          0 |
|                   gen_xpm_memory_fifo.inst_fifo                                                       |           xdma_ddr3_axi_smc_0_sc_util_v1_0_4_xpm_memory_fifo__parameterized5__xdcDup__4 |         14 |         12 |       2 |    0 |    11 |      0 |      0 |          0 |
|                     (gen_xpm_memory_fifo.inst_fifo)                                                   |           xdma_ddr3_axi_smc_0_sc_util_v1_0_4_xpm_memory_fifo__parameterized5__xdcDup__4 |          2 |          2 |       0 |    0 |     2 |      0 |      0 |          0 |
|                     gen_mem_rep[0].inst_rd_addrb                                                      |                          xdma_ddr3_axi_smc_0_sc_util_v1_0_4_counter__parameterized3_665 |          2 |          2 |       0 |    0 |     3 |      0 |      0 |          0 |
|                     gen_mem_rep[0].inst_wr_addra                                                      |                          xdma_ddr3_axi_smc_0_sc_util_v1_0_4_counter__parameterized3_666 |          2 |          2 |       0 |    0 |     3 |      0 |      0 |          0 |
|                     gen_mem_rep[0].inst_xpm_memory                                                    |                                xdma_ddr3_axi_smc_0_xpm_memory_sdpram__parameterized4__8 |          2 |          0 |       2 |    0 |     0 |      0 |      0 |          0 |
|                       (gen_mem_rep[0].inst_xpm_memory)                                                |                                xdma_ddr3_axi_smc_0_xpm_memory_sdpram__parameterized4__8 |          0 |          0 |       0 |    0 |     0 |      0 |      0 |          0 |
|                       xpm_memory_base_inst                                                            |                                  xdma_ddr3_axi_smc_0_xpm_memory_base__parameterized4__8 |          2 |          0 |       2 |    0 |     0 |      0 |      0 |          0 |
|                     gen_wr.inst_wr_addra_p1                                                           |                          xdma_ddr3_axi_smc_0_sc_util_v1_0_4_counter__parameterized4_667 |          6 |          6 |       0 |    0 |     3 |      0 |      0 |          0 |
|                 gen_si_handler.gen_request_fifos.gen_req_fifo[1].inst_req_fifo                        |                     xdma_ddr3_axi_smc_0_sc_node_v1_0_14_fifo__parameterized5__xdcDup__5 |         17 |         15 |       2 |    0 |    11 |      0 |      0 |          0 |
|                   gen_xpm_memory_fifo.inst_fifo                                                       |           xdma_ddr3_axi_smc_0_sc_util_v1_0_4_xpm_memory_fifo__parameterized5__xdcDup__5 |         17 |         15 |       2 |    0 |    11 |      0 |      0 |          0 |
|                     (gen_xpm_memory_fifo.inst_fifo)                                                   |           xdma_ddr3_axi_smc_0_sc_util_v1_0_4_xpm_memory_fifo__parameterized5__xdcDup__5 |          4 |          4 |       0 |    0 |     2 |      0 |      0 |          0 |
|                     gen_mem_rep[0].inst_rd_addrb                                                      |                          xdma_ddr3_axi_smc_0_sc_util_v1_0_4_counter__parameterized3_662 |          3 |          3 |       0 |    0 |     3 |      0 |      0 |          0 |
|                     gen_mem_rep[0].inst_wr_addra                                                      |                          xdma_ddr3_axi_smc_0_sc_util_v1_0_4_counter__parameterized3_663 |          2 |          2 |       0 |    0 |     3 |      0 |      0 |          0 |
|                     gen_mem_rep[0].inst_xpm_memory                                                    |                                xdma_ddr3_axi_smc_0_xpm_memory_sdpram__parameterized4__7 |          2 |          0 |       2 |    0 |     0 |      0 |      0 |          0 |
|                       (gen_mem_rep[0].inst_xpm_memory)                                                |                                xdma_ddr3_axi_smc_0_xpm_memory_sdpram__parameterized4__7 |          0 |          0 |       0 |    0 |     0 |      0 |      0 |          0 |
|                       xpm_memory_base_inst                                                            |                                  xdma_ddr3_axi_smc_0_xpm_memory_base__parameterized4__7 |          2 |          0 |       2 |    0 |     0 |      0 |      0 |          0 |
|                     gen_wr.inst_wr_addra_p1                                                           |                          xdma_ddr3_axi_smc_0_sc_util_v1_0_4_counter__parameterized4_664 |          6 |          6 |       0 |    0 |     3 |      0 |      0 |          0 |
|                 gen_si_handler.gen_request_fifos.gen_req_fifo[2].inst_req_fifo                        |                                xdma_ddr3_axi_smc_0_sc_node_v1_0_14_fifo__parameterized5 |         16 |         14 |       2 |    0 |    11 |      0 |      0 |          0 |
|                   gen_xpm_memory_fifo.inst_fifo                                                       |                      xdma_ddr3_axi_smc_0_sc_util_v1_0_4_xpm_memory_fifo__parameterized5 |         16 |         14 |       2 |    0 |    11 |      0 |      0 |          0 |
|                     (gen_xpm_memory_fifo.inst_fifo)                                                   |                      xdma_ddr3_axi_smc_0_sc_util_v1_0_4_xpm_memory_fifo__parameterized5 |          3 |          3 |       0 |    0 |     2 |      0 |      0 |          0 |
|                     gen_mem_rep[0].inst_rd_addrb                                                      |                              xdma_ddr3_axi_smc_0_sc_util_v1_0_4_counter__parameterized3 |          3 |          3 |       0 |    0 |     3 |      0 |      0 |          0 |
|                     gen_mem_rep[0].inst_wr_addra                                                      |                          xdma_ddr3_axi_smc_0_sc_util_v1_0_4_counter__parameterized3_661 |          2 |          2 |       0 |    0 |     3 |      0 |      0 |          0 |
|                     gen_mem_rep[0].inst_xpm_memory                                                    |                                xdma_ddr3_axi_smc_0_xpm_memory_sdpram__parameterized4__6 |          2 |          0 |       2 |    0 |     0 |      0 |      0 |          0 |
|                       (gen_mem_rep[0].inst_xpm_memory)                                                |                                xdma_ddr3_axi_smc_0_xpm_memory_sdpram__parameterized4__6 |          0 |          0 |       0 |    0 |     0 |      0 |      0 |          0 |
|                       xpm_memory_base_inst                                                            |                                  xdma_ddr3_axi_smc_0_xpm_memory_base__parameterized4__6 |          2 |          0 |       2 |    0 |     0 |      0 |      0 |          0 |
|                     gen_wr.inst_wr_addra_p1                                                           |                              xdma_ddr3_axi_smc_0_sc_util_v1_0_4_counter__parameterized4 |          6 |          6 |       0 |    0 |     3 |      0 |      0 |          0 |
|               m_sc_xpm_cdc_async_rst_inst                                                             |                                               xdma_ddr3_axi_smc_0_xpm_cdc_async_rst__30 |          1 |          1 |       0 |    0 |     3 |      0 |      0 |          0 |
|               s_sc_xpm_cdc_async_rst_inst                                                             |                                               xdma_ddr3_axi_smc_0_xpm_cdc_async_rst__29 |          1 |          1 |       0 |    0 |     3 |      0 |      0 |          0 |
|         m01_sc2axi                                                                                    |                                                    xdma_ddr3_axi_smc_0_bd_a1ba_m01s2a_0 |          0 |          0 |       0 |    0 |     0 |      0 |      0 |          0 |
|           (m01_sc2axi)                                                                                |                                                    xdma_ddr3_axi_smc_0_bd_a1ba_m01s2a_0 |          0 |          0 |       0 |    0 |     0 |      0 |      0 |          0 |
|           inst                                                                                        |                                xdma_ddr3_axi_smc_0_sc_sc2axi_v1_0_7_top__parameterized0 |          0 |          0 |       0 |    0 |     0 |      0 |      0 |          0 |
|         s00_axi2sc                                                                                    |                                                    xdma_ddr3_axi_smc_0_bd_a1ba_s00a2s_0 |          0 |          0 |       0 |    0 |     0 |      0 |      0 |          0 |
|           (s00_axi2sc)                                                                                |                                                    xdma_ddr3_axi_smc_0_bd_a1ba_s00a2s_0 |          0 |          0 |       0 |    0 |     0 |      0 |      0 |          0 |
|           inst                                                                                        |                                                xdma_ddr3_axi_smc_0_sc_axi2sc_v1_0_7_top |          0 |          0 |       0 |    0 |     0 |      0 |      0 |          0 |
|         s00_entry_pipeline                                                                            |                                      xdma_ddr3_axi_smc_0_s00_entry_pipeline_imp_174YGSO |       1656 |       1633 |       0 |   23 |  2811 |      0 |      0 |          0 |
|           s00_mmu                                                                                     |                                                    xdma_ddr3_axi_smc_0_bd_a1ba_s00mmu_0 |        678 |        676 |       0 |    2 |  1413 |      0 |      0 |          0 |
|             (s00_mmu)                                                                                 |                                                    xdma_ddr3_axi_smc_0_bd_a1ba_s00mmu_0 |          0 |          0 |       0 |    0 |     0 |      0 |      0 |          0 |
|             inst                                                                                      |                                                  xdma_ddr3_axi_smc_0_sc_mmu_v1_0_10_top |        678 |        676 |       0 |    2 |  1413 |      0 |      0 |          0 |
|               (inst)                                                                                  |                                                  xdma_ddr3_axi_smc_0_sc_mmu_v1_0_10_top |          9 |          9 |       0 |    0 |    29 |      0 |      0 |          0 |
|               ar_reg_stall                                                                            |                                    xdma_ddr3_axi_smc_0_sc_util_v1_0_4_axi_reg_stall_649 |         62 |         62 |       0 |    0 |   190 |      0 |      0 |          0 |
|               ar_sreg                                                                                 |                                    xdma_ddr3_axi_smc_0_sc_util_v1_0_4_axi_reg_stall_650 |         85 |         85 |       0 |    0 |   190 |      0 |      0 |          0 |
|               aw_reg_stall                                                                            |                                    xdma_ddr3_axi_smc_0_sc_util_v1_0_4_axi_reg_stall_651 |         60 |         60 |       0 |    0 |   190 |      0 |      0 |          0 |
|               aw_sreg                                                                                 |                                    xdma_ddr3_axi_smc_0_sc_util_v1_0_4_axi_reg_stall_652 |         85 |         85 |       0 |    0 |   190 |      0 |      0 |          0 |
|               b_sreg                                                                                  |                                    xdma_ddr3_axi_smc_0_sc_util_v1_0_4_axi_reg_stall_653 |         15 |         15 |       0 |    0 |    16 |      0 |      0 |          0 |
|               gen_endpoint.decerr_slave_inst                                                          |                                         xdma_ddr3_axi_smc_0_sc_mmu_v1_0_10_decerr_slave |         37 |         37 |       0 |    0 |    25 |      0 |      0 |          0 |
|               gen_wroute_fifo.wroute_fifo                                                             |                xdma_ddr3_axi_smc_0_sc_util_v1_0_4_axic_reg_srl_fifo__parameterized2_654 |         23 |         21 |       0 |    2 |    10 |      0 |      0 |          0 |
|                 (gen_wroute_fifo.wroute_fifo)                                                         |                xdma_ddr3_axi_smc_0_sc_util_v1_0_4_axic_reg_srl_fifo__parameterized2_654 |         18 |         18 |       0 |    0 |    10 |      0 |      0 |          0 |
|                 gen_srls[0].srl_nx1                                                                   |                          xdma_ddr3_axi_smc_0_sc_util_v1_0_4_srl_rtl__parameterized0_658 |          3 |          2 |       0 |    1 |     0 |      0 |      0 |          0 |
|                 gen_srls[1].srl_nx1                                                                   |                          xdma_ddr3_axi_smc_0_sc_util_v1_0_4_srl_rtl__parameterized0_659 |          2 |          1 |       0 |    1 |     0 |      0 |      0 |          0 |
|               gen_wroute_fifo.wroute_split                                                            |                                     xdma_ddr3_axi_smc_0_sc_util_v1_0_4_axi_splitter_655 |          4 |          4 |       0 |    0 |     2 |      0 |      0 |          0 |
|               r_sreg                                                                                  |                                    xdma_ddr3_axi_smc_0_sc_util_v1_0_4_axi_reg_stall_656 |        211 |        211 |       0 |    0 |   274 |      0 |      0 |          0 |
|               w_sreg                                                                                  |                                    xdma_ddr3_axi_smc_0_sc_util_v1_0_4_axi_reg_stall_657 |         86 |         86 |       0 |    0 |   294 |      0 |      0 |          0 |
|               xpm_cdc_async_rst_inst                                                                  |                                               xdma_ddr3_axi_smc_0_xpm_cdc_async_rst__10 |          1 |          1 |       0 |    0 |     3 |      0 |      0 |          0 |
|           s00_si_converter                                                                            |                                                    xdma_ddr3_axi_smc_0_bd_a1ba_s00sic_0 |        661 |        640 |       0 |   21 |   624 |      0 |      0 |          0 |
|             (s00_si_converter)                                                                        |                                                    xdma_ddr3_axi_smc_0_bd_a1ba_s00sic_0 |          0 |          0 |       0 |    0 |     0 |      0 |      0 |          0 |
|             inst                                                                                      |                                         xdma_ddr3_axi_smc_0_sc_si_converter_v1_0_10_top |        661 |        640 |       0 |   21 |   624 |      0 |      0 |          0 |
|               (inst)                                                                                  |                                         xdma_ddr3_axi_smc_0_sc_si_converter_v1_0_10_top |          1 |          1 |       0 |    0 |     1 |      0 |      0 |          0 |
|               gen_normal.splitter_inst                                                                |                                    xdma_ddr3_axi_smc_0_sc_si_converter_v1_0_10_splitter |        659 |        638 |       0 |   21 |   620 |      0 |      0 |          0 |
|                 (gen_normal.splitter_inst)                                                            |                                    xdma_ddr3_axi_smc_0_sc_si_converter_v1_0_10_splitter |        152 |        152 |       0 |    0 |   217 |      0 |      0 |          0 |
|                 ar_cmd_reg                                                                            |                                    xdma_ddr3_axi_smc_0_sc_util_v1_0_4_axi_reg_stall_622 |        161 |        161 |       0 |    0 |   162 |      0 |      0 |          0 |
|                 aw_cmd_reg                                                                            |                                    xdma_ddr3_axi_smc_0_sc_util_v1_0_4_axi_reg_stall_623 |        139 |        139 |       0 |    0 |   152 |      0 |      0 |          0 |
|                 b_reg                                                                                 |                                    xdma_ddr3_axi_smc_0_sc_util_v1_0_4_axi_reg_stall_624 |         26 |         26 |       0 |    0 |    10 |      0 |      0 |          0 |
|                 gen_rsplitter.gen_rthread_loop[0].r_split_fifo                                        |                    xdma_ddr3_axi_smc_0_sc_util_v1_0_4_axic_reg_srl_fifo__parameterized6 |         20 |         19 |       0 |    1 |    10 |      0 |      0 |          0 |
|                   (gen_rsplitter.gen_rthread_loop[0].r_split_fifo)                                    |                    xdma_ddr3_axi_smc_0_sc_util_v1_0_4_axic_reg_srl_fifo__parameterized6 |         16 |         16 |       0 |    0 |    10 |      0 |      0 |          0 |
|                   gen_srls[0].srl_nx1                                                                 |                                          xdma_ddr3_axi_smc_0_sc_util_v1_0_4_srl_rtl_648 |          4 |          3 |       0 |    1 |     0 |      0 |      0 |          0 |
|                 gen_rsplitter.gen_rthread_loop[1].r_split_fifo                                        |                xdma_ddr3_axi_smc_0_sc_util_v1_0_4_axic_reg_srl_fifo__parameterized6_625 |         19 |         18 |       0 |    1 |    10 |      0 |      0 |          0 |
|                   (gen_rsplitter.gen_rthread_loop[1].r_split_fifo)                                    |                xdma_ddr3_axi_smc_0_sc_util_v1_0_4_axic_reg_srl_fifo__parameterized6_625 |         16 |         16 |       0 |    0 |    10 |      0 |      0 |          0 |
|                   gen_srls[0].srl_nx1                                                                 |                                          xdma_ddr3_axi_smc_0_sc_util_v1_0_4_srl_rtl_647 |          3 |          2 |       0 |    1 |     0 |      0 |      0 |          0 |
|                 gen_wsplitter.gen_wthread_loop[0].b_split_fifo                                        |                    xdma_ddr3_axi_smc_0_sc_util_v1_0_4_axic_reg_srl_fifo__parameterized3 |         14 |         13 |       0 |    1 |     9 |      0 |      0 |          0 |
|                   (gen_wsplitter.gen_wthread_loop[0].b_split_fifo)                                    |                    xdma_ddr3_axi_smc_0_sc_util_v1_0_4_axic_reg_srl_fifo__parameterized3 |         11 |         11 |       0 |    0 |     9 |      0 |      0 |          0 |
|                   gen_srls[0].srl_nx1                                                                 |                          xdma_ddr3_axi_smc_0_sc_util_v1_0_4_srl_rtl__parameterized0_646 |          3 |          2 |       0 |    1 |     0 |      0 |      0 |          0 |
|                 gen_wsplitter.gen_wthread_loop[1].b_split_fifo                                        |                xdma_ddr3_axi_smc_0_sc_util_v1_0_4_axic_reg_srl_fifo__parameterized3_626 |         17 |         16 |       0 |    1 |     9 |      0 |      0 |          0 |
|                   (gen_wsplitter.gen_wthread_loop[1].b_split_fifo)                                    |                xdma_ddr3_axi_smc_0_sc_util_v1_0_4_axic_reg_srl_fifo__parameterized3_626 |         13 |         13 |       0 |    0 |     9 |      0 |      0 |          0 |
|                   gen_srls[0].srl_nx1                                                                 |                          xdma_ddr3_axi_smc_0_sc_util_v1_0_4_srl_rtl__parameterized0_645 |          4 |          3 |       0 |    1 |     0 |      0 |      0 |          0 |
|                 gen_wsplitter.w_split_fifo                                                            |                    xdma_ddr3_axi_smc_0_sc_util_v1_0_4_axic_reg_srl_fifo__parameterized4 |         49 |         41 |       0 |    8 |    16 |      0 |      0 |          0 |
|                   (gen_wsplitter.w_split_fifo)                                                        |                    xdma_ddr3_axi_smc_0_sc_util_v1_0_4_axic_reg_srl_fifo__parameterized4 |         30 |         30 |       0 |    0 |    16 |      0 |      0 |          0 |
|                   gen_srls[0].srl_nx1                                                                 |                          xdma_ddr3_axi_smc_0_sc_util_v1_0_4_srl_rtl__parameterized0_637 |          4 |          3 |       0 |    1 |     0 |      0 |      0 |          0 |
|                   gen_srls[1].srl_nx1                                                                 |                          xdma_ddr3_axi_smc_0_sc_util_v1_0_4_srl_rtl__parameterized0_638 |          2 |          1 |       0 |    1 |     0 |      0 |      0 |          0 |
|                   gen_srls[2].srl_nx1                                                                 |                          xdma_ddr3_axi_smc_0_sc_util_v1_0_4_srl_rtl__parameterized0_639 |          2 |          1 |       0 |    1 |     0 |      0 |      0 |          0 |
|                   gen_srls[3].srl_nx1                                                                 |                          xdma_ddr3_axi_smc_0_sc_util_v1_0_4_srl_rtl__parameterized0_640 |          2 |          1 |       0 |    1 |     0 |      0 |      0 |          0 |
|                   gen_srls[4].srl_nx1                                                                 |                          xdma_ddr3_axi_smc_0_sc_util_v1_0_4_srl_rtl__parameterized0_641 |          2 |          1 |       0 |    1 |     0 |      0 |      0 |          0 |
|                   gen_srls[5].srl_nx1                                                                 |                          xdma_ddr3_axi_smc_0_sc_util_v1_0_4_srl_rtl__parameterized0_642 |          2 |          1 |       0 |    1 |     0 |      0 |      0 |          0 |
|                   gen_srls[6].srl_nx1                                                                 |                          xdma_ddr3_axi_smc_0_sc_util_v1_0_4_srl_rtl__parameterized0_643 |          2 |          1 |       0 |    1 |     0 |      0 |      0 |          0 |
|                   gen_srls[7].srl_nx1                                                                 |                          xdma_ddr3_axi_smc_0_sc_util_v1_0_4_srl_rtl__parameterized0_644 |          3 |          2 |       0 |    1 |     0 |      0 |      0 |          0 |
|                 gen_wsplitter.wsplit_first_offset_fifo                                                |                    xdma_ddr3_axi_smc_0_sc_util_v1_0_4_axic_reg_srl_fifo__parameterized5 |         23 |         19 |       0 |    4 |    12 |      0 |      0 |          0 |
|                   (gen_wsplitter.wsplit_first_offset_fifo)                                            |                    xdma_ddr3_axi_smc_0_sc_util_v1_0_4_axic_reg_srl_fifo__parameterized5 |         14 |         14 |       0 |    0 |    12 |      0 |      0 |          0 |
|                   gen_srls[0].srl_nx1                                                                 |                          xdma_ddr3_axi_smc_0_sc_util_v1_0_4_srl_rtl__parameterized0_633 |          2 |          1 |       0 |    1 |     0 |      0 |      0 |          0 |
|                   gen_srls[1].srl_nx1                                                                 |                          xdma_ddr3_axi_smc_0_sc_util_v1_0_4_srl_rtl__parameterized0_634 |          2 |          1 |       0 |    1 |     0 |      0 |      0 |          0 |
|                   gen_srls[2].srl_nx1                                                                 |                          xdma_ddr3_axi_smc_0_sc_util_v1_0_4_srl_rtl__parameterized0_635 |          2 |          1 |       0 |    1 |     0 |      0 |      0 |          0 |
|                   gen_srls[3].srl_nx1                                                                 |                          xdma_ddr3_axi_smc_0_sc_util_v1_0_4_srl_rtl__parameterized0_636 |          3 |          2 |       0 |    1 |     0 |      0 |      0 |          0 |
|                 gen_wsplitter.wsplit_last_offset_fifo                                                 |                xdma_ddr3_axi_smc_0_sc_util_v1_0_4_axic_reg_srl_fifo__parameterized5_627 |         39 |         34 |       0 |    5 |    13 |      0 |      0 |          0 |
|                   (gen_wsplitter.wsplit_last_offset_fifo)                                             |                xdma_ddr3_axi_smc_0_sc_util_v1_0_4_axic_reg_srl_fifo__parameterized5_627 |         17 |         17 |       0 |    0 |    13 |      0 |      0 |          0 |
|                   gen_srls[0].srl_nx1                                                                 |                          xdma_ddr3_axi_smc_0_sc_util_v1_0_4_srl_rtl__parameterized0_628 |          2 |          1 |       0 |    1 |     0 |      0 |      0 |          0 |
|                   gen_srls[3].srl_nx1                                                                 |                          xdma_ddr3_axi_smc_0_sc_util_v1_0_4_srl_rtl__parameterized0_629 |          3 |          2 |       0 |    1 |     0 |      0 |      0 |          0 |
|                   gen_srls[4].srl_nx1                                                                 |                          xdma_ddr3_axi_smc_0_sc_util_v1_0_4_srl_rtl__parameterized0_630 |          3 |          2 |       0 |    1 |     0 |      0 |      0 |          0 |
|                   gen_srls[5].srl_nx1                                                                 |                          xdma_ddr3_axi_smc_0_sc_util_v1_0_4_srl_rtl__parameterized0_631 |          3 |          2 |       0 |    1 |     0 |      0 |      0 |          0 |
|                   gen_srls[6].srl_nx1                                                                 |                          xdma_ddr3_axi_smc_0_sc_util_v1_0_4_srl_rtl__parameterized0_632 |         11 |         10 |       0 |    1 |     0 |      0 |      0 |          0 |
|               xpm_cdc_async_rst_inst                                                                  |                                               xdma_ddr3_axi_smc_0_xpm_cdc_async_rst__11 |          1 |          1 |       0 |    0 |     3 |      0 |      0 |          0 |
|           s00_transaction_regulator                                                                   |                                                     xdma_ddr3_axi_smc_0_bd_a1ba_s00tr_0 |        317 |        317 |       0 |    0 |   774 |      0 |      0 |          0 |
|             (s00_transaction_regulator)                                                               |                                                     xdma_ddr3_axi_smc_0_bd_a1ba_s00tr_0 |          0 |          0 |       0 |    0 |     0 |      0 |      0 |          0 |
|             inst                                                                                      |                                 xdma_ddr3_axi_smc_0_sc_transaction_regulator_v1_0_9_top |        317 |        317 |       0 |    0 |   774 |      0 |      0 |          0 |
|               (inst)                                                                                  |                                 xdma_ddr3_axi_smc_0_sc_transaction_regulator_v1_0_9_top |          1 |          1 |       0 |    0 |     1 |      0 |      0 |          0 |
|               gen_endpoint.gen_r_multithread.r_multithread                                            |         xdma_ddr3_axi_smc_0_sc_transaction_regulator_v1_0_9_multithread__parameterized0 |        156 |        156 |       0 |    0 |   386 |      0 |      0 |          0 |
|                 (gen_endpoint.gen_r_multithread.r_multithread)                                        |         xdma_ddr3_axi_smc_0_sc_transaction_regulator_v1_0_9_multithread__parameterized0 |         19 |         19 |       0 |    0 |   155 |      0 |      0 |          0 |
|                 allocate_queue                                                                        |                xdma_ddr3_axi_smc_0_sc_util_v1_0_4_axic_reg_srl_fifo__parameterized7_618 |         15 |         15 |       0 |    0 |    11 |      0 |      0 |          0 |
|                   (allocate_queue)                                                                    |                xdma_ddr3_axi_smc_0_sc_util_v1_0_4_axic_reg_srl_fifo__parameterized7_618 |          9 |          9 |       0 |    0 |     7 |      0 |      0 |          0 |
|                   gen_srls[0].srl_nx1                                                                 |                          xdma_ddr3_axi_smc_0_sc_util_v1_0_4_srl_rtl__parameterized1_620 |          2 |          2 |       0 |    0 |     2 |      0 |      0 |          0 |
|                   gen_srls[1].srl_nx1                                                                 |                          xdma_ddr3_axi_smc_0_sc_util_v1_0_4_srl_rtl__parameterized1_621 |          4 |          4 |       0 |    0 |     2 |      0 |      0 |          0 |
|                 cmd_reg                                                                               |                                    xdma_ddr3_axi_smc_0_sc_util_v1_0_4_axi_reg_stall_619 |        122 |        122 |       0 |    0 |   220 |      0 |      0 |          0 |
|               gen_endpoint.gen_w_multithread.w_multithread                                            |                         xdma_ddr3_axi_smc_0_sc_transaction_regulator_v1_0_9_multithread |        159 |        159 |       0 |    0 |   384 |      0 |      0 |          0 |
|                 (gen_endpoint.gen_w_multithread.w_multithread)                                        |                         xdma_ddr3_axi_smc_0_sc_transaction_regulator_v1_0_9_multithread |         21 |         21 |       0 |    0 |   153 |      0 |      0 |          0 |
|                 allocate_queue                                                                        |                    xdma_ddr3_axi_smc_0_sc_util_v1_0_4_axic_reg_srl_fifo__parameterized7 |         20 |         20 |       0 |    0 |    11 |      0 |      0 |          0 |
|                   (allocate_queue)                                                                    |                    xdma_ddr3_axi_smc_0_sc_util_v1_0_4_axic_reg_srl_fifo__parameterized7 |         14 |         14 |       0 |    0 |     7 |      0 |      0 |          0 |
|                   gen_srls[0].srl_nx1                                                                 |                              xdma_ddr3_axi_smc_0_sc_util_v1_0_4_srl_rtl__parameterized1 |          2 |          2 |       0 |    0 |     2 |      0 |      0 |          0 |
|                   gen_srls[1].srl_nx1                                                                 |                          xdma_ddr3_axi_smc_0_sc_util_v1_0_4_srl_rtl__parameterized1_617 |          4 |          4 |       0 |    0 |     2 |      0 |      0 |          0 |
|                 cmd_reg                                                                               |                                    xdma_ddr3_axi_smc_0_sc_util_v1_0_4_axi_reg_stall_616 |        118 |        118 |       0 |    0 |   220 |      0 |      0 |          0 |
|               xpm_cdc_async_rst_inst                                                                  |                                               xdma_ddr3_axi_smc_0_xpm_cdc_async_rst__12 |          1 |          1 |       0 |    0 |     3 |      0 |      0 |          0 |
|         s00_nodes                                                                                     |                                               xdma_ddr3_axi_smc_0_s00_nodes_imp_13LYLXU |        739 |        415 |     324 |    0 |   774 |      0 |      0 |          0 |
|           s00_ar_node                                                                                 |                                                      xdma_ddr3_axi_smc_0_bd_a1ba_sarn_0 |        147 |         85 |      62 |    0 |   150 |      0 |      0 |          0 |
|             (s00_ar_node)                                                                             |                                                      xdma_ddr3_axi_smc_0_bd_a1ba_sarn_0 |          0 |          0 |       0 |    0 |     0 |      0 |      0 |          0 |
|             inst                                                                                      |                                 xdma_ddr3_axi_smc_0_sc_node_v1_0_14_top__parameterized9 |        147 |         85 |      62 |    0 |   150 |      0 |      0 |          0 |
|               (inst)                                                                                  |                                 xdma_ddr3_axi_smc_0_sc_node_v1_0_14_top__parameterized9 |          3 |          3 |       0 |    0 |     1 |      0 |      0 |          0 |
|               inst_mi_handler                                                                         |                          xdma_ddr3_axi_smc_0_sc_node_v1_0_14_mi_handler__parameterized9 |        141 |         79 |      62 |    0 |   142 |      0 |      0 |          0 |
|                 (inst_mi_handler)                                                                     |                          xdma_ddr3_axi_smc_0_sc_node_v1_0_14_mi_handler__parameterized9 |          0 |          0 |       0 |    0 |     2 |      0 |      0 |          0 |
|                 gen_normal_area.gen_fifo_req.inst_fifo_req                                            |                    xdma_ddr3_axi_smc_0_sc_node_v1_0_14_fifo__parameterized13__xdcDup__1 |         34 |         30 |       4 |    0 |    23 |      0 |      0 |          0 |
|                   gen_xpm_memory_fifo.inst_fifo                                                       |          xdma_ddr3_axi_smc_0_sc_util_v1_0_4_xpm_memory_fifo__parameterized13__xdcDup__1 |         34 |         30 |       4 |    0 |    23 |      0 |      0 |          0 |
|                     (gen_xpm_memory_fifo.inst_fifo)                                                   |          xdma_ddr3_axi_smc_0_sc_util_v1_0_4_xpm_memory_fifo__parameterized13__xdcDup__1 |          5 |          5 |       0 |    0 |     3 |      0 |      0 |          0 |
|                     gen_mem_rep[0].inst_rd_addrb                                                      |                          xdma_ddr3_axi_smc_0_sc_util_v1_0_4_counter__parameterized0_613 |          6 |          6 |       0 |    0 |     6 |      0 |      0 |          0 |
|                     gen_mem_rep[0].inst_wr_addra                                                      |                          xdma_ddr3_axi_smc_0_sc_util_v1_0_4_counter__parameterized0_614 |          5 |          5 |       0 |    0 |     6 |      0 |      0 |          0 |
|                     gen_mem_rep[0].inst_xpm_memory                                                    |                              xdma_ddr3_axi_smc_0_xpm_memory_sdpram__parameterized11__13 |          4 |          0 |       4 |    0 |     2 |      0 |      0 |          0 |
|                       (gen_mem_rep[0].inst_xpm_memory)                                                |                              xdma_ddr3_axi_smc_0_xpm_memory_sdpram__parameterized11__13 |          0 |          0 |       0 |    0 |     0 |      0 |      0 |          0 |
|                       xpm_memory_base_inst                                                            |                                xdma_ddr3_axi_smc_0_xpm_memory_base__parameterized11__13 |          4 |          0 |       4 |    0 |     2 |      0 |      0 |          0 |
|                     gen_wr.inst_wr_addra_p1                                                           |                          xdma_ddr3_axi_smc_0_sc_util_v1_0_4_counter__parameterized1_615 |         14 |         14 |       0 |    0 |     6 |      0 |      0 |          0 |
|                 gen_normal_area.inst_fifo_node_payld                                                  |                    xdma_ddr3_axi_smc_0_sc_node_v1_0_14_fifo__parameterized14__xdcDup__1 |         95 |         37 |      58 |    0 |   106 |      0 |      0 |          0 |
|                   gen_xpm_memory_fifo.inst_fifo                                                       |          xdma_ddr3_axi_smc_0_sc_util_v1_0_4_xpm_memory_fifo__parameterized14__xdcDup__1 |         95 |         37 |      58 |    0 |   106 |      0 |      0 |          0 |
|                     (gen_xpm_memory_fifo.inst_fifo)                                                   |          xdma_ddr3_axi_smc_0_sc_util_v1_0_4_xpm_memory_fifo__parameterized14__xdcDup__1 |          5 |          5 |       0 |    0 |     4 |      0 |      0 |          0 |
|                     gen_mem_rep[0].inst_rd_addrb                                                      |                          xdma_ddr3_axi_smc_0_sc_util_v1_0_4_counter__parameterized0_610 |          4 |          4 |       0 |    0 |     6 |      0 |      0 |          0 |
|                     gen_mem_rep[0].inst_wr_addra                                                      |                          xdma_ddr3_axi_smc_0_sc_util_v1_0_4_counter__parameterized0_611 |          5 |          5 |       0 |    0 |     6 |      0 |      0 |          0 |
|                     gen_mem_rep[0].inst_xpm_memory                                                    |                               xdma_ddr3_axi_smc_0_xpm_memory_sdpram__parameterized12__9 |         58 |          0 |      58 |    0 |    84 |      0 |      0 |          0 |
|                       (gen_mem_rep[0].inst_xpm_memory)                                                |                               xdma_ddr3_axi_smc_0_xpm_memory_sdpram__parameterized12__9 |          0 |          0 |       0 |    0 |     0 |      0 |      0 |          0 |
|                       xpm_memory_base_inst                                                            |                                 xdma_ddr3_axi_smc_0_xpm_memory_base__parameterized12__9 |         58 |          0 |      58 |    0 |    84 |      0 |      0 |          0 |
|                     gen_wr.inst_wr_addra_p1                                                           |                          xdma_ddr3_axi_smc_0_sc_util_v1_0_4_counter__parameterized1_612 |         23 |         23 |       0 |    0 |     6 |      0 |      0 |          0 |
|                 gen_normal_area.inst_fifo_send                                                        |                      xdma_ddr3_axi_smc_0_sc_node_v1_0_14_reg_slice3__parameterized2_609 |         12 |         12 |       0 |    0 |    11 |      0 |      0 |          0 |
|               inst_si_handler                                                                         |                          xdma_ddr3_axi_smc_0_sc_node_v1_0_14_si_handler__parameterized4 |          1 |          1 |       0 |    0 |     1 |      0 |      0 |          0 |
|               m_sc_xpm_cdc_async_rst_inst                                                             |                                               xdma_ddr3_axi_smc_0_xpm_cdc_async_rst__58 |          1 |          1 |       0 |    0 |     3 |      0 |      0 |          0 |
|               s_sc_xpm_cdc_async_rst_inst                                                             |                                               xdma_ddr3_axi_smc_0_xpm_cdc_async_rst__57 |          1 |          1 |       0 |    0 |     3 |      0 |      0 |          0 |
|           s00_aw_node                                                                                 |                                                      xdma_ddr3_axi_smc_0_bd_a1ba_sawn_0 |        143 |         85 |      58 |    0 |   144 |      0 |      0 |          0 |
|             (s00_aw_node)                                                                             |                                                      xdma_ddr3_axi_smc_0_bd_a1ba_sawn_0 |          0 |          0 |       0 |    0 |     0 |      0 |      0 |          0 |
|             inst                                                                                      |                                xdma_ddr3_axi_smc_0_sc_node_v1_0_14_top__parameterized10 |        143 |         85 |      58 |    0 |   144 |      0 |      0 |          0 |
|               (inst)                                                                                  |                                xdma_ddr3_axi_smc_0_sc_node_v1_0_14_top__parameterized10 |          3 |          3 |       0 |    0 |     1 |      0 |      0 |          0 |
|               inst_mi_handler                                                                         |                         xdma_ddr3_axi_smc_0_sc_node_v1_0_14_mi_handler__parameterized10 |        137 |         79 |      58 |    0 |   136 |      0 |      0 |          0 |
|                 (inst_mi_handler)                                                                     |                         xdma_ddr3_axi_smc_0_sc_node_v1_0_14_mi_handler__parameterized10 |          0 |          0 |       0 |    0 |     2 |      0 |      0 |          0 |
|                 gen_normal_area.gen_fifo_req.inst_fifo_req                                            |                    xdma_ddr3_axi_smc_0_sc_node_v1_0_14_fifo__parameterized13__xdcDup__2 |         34 |         30 |       4 |    0 |    23 |      0 |      0 |          0 |
|                   gen_xpm_memory_fifo.inst_fifo                                                       |          xdma_ddr3_axi_smc_0_sc_util_v1_0_4_xpm_memory_fifo__parameterized13__xdcDup__2 |         34 |         30 |       4 |    0 |    23 |      0 |      0 |          0 |
|                     (gen_xpm_memory_fifo.inst_fifo)                                                   |          xdma_ddr3_axi_smc_0_sc_util_v1_0_4_xpm_memory_fifo__parameterized13__xdcDup__2 |          5 |          5 |       0 |    0 |     3 |      0 |      0 |          0 |
|                     gen_mem_rep[0].inst_rd_addrb                                                      |                          xdma_ddr3_axi_smc_0_sc_util_v1_0_4_counter__parameterized0_606 |          6 |          6 |       0 |    0 |     6 |      0 |      0 |          0 |
|                     gen_mem_rep[0].inst_wr_addra                                                      |                          xdma_ddr3_axi_smc_0_sc_util_v1_0_4_counter__parameterized0_607 |          5 |          5 |       0 |    0 |     6 |      0 |      0 |          0 |
|                     gen_mem_rep[0].inst_xpm_memory                                                    |                              xdma_ddr3_axi_smc_0_xpm_memory_sdpram__parameterized11__12 |          4 |          0 |       4 |    0 |     2 |      0 |      0 |          0 |
|                       (gen_mem_rep[0].inst_xpm_memory)                                                |                              xdma_ddr3_axi_smc_0_xpm_memory_sdpram__parameterized11__12 |          0 |          0 |       0 |    0 |     0 |      0 |      0 |          0 |
|                       xpm_memory_base_inst                                                            |                                xdma_ddr3_axi_smc_0_xpm_memory_base__parameterized11__12 |          4 |          0 |       4 |    0 |     2 |      0 |      0 |          0 |
|                     gen_wr.inst_wr_addra_p1                                                           |                          xdma_ddr3_axi_smc_0_sc_util_v1_0_4_counter__parameterized1_608 |         14 |         14 |       0 |    0 |     6 |      0 |      0 |          0 |
|                 gen_normal_area.inst_fifo_node_payld                                                  |                    xdma_ddr3_axi_smc_0_sc_node_v1_0_14_fifo__parameterized14__xdcDup__2 |         91 |         37 |      54 |    0 |   100 |      0 |      0 |          0 |
|                   gen_xpm_memory_fifo.inst_fifo                                                       |          xdma_ddr3_axi_smc_0_sc_util_v1_0_4_xpm_memory_fifo__parameterized14__xdcDup__2 |         91 |         37 |      54 |    0 |   100 |      0 |      0 |          0 |
|                     (gen_xpm_memory_fifo.inst_fifo)                                                   |          xdma_ddr3_axi_smc_0_sc_util_v1_0_4_xpm_memory_fifo__parameterized14__xdcDup__2 |          5 |          5 |       0 |    0 |     4 |      0 |      0 |          0 |
|                     gen_mem_rep[0].inst_rd_addrb                                                      |                          xdma_ddr3_axi_smc_0_sc_util_v1_0_4_counter__parameterized0_603 |          4 |          4 |       0 |    0 |     6 |      0 |      0 |          0 |
|                     gen_mem_rep[0].inst_wr_addra                                                      |                          xdma_ddr3_axi_smc_0_sc_util_v1_0_4_counter__parameterized0_604 |          5 |          5 |       0 |    0 |     6 |      0 |      0 |          0 |
|                     gen_mem_rep[0].inst_xpm_memory                                                    |                               xdma_ddr3_axi_smc_0_xpm_memory_sdpram__parameterized12__8 |         54 |          0 |      54 |    0 |    78 |      0 |      0 |          0 |
|                       (gen_mem_rep[0].inst_xpm_memory)                                                |                               xdma_ddr3_axi_smc_0_xpm_memory_sdpram__parameterized12__8 |          0 |          0 |       0 |    0 |     0 |      0 |      0 |          0 |
|                       xpm_memory_base_inst                                                            |                                 xdma_ddr3_axi_smc_0_xpm_memory_base__parameterized12__8 |         54 |          0 |      54 |    0 |    78 |      0 |      0 |          0 |
|                     gen_wr.inst_wr_addra_p1                                                           |                          xdma_ddr3_axi_smc_0_sc_util_v1_0_4_counter__parameterized1_605 |         23 |         23 |       0 |    0 |     6 |      0 |      0 |          0 |
|                 gen_normal_area.inst_fifo_send                                                        |                      xdma_ddr3_axi_smc_0_sc_node_v1_0_14_reg_slice3__parameterized2_602 |         12 |         12 |       0 |    0 |    11 |      0 |      0 |          0 |
|               inst_si_handler                                                                         |                      xdma_ddr3_axi_smc_0_sc_node_v1_0_14_si_handler__parameterized5_601 |          1 |          1 |       0 |    0 |     1 |      0 |      0 |          0 |
|               m_sc_xpm_cdc_async_rst_inst                                                             |                                               xdma_ddr3_axi_smc_0_xpm_cdc_async_rst__56 |          1 |          1 |       0 |    0 |     3 |      0 |      0 |          0 |
|               s_sc_xpm_cdc_async_rst_inst                                                             |                                               xdma_ddr3_axi_smc_0_xpm_cdc_async_rst__55 |          1 |          1 |       0 |    0 |     3 |      0 |      0 |          0 |
|           s00_b_node                                                                                  |                                                       xdma_ddr3_axi_smc_0_bd_a1ba_sbn_0 |         83 |         79 |       4 |    0 |    67 |      0 |      0 |          0 |
|             (s00_b_node)                                                                              |                                                       xdma_ddr3_axi_smc_0_bd_a1ba_sbn_0 |          0 |          0 |       0 |    0 |     0 |      0 |      0 |          0 |
|             inst                                                                                      |                                xdma_ddr3_axi_smc_0_sc_node_v1_0_14_top__parameterized11 |         83 |         79 |       4 |    0 |    67 |      0 |      0 |          0 |
|               (inst)                                                                                  |                                xdma_ddr3_axi_smc_0_sc_node_v1_0_14_top__parameterized11 |          3 |          3 |       0 |    0 |     1 |      0 |      0 |          0 |
|               inst_mi_handler                                                                         |                         xdma_ddr3_axi_smc_0_sc_node_v1_0_14_mi_handler__parameterized11 |         65 |         61 |       4 |    0 |    49 |      0 |      0 |          0 |
|                 (inst_mi_handler)                                                                     |                         xdma_ddr3_axi_smc_0_sc_node_v1_0_14_mi_handler__parameterized11 |          0 |          0 |       0 |    0 |     2 |      0 |      0 |          0 |
|                 gen_normal_area.gen_node_prog_full.inst_node_prog_full                                |                                     xdma_ddr3_axi_smc_0_sc_node_v1_0_14_fifo__xdcDup__4 |         34 |         34 |       0 |    0 |    21 |      0 |      0 |          0 |
|                   gen_xpm_memory_fifo.inst_fifo                                                       |                           xdma_ddr3_axi_smc_0_sc_util_v1_0_4_xpm_memory_fifo__xdcDup__4 |         34 |         34 |       0 |    0 |    21 |      0 |      0 |          0 |
|                     (gen_xpm_memory_fifo.inst_fifo)                                                   |                           xdma_ddr3_axi_smc_0_sc_util_v1_0_4_xpm_memory_fifo__xdcDup__4 |          6 |          6 |       0 |    0 |     3 |      0 |      0 |          0 |
|                     gen_mem_rep[0].inst_rd_addrb                                                      |                          xdma_ddr3_axi_smc_0_sc_util_v1_0_4_counter__parameterized0_598 |          6 |          6 |       0 |    0 |     6 |      0 |      0 |          0 |
|                     gen_mem_rep[0].inst_wr_addra                                                      |                          xdma_ddr3_axi_smc_0_sc_util_v1_0_4_counter__parameterized0_599 |          4 |          4 |       0 |    0 |     6 |      0 |      0 |          0 |
|                     gen_wr.inst_wr_addra_p1                                                           |                          xdma_ddr3_axi_smc_0_sc_util_v1_0_4_counter__parameterized1_600 |         18 |         18 |       0 |    0 |     6 |      0 |      0 |          0 |
|                 gen_normal_area.inst_fifo_node_payld                                                  |                    xdma_ddr3_axi_smc_0_sc_node_v1_0_14_fifo__parameterized15__xdcDup__1 |         31 |         27 |       4 |    0 |    24 |      0 |      0 |          0 |
|                   gen_xpm_memory_fifo.inst_fifo                                                       |          xdma_ddr3_axi_smc_0_sc_util_v1_0_4_xpm_memory_fifo__parameterized15__xdcDup__1 |         31 |         27 |       4 |    0 |    24 |      0 |      0 |          0 |
|                     (gen_xpm_memory_fifo.inst_fifo)                                                   |          xdma_ddr3_axi_smc_0_sc_util_v1_0_4_xpm_memory_fifo__parameterized15__xdcDup__1 |          4 |          4 |       0 |    0 |     3 |      0 |      0 |          0 |
|                     gen_mem_rep[0].inst_rd_addrb                                                      |                          xdma_ddr3_axi_smc_0_sc_util_v1_0_4_counter__parameterized0_595 |          6 |          6 |       0 |    0 |     6 |      0 |      0 |          0 |
|                     gen_mem_rep[0].inst_wr_addra                                                      |                          xdma_ddr3_axi_smc_0_sc_util_v1_0_4_counter__parameterized0_596 |          4 |          4 |       0 |    0 |     6 |      0 |      0 |          0 |
|                     gen_mem_rep[0].inst_xpm_memory                                                    |                               xdma_ddr3_axi_smc_0_xpm_memory_sdpram__parameterized13__4 |          4 |          0 |       4 |    0 |     3 |      0 |      0 |          0 |
|                       (gen_mem_rep[0].inst_xpm_memory)                                                |                               xdma_ddr3_axi_smc_0_xpm_memory_sdpram__parameterized13__4 |          0 |          0 |       0 |    0 |     0 |      0 |      0 |          0 |
|                       xpm_memory_base_inst                                                            |                                 xdma_ddr3_axi_smc_0_xpm_memory_base__parameterized13__4 |          4 |          0 |       4 |    0 |     3 |      0 |      0 |          0 |
|                     gen_wr.inst_wr_addra_p1                                                           |                          xdma_ddr3_axi_smc_0_sc_util_v1_0_4_counter__parameterized1_597 |         13 |         13 |       0 |    0 |     6 |      0 |      0 |          0 |
|                 inst_ingress                                                                          |                             xdma_ddr3_axi_smc_0_sc_node_v1_0_14_ingress__parameterized6 |          0 |          0 |       0 |    0 |     2 |      0 |      0 |          0 |
|                   inst_pipeline_recv                                                                  |                        xdma_ddr3_axi_smc_0_sc_util_v1_0_4_pipeline__parameterized11_593 |          0 |          0 |       0 |    0 |     1 |      0 |      0 |          0 |
|                   inst_pipeline_valid                                                                 |                         xdma_ddr3_axi_smc_0_sc_util_v1_0_4_pipeline__parameterized3_594 |          0 |          0 |       0 |    0 |     1 |      0 |      0 |          0 |
|               inst_si_handler                                                                         |                      xdma_ddr3_axi_smc_0_sc_node_v1_0_14_si_handler__parameterized6_589 |         13 |         13 |       0 |    0 |    11 |      0 |      0 |          0 |
|                 (inst_si_handler)                                                                     |                      xdma_ddr3_axi_smc_0_sc_node_v1_0_14_si_handler__parameterized6_589 |          0 |          0 |       0 |    0 |     1 |      0 |      0 |          0 |
|                 gen_si_handler.gen_arbiter_rr_normal_area.inst_arbiter                                |                      xdma_ddr3_axi_smc_0_sc_node_v1_0_14_arb_alg_rr__parameterized0_590 |          9 |          9 |       0 |    0 |     4 |      0 |      0 |          0 |
|                 gen_si_handler.gen_request_counters.gen_req_counter[0].inst_req_counter               |                                          xdma_ddr3_axi_smc_0_sc_util_v1_0_4_counter_591 |          2 |          2 |       0 |    0 |     3 |      0 |      0 |          0 |
|                 gen_si_handler.gen_request_counters.gen_req_counter[1].inst_req_counter               |                                          xdma_ddr3_axi_smc_0_sc_util_v1_0_4_counter_592 |          2 |          2 |       0 |    0 |     3 |      0 |      0 |          0 |
|               m_sc_xpm_cdc_async_rst_inst                                                             |                                               xdma_ddr3_axi_smc_0_xpm_cdc_async_rst__54 |          1 |          1 |       0 |    0 |     3 |      0 |      0 |          0 |
|               s_sc_xpm_cdc_async_rst_inst                                                             |                                               xdma_ddr3_axi_smc_0_xpm_cdc_async_rst__53 |          1 |          1 |       0 |    0 |     3 |      0 |      0 |          0 |
|           s00_r_node                                                                                  |                                                       xdma_ddr3_axi_smc_0_bd_a1ba_srn_0 |        172 |         80 |      92 |    0 |   196 |      0 |      0 |          0 |
|             (s00_r_node)                                                                              |                                                       xdma_ddr3_axi_smc_0_bd_a1ba_srn_0 |          0 |          0 |       0 |    0 |     0 |      0 |      0 |          0 |
|             inst                                                                                      |                                xdma_ddr3_axi_smc_0_sc_node_v1_0_14_top__parameterized12 |        172 |         80 |      92 |    0 |   196 |      0 |      0 |          0 |
|               (inst)                                                                                  |                                xdma_ddr3_axi_smc_0_sc_node_v1_0_14_top__parameterized12 |          3 |          3 |       0 |    0 |     1 |      0 |      0 |          0 |
|               inst_mi_handler                                                                         |                         xdma_ddr3_axi_smc_0_sc_node_v1_0_14_mi_handler__parameterized12 |        154 |         62 |      92 |    0 |   178 |      0 |      0 |          0 |
|                 (inst_mi_handler)                                                                     |                         xdma_ddr3_axi_smc_0_sc_node_v1_0_14_mi_handler__parameterized12 |          0 |          0 |       0 |    0 |     2 |      0 |      0 |          0 |
|                 gen_normal_area.gen_node_prog_full.inst_node_prog_full                                |                                     xdma_ddr3_axi_smc_0_sc_node_v1_0_14_fifo__xdcDup__5 |         34 |         34 |       0 |    0 |    21 |      0 |      0 |          0 |
|                   gen_xpm_memory_fifo.inst_fifo                                                       |                           xdma_ddr3_axi_smc_0_sc_util_v1_0_4_xpm_memory_fifo__xdcDup__5 |         34 |         34 |       0 |    0 |    21 |      0 |      0 |          0 |
|                     (gen_xpm_memory_fifo.inst_fifo)                                                   |                           xdma_ddr3_axi_smc_0_sc_util_v1_0_4_xpm_memory_fifo__xdcDup__5 |          6 |          6 |       0 |    0 |     3 |      0 |      0 |          0 |
|                     gen_mem_rep[0].inst_rd_addrb                                                      |                          xdma_ddr3_axi_smc_0_sc_util_v1_0_4_counter__parameterized0_586 |          6 |          6 |       0 |    0 |     6 |      0 |      0 |          0 |
|                     gen_mem_rep[0].inst_wr_addra                                                      |                          xdma_ddr3_axi_smc_0_sc_util_v1_0_4_counter__parameterized0_587 |          4 |          4 |       0 |    0 |     6 |      0 |      0 |          0 |
|                     gen_wr.inst_wr_addra_p1                                                           |                          xdma_ddr3_axi_smc_0_sc_util_v1_0_4_counter__parameterized1_588 |         18 |         18 |       0 |    0 |     6 |      0 |      0 |          0 |
|                 gen_normal_area.inst_fifo_node_payld                                                  |                    xdma_ddr3_axi_smc_0_sc_node_v1_0_14_fifo__parameterized16__xdcDup__1 |        120 |         28 |      92 |    0 |   153 |      0 |      0 |          0 |
|                   gen_xpm_memory_fifo.inst_fifo                                                       |          xdma_ddr3_axi_smc_0_sc_util_v1_0_4_xpm_memory_fifo__parameterized16__xdcDup__1 |        120 |         28 |      92 |    0 |   153 |      0 |      0 |          0 |
|                     (gen_xpm_memory_fifo.inst_fifo)                                                   |          xdma_ddr3_axi_smc_0_sc_util_v1_0_4_xpm_memory_fifo__parameterized16__xdcDup__1 |          5 |          5 |       0 |    0 |     3 |      0 |      0 |          0 |
|                     gen_mem_rep[0].inst_rd_addrb                                                      |                          xdma_ddr3_axi_smc_0_sc_util_v1_0_4_counter__parameterized0_583 |          6 |          6 |       0 |    0 |     6 |      0 |      0 |          0 |
|                     gen_mem_rep[0].inst_wr_addra                                                      |                          xdma_ddr3_axi_smc_0_sc_util_v1_0_4_counter__parameterized0_584 |          4 |          4 |       0 |    0 |     6 |      0 |      0 |          0 |
|                     gen_mem_rep[0].inst_xpm_memory                                                    |                               xdma_ddr3_axi_smc_0_xpm_memory_sdpram__parameterized14__4 |         92 |          0 |      92 |    0 |   132 |      0 |      0 |          0 |
|                       (gen_mem_rep[0].inst_xpm_memory)                                                |                               xdma_ddr3_axi_smc_0_xpm_memory_sdpram__parameterized14__4 |          0 |          0 |       0 |    0 |     0 |      0 |      0 |          0 |
|                       xpm_memory_base_inst                                                            |                                 xdma_ddr3_axi_smc_0_xpm_memory_base__parameterized14__4 |         92 |          0 |      92 |    0 |   132 |      0 |      0 |          0 |
|                     gen_wr.inst_wr_addra_p1                                                           |                          xdma_ddr3_axi_smc_0_sc_util_v1_0_4_counter__parameterized1_585 |         13 |         13 |       0 |    0 |     6 |      0 |      0 |          0 |
|                 inst_ingress                                                                          |                             xdma_ddr3_axi_smc_0_sc_node_v1_0_14_ingress__parameterized7 |          0 |          0 |       0 |    0 |     2 |      0 |      0 |          0 |
|                   inst_pipeline_recv                                                                  |                        xdma_ddr3_axi_smc_0_sc_util_v1_0_4_pipeline__parameterized11_581 |          0 |          0 |       0 |    0 |     1 |      0 |      0 |          0 |
|                   inst_pipeline_valid                                                                 |                         xdma_ddr3_axi_smc_0_sc_util_v1_0_4_pipeline__parameterized3_582 |          0 |          0 |       0 |    0 |     1 |      0 |      0 |          0 |
|               inst_si_handler                                                                         |                          xdma_ddr3_axi_smc_0_sc_node_v1_0_14_si_handler__parameterized7 |         13 |         13 |       0 |    0 |    11 |      0 |      0 |          0 |
|                 (inst_si_handler)                                                                     |                          xdma_ddr3_axi_smc_0_sc_node_v1_0_14_si_handler__parameterized7 |          0 |          0 |       0 |    0 |     1 |      0 |      0 |          0 |
|                 gen_si_handler.gen_arbiter_rr_normal_area.inst_arbiter                                |                      xdma_ddr3_axi_smc_0_sc_node_v1_0_14_arb_alg_rr__parameterized0_578 |          9 |          9 |       0 |    0 |     4 |      0 |      0 |          0 |
|                 gen_si_handler.gen_request_counters.gen_req_counter[0].inst_req_counter               |                                          xdma_ddr3_axi_smc_0_sc_util_v1_0_4_counter_579 |          2 |          2 |       0 |    0 |     3 |      0 |      0 |          0 |
|                 gen_si_handler.gen_request_counters.gen_req_counter[1].inst_req_counter               |                                          xdma_ddr3_axi_smc_0_sc_util_v1_0_4_counter_580 |          2 |          2 |       0 |    0 |     3 |      0 |      0 |          0 |
|               m_sc_xpm_cdc_async_rst_inst                                                             |                                               xdma_ddr3_axi_smc_0_xpm_cdc_async_rst__52 |          1 |          1 |       0 |    0 |     3 |      0 |      0 |          0 |
|               s_sc_xpm_cdc_async_rst_inst                                                             |                                               xdma_ddr3_axi_smc_0_xpm_cdc_async_rst__51 |          1 |          1 |       0 |    0 |     3 |      0 |      0 |          0 |
|           s00_w_node                                                                                  |                                                       xdma_ddr3_axi_smc_0_bd_a1ba_swn_0 |        194 |         86 |     108 |    0 |   217 |      0 |      0 |          0 |
|             (s00_w_node)                                                                              |                                                       xdma_ddr3_axi_smc_0_bd_a1ba_swn_0 |          0 |          0 |       0 |    0 |     0 |      0 |      0 |          0 |
|             inst                                                                                      |                                xdma_ddr3_axi_smc_0_sc_node_v1_0_14_top__parameterized13 |        194 |         86 |     108 |    0 |   217 |      0 |      0 |          0 |
|               (inst)                                                                                  |                                xdma_ddr3_axi_smc_0_sc_node_v1_0_14_top__parameterized13 |          3 |          3 |       0 |    0 |     1 |      0 |      0 |          0 |
|               inst_mi_handler                                                                         |                         xdma_ddr3_axi_smc_0_sc_node_v1_0_14_mi_handler__parameterized13 |        188 |         80 |     108 |    0 |   209 |      0 |      0 |          0 |
|                 (inst_mi_handler)                                                                     |                         xdma_ddr3_axi_smc_0_sc_node_v1_0_14_mi_handler__parameterized13 |          0 |          0 |       0 |    0 |     2 |      0 |      0 |          0 |
|                 gen_normal_area.gen_fifo_req.inst_fifo_req                                            |                    xdma_ddr3_axi_smc_0_sc_node_v1_0_14_fifo__parameterized13__xdcDup__3 |         35 |         31 |       4 |    0 |    24 |      0 |      0 |          0 |
|                   gen_xpm_memory_fifo.inst_fifo                                                       |          xdma_ddr3_axi_smc_0_sc_util_v1_0_4_xpm_memory_fifo__parameterized13__xdcDup__3 |         35 |         31 |       4 |    0 |    24 |      0 |      0 |          0 |
|                     (gen_xpm_memory_fifo.inst_fifo)                                                   |          xdma_ddr3_axi_smc_0_sc_util_v1_0_4_xpm_memory_fifo__parameterized13__xdcDup__3 |          6 |          6 |       0 |    0 |     3 |      0 |      0 |          0 |
|                     gen_mem_rep[0].inst_rd_addrb                                                      |                          xdma_ddr3_axi_smc_0_sc_util_v1_0_4_counter__parameterized0_575 |          6 |          6 |       0 |    0 |     6 |      0 |      0 |          0 |
|                     gen_mem_rep[0].inst_wr_addra                                                      |                          xdma_ddr3_axi_smc_0_sc_util_v1_0_4_counter__parameterized0_576 |          5 |          5 |       0 |    0 |     6 |      0 |      0 |          0 |
|                     gen_mem_rep[0].inst_xpm_memory                                                    |                              xdma_ddr3_axi_smc_0_xpm_memory_sdpram__parameterized11__11 |          4 |          0 |       4 |    0 |     3 |      0 |      0 |          0 |
|                       (gen_mem_rep[0].inst_xpm_memory)                                                |                              xdma_ddr3_axi_smc_0_xpm_memory_sdpram__parameterized11__11 |          0 |          0 |       0 |    0 |     0 |      0 |      0 |          0 |
|                       xpm_memory_base_inst                                                            |                                xdma_ddr3_axi_smc_0_xpm_memory_base__parameterized11__11 |          4 |          0 |       4 |    0 |     3 |      0 |      0 |          0 |
|                     gen_wr.inst_wr_addra_p1                                                           |                          xdma_ddr3_axi_smc_0_sc_util_v1_0_4_counter__parameterized1_577 |         14 |         14 |       0 |    0 |     6 |      0 |      0 |          0 |
|                 gen_normal_area.inst_fifo_node_payld                                                  |                               xdma_ddr3_axi_smc_0_sc_node_v1_0_14_fifo__parameterized17 |        141 |         37 |     104 |    0 |   172 |      0 |      0 |          0 |
|                   gen_xpm_memory_fifo.inst_fifo                                                       |                     xdma_ddr3_axi_smc_0_sc_util_v1_0_4_xpm_memory_fifo__parameterized17 |        141 |         37 |     104 |    0 |   172 |      0 |      0 |          0 |
|                     (gen_xpm_memory_fifo.inst_fifo)                                                   |                     xdma_ddr3_axi_smc_0_sc_util_v1_0_4_xpm_memory_fifo__parameterized17 |          5 |          5 |       0 |    0 |     4 |      0 |      0 |          0 |
|                     gen_mem_rep[0].inst_rd_addrb                                                      |                          xdma_ddr3_axi_smc_0_sc_util_v1_0_4_counter__parameterized0_572 |          4 |          4 |       0 |    0 |     6 |      0 |      0 |          0 |
|                     gen_mem_rep[0].inst_wr_addra                                                      |                          xdma_ddr3_axi_smc_0_sc_util_v1_0_4_counter__parameterized0_573 |          5 |          5 |       0 |    0 |     6 |      0 |      0 |          0 |
|                     gen_mem_rep[0].inst_xpm_memory                                                    |                               xdma_ddr3_axi_smc_0_xpm_memory_sdpram__parameterized15__3 |        104 |          0 |     104 |    0 |   150 |      0 |      0 |          0 |
|                       (gen_mem_rep[0].inst_xpm_memory)                                                |                               xdma_ddr3_axi_smc_0_xpm_memory_sdpram__parameterized15__3 |          0 |          0 |       0 |    0 |     0 |      0 |      0 |          0 |
|                       xpm_memory_base_inst                                                            |                                 xdma_ddr3_axi_smc_0_xpm_memory_base__parameterized15__3 |        104 |          0 |     104 |    0 |   150 |      0 |      0 |          0 |
|                     gen_wr.inst_wr_addra_p1                                                           |                          xdma_ddr3_axi_smc_0_sc_util_v1_0_4_counter__parameterized1_574 |         23 |         23 |       0 |    0 |     6 |      0 |      0 |          0 |
|                 gen_normal_area.inst_fifo_send                                                        |                      xdma_ddr3_axi_smc_0_sc_node_v1_0_14_reg_slice3__parameterized2_571 |         12 |         12 |       0 |    0 |    11 |      0 |      0 |          0 |
|               inst_si_handler                                                                         |                      xdma_ddr3_axi_smc_0_sc_node_v1_0_14_si_handler__parameterized8_570 |          1 |          1 |       0 |    0 |     1 |      0 |      0 |          0 |
|               m_sc_xpm_cdc_async_rst_inst                                                             |                                               xdma_ddr3_axi_smc_0_xpm_cdc_async_rst__50 |          1 |          1 |       0 |    0 |     3 |      0 |      0 |          0 |
|               s_sc_xpm_cdc_async_rst_inst                                                             |                                               xdma_ddr3_axi_smc_0_xpm_cdc_async_rst__49 |          1 |          1 |       0 |    0 |     3 |      0 |      0 |          0 |
|         s01_axi2sc                                                                                    |                                                    xdma_ddr3_axi_smc_0_bd_a1ba_s01a2s_0 |          0 |          0 |       0 |    0 |     0 |      0 |      0 |          0 |
|           (s01_axi2sc)                                                                                |                                                    xdma_ddr3_axi_smc_0_bd_a1ba_s01a2s_0 |          0 |          0 |       0 |    0 |     0 |      0 |      0 |          0 |
|           inst                                                                                        |                                xdma_ddr3_axi_smc_0_sc_axi2sc_v1_0_7_top__parameterized0 |          0 |          0 |       0 |    0 |     0 |      0 |      0 |          0 |
|         s01_entry_pipeline                                                                            |                                         xdma_ddr3_axi_smc_0_s01_entry_pipeline_imp_G318 |       1538 |       1323 |       0 |  215 |  2047 |      0 |      0 |          0 |
|           s01_mmu                                                                                     |                                                    xdma_ddr3_axi_smc_0_bd_a1ba_s01mmu_0 |        419 |        417 |       0 |    2 |   836 |      0 |      0 |          0 |
|             (s01_mmu)                                                                                 |                                                    xdma_ddr3_axi_smc_0_bd_a1ba_s01mmu_0 |          0 |          0 |       0 |    0 |     0 |      0 |      0 |          0 |
|             inst                                                                                      |                       xdma_ddr3_axi_smc_0_sc_mmu_v1_0_10_top__parameterized0__xdcDup__1 |        419 |        417 |       0 |    2 |   836 |      0 |      0 |          0 |
|               (inst)                                                                                  |                       xdma_ddr3_axi_smc_0_sc_mmu_v1_0_10_top__parameterized0__xdcDup__1 |          8 |          8 |       0 |    0 |    28 |      0 |      0 |          0 |
|               ar_reg_stall                                                                            |                                    xdma_ddr3_axi_smc_0_sc_util_v1_0_4_axi_reg_stall_558 |         44 |         44 |       0 |    0 |   122 |      0 |      0 |          0 |
|               ar_sreg                                                                                 |                                    xdma_ddr3_axi_smc_0_sc_util_v1_0_4_axi_reg_stall_559 |         54 |         54 |       0 |    0 |   118 |      0 |      0 |          0 |
|               aw_reg_stall                                                                            |                                    xdma_ddr3_axi_smc_0_sc_util_v1_0_4_axi_reg_stall_560 |         41 |         41 |       0 |    0 |   122 |      0 |      0 |          0 |
|               aw_sreg                                                                                 |                                    xdma_ddr3_axi_smc_0_sc_util_v1_0_4_axi_reg_stall_561 |         55 |         55 |       0 |    0 |   118 |      0 |      0 |          0 |
|               b_sreg                                                                                  |                                    xdma_ddr3_axi_smc_0_sc_util_v1_0_4_axi_reg_stall_562 |         11 |         11 |       0 |    0 |     8 |      0 |      0 |          0 |
|               gen_endpoint.decerr_slave_inst                                                          |                     xdma_ddr3_axi_smc_0_sc_mmu_v1_0_10_decerr_slave__parameterized0_563 |         30 |         30 |       0 |    0 |    17 |      0 |      0 |          0 |
|               gen_wroute_fifo.wroute_fifo                                                             |                xdma_ddr3_axi_smc_0_sc_util_v1_0_4_axic_reg_srl_fifo__parameterized2_564 |         15 |         13 |       0 |    2 |    10 |      0 |      0 |          0 |
|                 (gen_wroute_fifo.wroute_fifo)                                                         |                xdma_ddr3_axi_smc_0_sc_util_v1_0_4_axic_reg_srl_fifo__parameterized2_564 |         12 |         12 |       0 |    0 |    10 |      0 |      0 |          0 |
|                 gen_srls[0].srl_nx1                                                                   |                          xdma_ddr3_axi_smc_0_sc_util_v1_0_4_srl_rtl__parameterized0_568 |          1 |          0 |       0 |    1 |     0 |      0 |      0 |          0 |
|                 gen_srls[1].srl_nx1                                                                   |                          xdma_ddr3_axi_smc_0_sc_util_v1_0_4_srl_rtl__parameterized0_569 |          2 |          1 |       0 |    1 |     0 |      0 |      0 |          0 |
|               gen_wroute_fifo.wroute_split                                                            |                                     xdma_ddr3_axi_smc_0_sc_util_v1_0_4_axi_splitter_565 |          5 |          5 |       0 |    0 |     2 |      0 |      0 |          0 |
|               r_sreg                                                                                  |                                    xdma_ddr3_axi_smc_0_sc_util_v1_0_4_axi_reg_stall_566 |        107 |        107 |       0 |    0 |   138 |      0 |      0 |          0 |
|               w_sreg                                                                                  |                                    xdma_ddr3_axi_smc_0_sc_util_v1_0_4_axi_reg_stall_567 |         48 |         48 |       0 |    0 |   150 |      0 |      0 |          0 |
|               xpm_cdc_async_rst_inst                                                                  |                                               xdma_ddr3_axi_smc_0_xpm_cdc_async_rst__13 |          1 |          1 |       0 |    0 |     3 |      0 |      0 |          0 |
|           s01_si_converter                                                                            |                                                    xdma_ddr3_axi_smc_0_bd_a1ba_s01sic_0 |        996 |        783 |       0 |  213 |   897 |      0 |      0 |          0 |
|             (s01_si_converter)                                                                        |                                                    xdma_ddr3_axi_smc_0_bd_a1ba_s01sic_0 |          0 |          0 |       0 |    0 |     0 |      0 |      0 |          0 |
|             inst                                                                                      |              xdma_ddr3_axi_smc_0_sc_si_converter_v1_0_10_top__parameterized0__xdcDup__1 |        996 |        783 |       0 |  213 |   897 |      0 |      0 |          0 |
|               (inst)                                                                                  |              xdma_ddr3_axi_smc_0_sc_si_converter_v1_0_10_top__parameterized0__xdcDup__1 |          1 |          1 |       0 |    0 |     1 |      0 |      0 |          0 |
|               converter.wrap_narrow_inst                                                              |                             xdma_ddr3_axi_smc_0_sc_si_converter_v1_0_10_wrap_narrow_334 |        955 |        751 |       0 |  204 |   875 |      0 |      0 |          0 |
|                 (converter.wrap_narrow_inst)                                                          |                             xdma_ddr3_axi_smc_0_sc_si_converter_v1_0_10_wrap_narrow_334 |         89 |         89 |       0 |    0 |   272 |      0 |      0 |          0 |
|                 ar_reg_slice                                                                          |                                    xdma_ddr3_axi_smc_0_sc_util_v1_0_4_axi_reg_stall_346 |        100 |        100 |       0 |    0 |   150 |      0 |      0 |          0 |
|                 aw_reg_slice                                                                          |                                    xdma_ddr3_axi_smc_0_sc_util_v1_0_4_axi_reg_stall_347 |         97 |         97 |       0 |    0 |   148 |      0 |      0 |          0 |
|                 gen_thread_loop[0].r_cmd_fifo                                                         |                xdma_ddr3_axi_smc_0_sc_util_v1_0_4_axic_reg_srl_fifo__parameterized9_348 |         92 |         70 |       0 |   22 |    30 |      0 |      0 |          0 |
|                   (gen_thread_loop[0].r_cmd_fifo)                                                     |                xdma_ddr3_axi_smc_0_sc_util_v1_0_4_axic_reg_srl_fifo__parameterized9_348 |         40 |         40 |       0 |    0 |    30 |      0 |      0 |          0 |
|                   gen_srls[0].srl_nx1                                                                 |                          xdma_ddr3_axi_smc_0_sc_util_v1_0_4_srl_rtl__parameterized0_536 |          4 |          3 |       0 |    1 |     0 |      0 |      0 |          0 |
|                   gen_srls[10].srl_nx1                                                                |                          xdma_ddr3_axi_smc_0_sc_util_v1_0_4_srl_rtl__parameterized0_537 |          2 |          1 |       0 |    1 |     0 |      0 |      0 |          0 |
|                   gen_srls[11].srl_nx1                                                                |                          xdma_ddr3_axi_smc_0_sc_util_v1_0_4_srl_rtl__parameterized0_538 |          2 |          1 |       0 |    1 |     0 |      0 |      0 |          0 |
|                   gen_srls[12].srl_nx1                                                                |                          xdma_ddr3_axi_smc_0_sc_util_v1_0_4_srl_rtl__parameterized0_539 |          2 |          1 |       0 |    1 |     0 |      0 |      0 |          0 |
|                   gen_srls[13].srl_nx1                                                                |                          xdma_ddr3_axi_smc_0_sc_util_v1_0_4_srl_rtl__parameterized0_540 |          2 |          1 |       0 |    1 |     0 |      0 |      0 |          0 |
|                   gen_srls[14].srl_nx1                                                                |                          xdma_ddr3_axi_smc_0_sc_util_v1_0_4_srl_rtl__parameterized0_541 |          2 |          1 |       0 |    1 |     0 |      0 |      0 |          0 |
|                   gen_srls[15].srl_nx1                                                                |                          xdma_ddr3_axi_smc_0_sc_util_v1_0_4_srl_rtl__parameterized0_542 |          2 |          1 |       0 |    1 |     0 |      0 |      0 |          0 |
|                   gen_srls[16].srl_nx1                                                                |                          xdma_ddr3_axi_smc_0_sc_util_v1_0_4_srl_rtl__parameterized0_543 |          2 |          1 |       0 |    1 |     0 |      0 |      0 |          0 |
|                   gen_srls[17].srl_nx1                                                                |                          xdma_ddr3_axi_smc_0_sc_util_v1_0_4_srl_rtl__parameterized0_544 |          2 |          1 |       0 |    1 |     0 |      0 |      0 |          0 |
|                   gen_srls[18].srl_nx1                                                                |                          xdma_ddr3_axi_smc_0_sc_util_v1_0_4_srl_rtl__parameterized0_545 |          2 |          1 |       0 |    1 |     0 |      0 |      0 |          0 |
|                   gen_srls[19].srl_nx1                                                                |                          xdma_ddr3_axi_smc_0_sc_util_v1_0_4_srl_rtl__parameterized0_546 |          3 |          2 |       0 |    1 |     0 |      0 |      0 |          0 |
|                   gen_srls[1].srl_nx1                                                                 |                          xdma_ddr3_axi_smc_0_sc_util_v1_0_4_srl_rtl__parameterized0_547 |          4 |          3 |       0 |    1 |     0 |      0 |      0 |          0 |
|                   gen_srls[20].srl_nx1                                                                |                          xdma_ddr3_axi_smc_0_sc_util_v1_0_4_srl_rtl__parameterized0_548 |          3 |          2 |       0 |    1 |     0 |      0 |      0 |          0 |
|                   gen_srls[21].srl_nx1                                                                |                          xdma_ddr3_axi_smc_0_sc_util_v1_0_4_srl_rtl__parameterized0_549 |          4 |          3 |       0 |    1 |     0 |      0 |      0 |          0 |
|                   gen_srls[2].srl_nx1                                                                 |                          xdma_ddr3_axi_smc_0_sc_util_v1_0_4_srl_rtl__parameterized0_550 |          2 |          1 |       0 |    1 |     0 |      0 |      0 |          0 |
|                   gen_srls[3].srl_nx1                                                                 |                          xdma_ddr3_axi_smc_0_sc_util_v1_0_4_srl_rtl__parameterized0_551 |          2 |          1 |       0 |    1 |     0 |      0 |      0 |          0 |
|                   gen_srls[4].srl_nx1                                                                 |                          xdma_ddr3_axi_smc_0_sc_util_v1_0_4_srl_rtl__parameterized0_552 |          2 |          1 |       0 |    1 |     0 |      0 |      0 |          0 |
|                   gen_srls[5].srl_nx1                                                                 |                          xdma_ddr3_axi_smc_0_sc_util_v1_0_4_srl_rtl__parameterized0_553 |          2 |          1 |       0 |    1 |     0 |      0 |      0 |          0 |
|                   gen_srls[6].srl_nx1                                                                 |                          xdma_ddr3_axi_smc_0_sc_util_v1_0_4_srl_rtl__parameterized0_554 |          2 |          1 |       0 |    1 |     0 |      0 |      0 |          0 |
|                   gen_srls[7].srl_nx1                                                                 |                          xdma_ddr3_axi_smc_0_sc_util_v1_0_4_srl_rtl__parameterized0_555 |          2 |          1 |       0 |    1 |     0 |      0 |      0 |          0 |
|                   gen_srls[8].srl_nx1                                                                 |                          xdma_ddr3_axi_smc_0_sc_util_v1_0_4_srl_rtl__parameterized0_556 |          2 |          1 |       0 |    1 |     0 |      0 |      0 |          0 |
|                   gen_srls[9].srl_nx1                                                                 |                          xdma_ddr3_axi_smc_0_sc_util_v1_0_4_srl_rtl__parameterized0_557 |          2 |          1 |       0 |    1 |     0 |      0 |      0 |          0 |
|                 gen_thread_loop[0].r_payld_fifo                                                       |                             xdma_ddr3_axi_smc_0_sc_si_converter_v1_0_10_offset_fifo_349 |        228 |        150 |       0 |   78 |   120 |      0 |      0 |          0 |
|                   (gen_thread_loop[0].r_payld_fifo)                                                   |                             xdma_ddr3_axi_smc_0_sc_si_converter_v1_0_10_offset_fifo_349 |         70 |         70 |       0 |    0 |   100 |      0 |      0 |          0 |
|                   cmd_fifo                                                                            |               xdma_ddr3_axi_smc_0_sc_util_v1_0_4_axic_reg_srl_fifo__parameterized10_457 |         86 |         74 |       0 |   12 |    20 |      0 |      0 |          0 |
|                     (cmd_fifo)                                                                        |               xdma_ddr3_axi_smc_0_sc_util_v1_0_4_axic_reg_srl_fifo__parameterized10_457 |         57 |         57 |       0 |    0 |    20 |      0 |      0 |          0 |
|                     gen_srls[0].srl_nx1                                                               |                          xdma_ddr3_axi_smc_0_sc_util_v1_0_4_srl_rtl__parameterized0_524 |          2 |          1 |       0 |    1 |     0 |      0 |      0 |          0 |
|                     gen_srls[10].srl_nx1                                                              |                          xdma_ddr3_axi_smc_0_sc_util_v1_0_4_srl_rtl__parameterized0_525 |          3 |          2 |       0 |    1 |     0 |      0 |      0 |          0 |
|                     gen_srls[11].srl_nx1                                                              |                          xdma_ddr3_axi_smc_0_sc_util_v1_0_4_srl_rtl__parameterized0_526 |          4 |          3 |       0 |    1 |     0 |      0 |      0 |          0 |
|                     gen_srls[1].srl_nx1                                                               |                          xdma_ddr3_axi_smc_0_sc_util_v1_0_4_srl_rtl__parameterized0_527 |          2 |          1 |       0 |    1 |     0 |      0 |      0 |          0 |
|                     gen_srls[2].srl_nx1                                                               |                          xdma_ddr3_axi_smc_0_sc_util_v1_0_4_srl_rtl__parameterized0_528 |          2 |          1 |       0 |    1 |     0 |      0 |      0 |          0 |
|                     gen_srls[3].srl_nx1                                                               |                          xdma_ddr3_axi_smc_0_sc_util_v1_0_4_srl_rtl__parameterized0_529 |          2 |          1 |       0 |    1 |     0 |      0 |      0 |          0 |
|                     gen_srls[4].srl_nx1                                                               |                          xdma_ddr3_axi_smc_0_sc_util_v1_0_4_srl_rtl__parameterized0_530 |          2 |          1 |       0 |    1 |     0 |      0 |      0 |          0 |
|                     gen_srls[5].srl_nx1                                                               |                          xdma_ddr3_axi_smc_0_sc_util_v1_0_4_srl_rtl__parameterized0_531 |          2 |          1 |       0 |    1 |     0 |      0 |      0 |          0 |
|                     gen_srls[6].srl_nx1                                                               |                          xdma_ddr3_axi_smc_0_sc_util_v1_0_4_srl_rtl__parameterized0_532 |          2 |          1 |       0 |    1 |     0 |      0 |      0 |          0 |
|                     gen_srls[7].srl_nx1                                                               |                          xdma_ddr3_axi_smc_0_sc_util_v1_0_4_srl_rtl__parameterized0_533 |          2 |          1 |       0 |    1 |     0 |      0 |      0 |          0 |
|                     gen_srls[8].srl_nx1                                                               |                          xdma_ddr3_axi_smc_0_sc_util_v1_0_4_srl_rtl__parameterized0_534 |          3 |          2 |       0 |    1 |     0 |      0 |      0 |          0 |
|                     gen_srls[9].srl_nx1                                                               |                          xdma_ddr3_axi_smc_0_sc_util_v1_0_4_srl_rtl__parameterized0_535 |          3 |          2 |       0 |    1 |     0 |      0 |      0 |          0 |
|                   gen_srls[10].srl_nx1                                                                |                                          xdma_ddr3_axi_smc_0_sc_util_v1_0_4_srl_rtl_458 |          1 |          0 |       0 |    1 |     0 |      0 |      0 |          0 |
|                   gen_srls[11].srl_nx1                                                                |                                          xdma_ddr3_axi_smc_0_sc_util_v1_0_4_srl_rtl_459 |          1 |          0 |       0 |    1 |     0 |      0 |      0 |          0 |
|                   gen_srls[12].srl_nx1                                                                |                                          xdma_ddr3_axi_smc_0_sc_util_v1_0_4_srl_rtl_460 |          1 |          0 |       0 |    1 |     0 |      0 |      0 |          0 |
|                   gen_srls[13].srl_nx1                                                                |                                          xdma_ddr3_axi_smc_0_sc_util_v1_0_4_srl_rtl_461 |          1 |          0 |       0 |    1 |     0 |      0 |      0 |          0 |
|                   gen_srls[14].srl_nx1                                                                |                                          xdma_ddr3_axi_smc_0_sc_util_v1_0_4_srl_rtl_462 |          1 |          0 |       0 |    1 |     0 |      0 |      0 |          0 |
|                   gen_srls[15].srl_nx1                                                                |                                          xdma_ddr3_axi_smc_0_sc_util_v1_0_4_srl_rtl_463 |          1 |          0 |       0 |    1 |     0 |      0 |      0 |          0 |
|                   gen_srls[16].srl_nx1                                                                |                                          xdma_ddr3_axi_smc_0_sc_util_v1_0_4_srl_rtl_464 |          1 |          0 |       0 |    1 |     0 |      0 |      0 |          0 |
|                   gen_srls[17].srl_nx1                                                                |                                          xdma_ddr3_axi_smc_0_sc_util_v1_0_4_srl_rtl_465 |          1 |          0 |       0 |    1 |     0 |      0 |      0 |          0 |
|                   gen_srls[18].srl_nx1                                                                |                                          xdma_ddr3_axi_smc_0_sc_util_v1_0_4_srl_rtl_466 |          1 |          0 |       0 |    1 |     0 |      0 |      0 |          0 |
|                   gen_srls[19].srl_nx1                                                                |                                          xdma_ddr3_axi_smc_0_sc_util_v1_0_4_srl_rtl_467 |          1 |          0 |       0 |    1 |     0 |      0 |      0 |          0 |
|                   gen_srls[20].srl_nx1                                                                |                                          xdma_ddr3_axi_smc_0_sc_util_v1_0_4_srl_rtl_468 |          1 |          0 |       0 |    1 |     0 |      0 |      0 |          0 |
|                   gen_srls[21].srl_nx1                                                                |                                          xdma_ddr3_axi_smc_0_sc_util_v1_0_4_srl_rtl_469 |          1 |          0 |       0 |    1 |     0 |      0 |      0 |          0 |
|                   gen_srls[22].srl_nx1                                                                |                                          xdma_ddr3_axi_smc_0_sc_util_v1_0_4_srl_rtl_470 |          1 |          0 |       0 |    1 |     0 |      0 |      0 |          0 |
|                   gen_srls[23].srl_nx1                                                                |                                          xdma_ddr3_axi_smc_0_sc_util_v1_0_4_srl_rtl_471 |          1 |          0 |       0 |    1 |     0 |      0 |      0 |          0 |
|                   gen_srls[24].srl_nx1                                                                |                                          xdma_ddr3_axi_smc_0_sc_util_v1_0_4_srl_rtl_472 |          1 |          0 |       0 |    1 |     0 |      0 |      0 |          0 |
|                   gen_srls[25].srl_nx1                                                                |                                          xdma_ddr3_axi_smc_0_sc_util_v1_0_4_srl_rtl_473 |          1 |          0 |       0 |    1 |     0 |      0 |      0 |          0 |
|                   gen_srls[26].srl_nx1                                                                |                                          xdma_ddr3_axi_smc_0_sc_util_v1_0_4_srl_rtl_474 |          1 |          0 |       0 |    1 |     0 |      0 |      0 |          0 |
|                   gen_srls[27].srl_nx1                                                                |                                          xdma_ddr3_axi_smc_0_sc_util_v1_0_4_srl_rtl_475 |          1 |          0 |       0 |    1 |     0 |      0 |      0 |          0 |
|                   gen_srls[28].srl_nx1                                                                |                                          xdma_ddr3_axi_smc_0_sc_util_v1_0_4_srl_rtl_476 |          1 |          0 |       0 |    1 |     0 |      0 |      0 |          0 |
|                   gen_srls[29].srl_nx1                                                                |                                          xdma_ddr3_axi_smc_0_sc_util_v1_0_4_srl_rtl_477 |          1 |          0 |       0 |    1 |     0 |      0 |      0 |          0 |
|                   gen_srls[30].srl_nx1                                                                |                                          xdma_ddr3_axi_smc_0_sc_util_v1_0_4_srl_rtl_478 |          1 |          0 |       0 |    1 |     0 |      0 |      0 |          0 |
|                   gen_srls[31].srl_nx1                                                                |                                          xdma_ddr3_axi_smc_0_sc_util_v1_0_4_srl_rtl_479 |          1 |          0 |       0 |    1 |     0 |      0 |      0 |          0 |
|                   gen_srls[32].srl_nx1                                                                |                                          xdma_ddr3_axi_smc_0_sc_util_v1_0_4_srl_rtl_480 |          1 |          0 |       0 |    1 |     0 |      0 |      0 |          0 |
|                   gen_srls[33].srl_nx1                                                                |                                          xdma_ddr3_axi_smc_0_sc_util_v1_0_4_srl_rtl_481 |          1 |          0 |       0 |    1 |     0 |      0 |      0 |          0 |
|                   gen_srls[34].srl_nx1                                                                |                                          xdma_ddr3_axi_smc_0_sc_util_v1_0_4_srl_rtl_482 |          1 |          0 |       0 |    1 |     0 |      0 |      0 |          0 |
|                   gen_srls[35].srl_nx1                                                                |                                          xdma_ddr3_axi_smc_0_sc_util_v1_0_4_srl_rtl_483 |          1 |          0 |       0 |    1 |     0 |      0 |      0 |          0 |
|                   gen_srls[36].srl_nx1                                                                |                                          xdma_ddr3_axi_smc_0_sc_util_v1_0_4_srl_rtl_484 |          1 |          0 |       0 |    1 |     0 |      0 |      0 |          0 |
|                   gen_srls[37].srl_nx1                                                                |                                          xdma_ddr3_axi_smc_0_sc_util_v1_0_4_srl_rtl_485 |          1 |          0 |       0 |    1 |     0 |      0 |      0 |          0 |
|                   gen_srls[38].srl_nx1                                                                |                                          xdma_ddr3_axi_smc_0_sc_util_v1_0_4_srl_rtl_486 |          1 |          0 |       0 |    1 |     0 |      0 |      0 |          0 |
|                   gen_srls[39].srl_nx1                                                                |                                          xdma_ddr3_axi_smc_0_sc_util_v1_0_4_srl_rtl_487 |          1 |          0 |       0 |    1 |     0 |      0 |      0 |          0 |
|                   gen_srls[40].srl_nx1                                                                |                                          xdma_ddr3_axi_smc_0_sc_util_v1_0_4_srl_rtl_488 |          1 |          0 |       0 |    1 |     0 |      0 |      0 |          0 |
|                   gen_srls[41].srl_nx1                                                                |                                          xdma_ddr3_axi_smc_0_sc_util_v1_0_4_srl_rtl_489 |          1 |          0 |       0 |    1 |     0 |      0 |      0 |          0 |
|                   gen_srls[42].srl_nx1                                                                |                                          xdma_ddr3_axi_smc_0_sc_util_v1_0_4_srl_rtl_490 |          1 |          0 |       0 |    1 |     0 |      0 |      0 |          0 |
|                   gen_srls[43].srl_nx1                                                                |                                          xdma_ddr3_axi_smc_0_sc_util_v1_0_4_srl_rtl_491 |          1 |          0 |       0 |    1 |     0 |      0 |      0 |          0 |
|                   gen_srls[44].srl_nx1                                                                |                                          xdma_ddr3_axi_smc_0_sc_util_v1_0_4_srl_rtl_492 |          1 |          0 |       0 |    1 |     0 |      0 |      0 |          0 |
|                   gen_srls[45].srl_nx1                                                                |                                          xdma_ddr3_axi_smc_0_sc_util_v1_0_4_srl_rtl_493 |          1 |          0 |       0 |    1 |     0 |      0 |      0 |          0 |
|                   gen_srls[46].srl_nx1                                                                |                                          xdma_ddr3_axi_smc_0_sc_util_v1_0_4_srl_rtl_494 |          1 |          0 |       0 |    1 |     0 |      0 |      0 |          0 |
|                   gen_srls[47].srl_nx1                                                                |                                          xdma_ddr3_axi_smc_0_sc_util_v1_0_4_srl_rtl_495 |          1 |          0 |       0 |    1 |     0 |      0 |      0 |          0 |
|                   gen_srls[48].srl_nx1                                                                |                                          xdma_ddr3_axi_smc_0_sc_util_v1_0_4_srl_rtl_496 |          1 |          0 |       0 |    1 |     0 |      0 |      0 |          0 |
|                   gen_srls[49].srl_nx1                                                                |                                          xdma_ddr3_axi_smc_0_sc_util_v1_0_4_srl_rtl_497 |          1 |          0 |       0 |    1 |     0 |      0 |      0 |          0 |
|                   gen_srls[50].srl_nx1                                                                |                                          xdma_ddr3_axi_smc_0_sc_util_v1_0_4_srl_rtl_498 |          1 |          0 |       0 |    1 |     0 |      0 |      0 |          0 |
|                   gen_srls[51].srl_nx1                                                                |                                          xdma_ddr3_axi_smc_0_sc_util_v1_0_4_srl_rtl_499 |          1 |          0 |       0 |    1 |     0 |      0 |      0 |          0 |
|                   gen_srls[52].srl_nx1                                                                |                                          xdma_ddr3_axi_smc_0_sc_util_v1_0_4_srl_rtl_500 |          1 |          0 |       0 |    1 |     0 |      0 |      0 |          0 |
|                   gen_srls[53].srl_nx1                                                                |                                          xdma_ddr3_axi_smc_0_sc_util_v1_0_4_srl_rtl_501 |          1 |          0 |       0 |    1 |     0 |      0 |      0 |          0 |
|                   gen_srls[54].srl_nx1                                                                |                                          xdma_ddr3_axi_smc_0_sc_util_v1_0_4_srl_rtl_502 |          1 |          0 |       0 |    1 |     0 |      0 |      0 |          0 |
|                   gen_srls[55].srl_nx1                                                                |                                          xdma_ddr3_axi_smc_0_sc_util_v1_0_4_srl_rtl_503 |          1 |          0 |       0 |    1 |     0 |      0 |      0 |          0 |
|                   gen_srls[56].srl_nx1                                                                |                                          xdma_ddr3_axi_smc_0_sc_util_v1_0_4_srl_rtl_504 |          1 |          0 |       0 |    1 |     0 |      0 |      0 |          0 |
|                   gen_srls[57].srl_nx1                                                                |                                          xdma_ddr3_axi_smc_0_sc_util_v1_0_4_srl_rtl_505 |          1 |          0 |       0 |    1 |     0 |      0 |      0 |          0 |
|                   gen_srls[58].srl_nx1                                                                |                                          xdma_ddr3_axi_smc_0_sc_util_v1_0_4_srl_rtl_506 |          1 |          0 |       0 |    1 |     0 |      0 |      0 |          0 |
|                   gen_srls[59].srl_nx1                                                                |                                          xdma_ddr3_axi_smc_0_sc_util_v1_0_4_srl_rtl_507 |          1 |          0 |       0 |    1 |     0 |      0 |      0 |          0 |
|                   gen_srls[60].srl_nx1                                                                |                                          xdma_ddr3_axi_smc_0_sc_util_v1_0_4_srl_rtl_508 |          1 |          0 |       0 |    1 |     0 |      0 |      0 |          0 |
|                   gen_srls[61].srl_nx1                                                                |                                          xdma_ddr3_axi_smc_0_sc_util_v1_0_4_srl_rtl_509 |          1 |          0 |       0 |    1 |     0 |      0 |      0 |          0 |
|                   gen_srls[62].srl_nx1                                                                |                                          xdma_ddr3_axi_smc_0_sc_util_v1_0_4_srl_rtl_510 |          1 |          0 |       0 |    1 |     0 |      0 |      0 |          0 |
|                   gen_srls[63].srl_nx1                                                                |                                          xdma_ddr3_axi_smc_0_sc_util_v1_0_4_srl_rtl_511 |          1 |          0 |       0 |    1 |     0 |      0 |      0 |          0 |
|                   gen_srls[64].srl_nx1                                                                |                                          xdma_ddr3_axi_smc_0_sc_util_v1_0_4_srl_rtl_512 |          1 |          0 |       0 |    1 |     0 |      0 |      0 |          0 |
|                   gen_srls[65].srl_nx1                                                                |                                          xdma_ddr3_axi_smc_0_sc_util_v1_0_4_srl_rtl_513 |          1 |          0 |       0 |    1 |     0 |      0 |      0 |          0 |
|                   gen_srls[66].srl_nx1                                                                |                                          xdma_ddr3_axi_smc_0_sc_util_v1_0_4_srl_rtl_514 |          1 |          0 |       0 |    1 |     0 |      0 |      0 |          0 |
|                   gen_srls[67].srl_nx1                                                                |                                          xdma_ddr3_axi_smc_0_sc_util_v1_0_4_srl_rtl_515 |          1 |          0 |       0 |    1 |     0 |      0 |      0 |          0 |
|                   gen_srls[68].srl_nx1                                                                |                                          xdma_ddr3_axi_smc_0_sc_util_v1_0_4_srl_rtl_516 |          1 |          0 |       0 |    1 |     0 |      0 |      0 |          0 |
|                   gen_srls[69].srl_nx1                                                                |                                          xdma_ddr3_axi_smc_0_sc_util_v1_0_4_srl_rtl_517 |          1 |          0 |       0 |    1 |     0 |      0 |      0 |          0 |
|                   gen_srls[70].srl_nx1                                                                |                                          xdma_ddr3_axi_smc_0_sc_util_v1_0_4_srl_rtl_518 |          1 |          0 |       0 |    1 |     0 |      0 |      0 |          0 |
|                   gen_srls[71].srl_nx1                                                                |                                          xdma_ddr3_axi_smc_0_sc_util_v1_0_4_srl_rtl_519 |          1 |          0 |       0 |    1 |     0 |      0 |      0 |          0 |
|                   gen_srls[74].srl_nx1                                                                |                                          xdma_ddr3_axi_smc_0_sc_util_v1_0_4_srl_rtl_520 |          1 |          0 |       0 |    1 |     0 |      0 |      0 |          0 |
|                   gen_srls[75].srl_nx1                                                                |                                          xdma_ddr3_axi_smc_0_sc_util_v1_0_4_srl_rtl_521 |          6 |          5 |       0 |    1 |     0 |      0 |      0 |          0 |
|                   gen_srls[8].srl_nx1                                                                 |                                          xdma_ddr3_axi_smc_0_sc_util_v1_0_4_srl_rtl_522 |          2 |          1 |       0 |    1 |     0 |      0 |      0 |          0 |
|                   gen_srls[9].srl_nx1                                                                 |                                          xdma_ddr3_axi_smc_0_sc_util_v1_0_4_srl_rtl_523 |          1 |          0 |       0 |    1 |     0 |      0 |      0 |          0 |
|                 w_cmd_fifo                                                                            |               xdma_ddr3_axi_smc_0_sc_util_v1_0_4_axic_reg_srl_fifo__parameterized11_350 |        124 |        106 |       0 |   18 |    26 |      0 |      0 |          0 |
|                   (w_cmd_fifo)                                                                        |               xdma_ddr3_axi_smc_0_sc_util_v1_0_4_axic_reg_srl_fifo__parameterized11_350 |         81 |         81 |       0 |    0 |    26 |      0 |      0 |          0 |
|                   gen_srls[0].srl_nx1                                                                 |                          xdma_ddr3_axi_smc_0_sc_util_v1_0_4_srl_rtl__parameterized0_439 |          2 |          1 |       0 |    1 |     0 |      0 |      0 |          0 |
|                   gen_srls[10].srl_nx1                                                                |                          xdma_ddr3_axi_smc_0_sc_util_v1_0_4_srl_rtl__parameterized0_440 |          2 |          1 |       0 |    1 |     0 |      0 |      0 |          0 |
|                   gen_srls[11].srl_nx1                                                                |                          xdma_ddr3_axi_smc_0_sc_util_v1_0_4_srl_rtl__parameterized0_441 |          2 |          1 |       0 |    1 |     0 |      0 |      0 |          0 |
|                   gen_srls[12].srl_nx1                                                                |                          xdma_ddr3_axi_smc_0_sc_util_v1_0_4_srl_rtl__parameterized0_442 |          3 |          2 |       0 |    1 |     0 |      0 |      0 |          0 |
|                   gen_srls[13].srl_nx1                                                                |                          xdma_ddr3_axi_smc_0_sc_util_v1_0_4_srl_rtl__parameterized0_443 |          3 |          2 |       0 |    1 |     0 |      0 |      0 |          0 |
|                   gen_srls[14].srl_nx1                                                                |                          xdma_ddr3_axi_smc_0_sc_util_v1_0_4_srl_rtl__parameterized0_444 |          3 |          2 |       0 |    1 |     0 |      0 |      0 |          0 |
|                   gen_srls[15].srl_nx1                                                                |                          xdma_ddr3_axi_smc_0_sc_util_v1_0_4_srl_rtl__parameterized0_445 |          3 |          2 |       0 |    1 |     0 |      0 |      0 |          0 |
|                   gen_srls[16].srl_nx1                                                                |                          xdma_ddr3_axi_smc_0_sc_util_v1_0_4_srl_rtl__parameterized0_446 |          3 |          2 |       0 |    1 |     0 |      0 |      0 |          0 |
|                   gen_srls[17].srl_nx1                                                                |                          xdma_ddr3_axi_smc_0_sc_util_v1_0_4_srl_rtl__parameterized0_447 |          4 |          3 |       0 |    1 |     0 |      0 |      0 |          0 |
|                   gen_srls[1].srl_nx1                                                                 |                          xdma_ddr3_axi_smc_0_sc_util_v1_0_4_srl_rtl__parameterized0_448 |          2 |          1 |       0 |    1 |     0 |      0 |      0 |          0 |
|                   gen_srls[2].srl_nx1                                                                 |                          xdma_ddr3_axi_smc_0_sc_util_v1_0_4_srl_rtl__parameterized0_449 |          2 |          1 |       0 |    1 |     0 |      0 |      0 |          0 |
|                   gen_srls[3].srl_nx1                                                                 |                          xdma_ddr3_axi_smc_0_sc_util_v1_0_4_srl_rtl__parameterized0_450 |          2 |          1 |       0 |    1 |     0 |      0 |      0 |          0 |
|                   gen_srls[4].srl_nx1                                                                 |                          xdma_ddr3_axi_smc_0_sc_util_v1_0_4_srl_rtl__parameterized0_451 |          2 |          1 |       0 |    1 |     0 |      0 |      0 |          0 |
|                   gen_srls[5].srl_nx1                                                                 |                          xdma_ddr3_axi_smc_0_sc_util_v1_0_4_srl_rtl__parameterized0_452 |          2 |          1 |       0 |    1 |     0 |      0 |      0 |          0 |
|                   gen_srls[6].srl_nx1                                                                 |                          xdma_ddr3_axi_smc_0_sc_util_v1_0_4_srl_rtl__parameterized0_453 |          2 |          1 |       0 |    1 |     0 |      0 |      0 |          0 |
|                   gen_srls[7].srl_nx1                                                                 |                          xdma_ddr3_axi_smc_0_sc_util_v1_0_4_srl_rtl__parameterized0_454 |          2 |          1 |       0 |    1 |     0 |      0 |      0 |          0 |
|                   gen_srls[8].srl_nx1                                                                 |                          xdma_ddr3_axi_smc_0_sc_util_v1_0_4_srl_rtl__parameterized0_455 |          2 |          1 |       0 |    1 |     0 |      0 |      0 |          0 |
|                   gen_srls[9].srl_nx1                                                                 |                          xdma_ddr3_axi_smc_0_sc_util_v1_0_4_srl_rtl__parameterized0_456 |          2 |          1 |       0 |    1 |     0 |      0 |      0 |          0 |
|                 w_payld_fifo                                                                          |             xdma_ddr3_axi_smc_0_sc_si_converter_v1_0_10_offset_fifo__parameterized0_351 |        225 |        139 |       0 |   86 |   129 |      0 |      0 |          0 |
|                   (w_payld_fifo)                                                                      |             xdma_ddr3_axi_smc_0_sc_si_converter_v1_0_10_offset_fifo__parameterized0_351 |         39 |         39 |       0 |    0 |   109 |      0 |      0 |          0 |
|                   cmd_fifo                                                                            |               xdma_ddr3_axi_smc_0_sc_util_v1_0_4_axic_reg_srl_fifo__parameterized10_352 |        106 |         94 |       0 |   12 |    20 |      0 |      0 |          0 |
|                     (cmd_fifo)                                                                        |               xdma_ddr3_axi_smc_0_sc_util_v1_0_4_axic_reg_srl_fifo__parameterized10_352 |         45 |         45 |       0 |    0 |    20 |      0 |      0 |          0 |
|                     gen_srls[0].srl_nx1                                                               |                          xdma_ddr3_axi_smc_0_sc_util_v1_0_4_srl_rtl__parameterized0_427 |          4 |          3 |       0 |    1 |     0 |      0 |      0 |          0 |
|                     gen_srls[10].srl_nx1                                                              |                          xdma_ddr3_axi_smc_0_sc_util_v1_0_4_srl_rtl__parameterized0_428 |          9 |          8 |       0 |    1 |     0 |      0 |      0 |          0 |
|                     gen_srls[11].srl_nx1                                                              |                          xdma_ddr3_axi_smc_0_sc_util_v1_0_4_srl_rtl__parameterized0_429 |         13 |         12 |       0 |    1 |     0 |      0 |      0 |          0 |
|                     gen_srls[1].srl_nx1                                                               |                          xdma_ddr3_axi_smc_0_sc_util_v1_0_4_srl_rtl__parameterized0_430 |          9 |          8 |       0 |    1 |     0 |      0 |      0 |          0 |
|                     gen_srls[2].srl_nx1                                                               |                          xdma_ddr3_axi_smc_0_sc_util_v1_0_4_srl_rtl__parameterized0_431 |          2 |          1 |       0 |    1 |     0 |      0 |      0 |          0 |
|                     gen_srls[3].srl_nx1                                                               |                          xdma_ddr3_axi_smc_0_sc_util_v1_0_4_srl_rtl__parameterized0_432 |          4 |          3 |       0 |    1 |     0 |      0 |      0 |          0 |
|                     gen_srls[4].srl_nx1                                                               |                          xdma_ddr3_axi_smc_0_sc_util_v1_0_4_srl_rtl__parameterized0_433 |          3 |          2 |       0 |    1 |     0 |      0 |      0 |          0 |
|                     gen_srls[5].srl_nx1                                                               |                          xdma_ddr3_axi_smc_0_sc_util_v1_0_4_srl_rtl__parameterized0_434 |          3 |          2 |       0 |    1 |     0 |      0 |      0 |          0 |
|                     gen_srls[6].srl_nx1                                                               |                          xdma_ddr3_axi_smc_0_sc_util_v1_0_4_srl_rtl__parameterized0_435 |          3 |          2 |       0 |    1 |     0 |      0 |      0 |          0 |
|                     gen_srls[7].srl_nx1                                                               |                          xdma_ddr3_axi_smc_0_sc_util_v1_0_4_srl_rtl__parameterized0_436 |          3 |          2 |       0 |    1 |     0 |      0 |      0 |          0 |
|                     gen_srls[8].srl_nx1                                                               |                          xdma_ddr3_axi_smc_0_sc_util_v1_0_4_srl_rtl__parameterized0_437 |          3 |          2 |       0 |    1 |     0 |      0 |      0 |          0 |
|                     gen_srls[9].srl_nx1                                                               |                          xdma_ddr3_axi_smc_0_sc_util_v1_0_4_srl_rtl__parameterized0_438 |          5 |          4 |       0 |    1 |     0 |      0 |      0 |          0 |
|                   gen_srls[0].srl_nx1                                                                 |                                          xdma_ddr3_axi_smc_0_sc_util_v1_0_4_srl_rtl_353 |          2 |          1 |       0 |    1 |     0 |      0 |      0 |          0 |
|                   gen_srls[100].srl_nx1                                                               |                                          xdma_ddr3_axi_smc_0_sc_util_v1_0_4_srl_rtl_354 |          1 |          0 |       0 |    1 |     0 |      0 |      0 |          0 |
|                   gen_srls[101].srl_nx1                                                               |                                          xdma_ddr3_axi_smc_0_sc_util_v1_0_4_srl_rtl_355 |          1 |          0 |       0 |    1 |     0 |      0 |      0 |          0 |
|                   gen_srls[102].srl_nx1                                                               |                                          xdma_ddr3_axi_smc_0_sc_util_v1_0_4_srl_rtl_356 |          1 |          0 |       0 |    1 |     0 |      0 |      0 |          0 |
|                   gen_srls[103].srl_nx1                                                               |                                          xdma_ddr3_axi_smc_0_sc_util_v1_0_4_srl_rtl_357 |          1 |          0 |       0 |    1 |     0 |      0 |      0 |          0 |
|                   gen_srls[104].srl_nx1                                                               |                                          xdma_ddr3_axi_smc_0_sc_util_v1_0_4_srl_rtl_358 |          1 |          0 |       0 |    1 |     0 |      0 |      0 |          0 |
|                   gen_srls[105].srl_nx1                                                               |                                          xdma_ddr3_axi_smc_0_sc_util_v1_0_4_srl_rtl_359 |          1 |          0 |       0 |    1 |     0 |      0 |      0 |          0 |
|                   gen_srls[106].srl_nx1                                                               |                                          xdma_ddr3_axi_smc_0_sc_util_v1_0_4_srl_rtl_360 |          1 |          0 |       0 |    1 |     0 |      0 |      0 |          0 |
|                   gen_srls[107].srl_nx1                                                               |                                          xdma_ddr3_axi_smc_0_sc_util_v1_0_4_srl_rtl_361 |          1 |          0 |       0 |    1 |     0 |      0 |      0 |          0 |
|                   gen_srls[108].srl_nx1                                                               |                                          xdma_ddr3_axi_smc_0_sc_util_v1_0_4_srl_rtl_362 |          1 |          0 |       0 |    1 |     0 |      0 |      0 |          0 |
|                   gen_srls[109].srl_nx1                                                               |                                          xdma_ddr3_axi_smc_0_sc_util_v1_0_4_srl_rtl_363 |          1 |          0 |       0 |    1 |     0 |      0 |      0 |          0 |
|                   gen_srls[110].srl_nx1                                                               |                                          xdma_ddr3_axi_smc_0_sc_util_v1_0_4_srl_rtl_364 |          1 |          0 |       0 |    1 |     0 |      0 |      0 |          0 |
|                   gen_srls[111].srl_nx1                                                               |                                          xdma_ddr3_axi_smc_0_sc_util_v1_0_4_srl_rtl_365 |          1 |          0 |       0 |    1 |     0 |      0 |      0 |          0 |
|                   gen_srls[112].srl_nx1                                                               |                                          xdma_ddr3_axi_smc_0_sc_util_v1_0_4_srl_rtl_366 |          1 |          0 |       0 |    1 |     0 |      0 |      0 |          0 |
|                   gen_srls[113].srl_nx1                                                               |                                          xdma_ddr3_axi_smc_0_sc_util_v1_0_4_srl_rtl_367 |          1 |          0 |       0 |    1 |     0 |      0 |      0 |          0 |
|                   gen_srls[114].srl_nx1                                                               |                                          xdma_ddr3_axi_smc_0_sc_util_v1_0_4_srl_rtl_368 |          1 |          0 |       0 |    1 |     0 |      0 |      0 |          0 |
|                   gen_srls[115].srl_nx1                                                               |                                          xdma_ddr3_axi_smc_0_sc_util_v1_0_4_srl_rtl_369 |          1 |          0 |       0 |    1 |     0 |      0 |      0 |          0 |
|                   gen_srls[116].srl_nx1                                                               |                                          xdma_ddr3_axi_smc_0_sc_util_v1_0_4_srl_rtl_370 |          1 |          0 |       0 |    1 |     0 |      0 |      0 |          0 |
|                   gen_srls[117].srl_nx1                                                               |                                          xdma_ddr3_axi_smc_0_sc_util_v1_0_4_srl_rtl_371 |          1 |          0 |       0 |    1 |     0 |      0 |      0 |          0 |
|                   gen_srls[118].srl_nx1                                                               |                                          xdma_ddr3_axi_smc_0_sc_util_v1_0_4_srl_rtl_372 |          1 |          0 |       0 |    1 |     0 |      0 |      0 |          0 |
|                   gen_srls[119].srl_nx1                                                               |                                          xdma_ddr3_axi_smc_0_sc_util_v1_0_4_srl_rtl_373 |          1 |          0 |       0 |    1 |     0 |      0 |      0 |          0 |
|                   gen_srls[120].srl_nx1                                                               |                                          xdma_ddr3_axi_smc_0_sc_util_v1_0_4_srl_rtl_374 |          1 |          0 |       0 |    1 |     0 |      0 |      0 |          0 |
|                   gen_srls[121].srl_nx1                                                               |                                          xdma_ddr3_axi_smc_0_sc_util_v1_0_4_srl_rtl_375 |          1 |          0 |       0 |    1 |     0 |      0 |      0 |          0 |
|                   gen_srls[122].srl_nx1                                                               |                                          xdma_ddr3_axi_smc_0_sc_util_v1_0_4_srl_rtl_376 |          1 |          0 |       0 |    1 |     0 |      0 |      0 |          0 |
|                   gen_srls[123].srl_nx1                                                               |                                          xdma_ddr3_axi_smc_0_sc_util_v1_0_4_srl_rtl_377 |          1 |          0 |       0 |    1 |     0 |      0 |      0 |          0 |
|                   gen_srls[124].srl_nx1                                                               |                                          xdma_ddr3_axi_smc_0_sc_util_v1_0_4_srl_rtl_378 |          1 |          0 |       0 |    1 |     0 |      0 |      0 |          0 |
|                   gen_srls[125].srl_nx1                                                               |                                          xdma_ddr3_axi_smc_0_sc_util_v1_0_4_srl_rtl_379 |          1 |          0 |       0 |    1 |     0 |      0 |      0 |          0 |
|                   gen_srls[126].srl_nx1                                                               |                                          xdma_ddr3_axi_smc_0_sc_util_v1_0_4_srl_rtl_380 |          1 |          0 |       0 |    1 |     0 |      0 |      0 |          0 |
|                   gen_srls[127].srl_nx1                                                               |                                          xdma_ddr3_axi_smc_0_sc_util_v1_0_4_srl_rtl_381 |          1 |          0 |       0 |    1 |     0 |      0 |      0 |          0 |
|                   gen_srls[128].srl_nx1                                                               |                                          xdma_ddr3_axi_smc_0_sc_util_v1_0_4_srl_rtl_382 |          1 |          0 |       0 |    1 |     0 |      0 |      0 |          0 |
|                   gen_srls[129].srl_nx1                                                               |                                          xdma_ddr3_axi_smc_0_sc_util_v1_0_4_srl_rtl_383 |          1 |          0 |       0 |    1 |     0 |      0 |      0 |          0 |
|                   gen_srls[130].srl_nx1                                                               |                                          xdma_ddr3_axi_smc_0_sc_util_v1_0_4_srl_rtl_384 |          1 |          0 |       0 |    1 |     0 |      0 |      0 |          0 |
|                   gen_srls[131].srl_nx1                                                               |                                          xdma_ddr3_axi_smc_0_sc_util_v1_0_4_srl_rtl_385 |          1 |          0 |       0 |    1 |     0 |      0 |      0 |          0 |
|                   gen_srls[132].srl_nx1                                                               |                                          xdma_ddr3_axi_smc_0_sc_util_v1_0_4_srl_rtl_386 |          1 |          0 |       0 |    1 |     0 |      0 |      0 |          0 |
|                   gen_srls[133].srl_nx1                                                               |                                          xdma_ddr3_axi_smc_0_sc_util_v1_0_4_srl_rtl_387 |          1 |          0 |       0 |    1 |     0 |      0 |      0 |          0 |
|                   gen_srls[134].srl_nx1                                                               |                                          xdma_ddr3_axi_smc_0_sc_util_v1_0_4_srl_rtl_388 |          1 |          0 |       0 |    1 |     0 |      0 |      0 |          0 |
|                   gen_srls[135].srl_nx1                                                               |                                          xdma_ddr3_axi_smc_0_sc_util_v1_0_4_srl_rtl_389 |          1 |          0 |       0 |    1 |     0 |      0 |      0 |          0 |
|                   gen_srls[136].srl_nx1                                                               |                                          xdma_ddr3_axi_smc_0_sc_util_v1_0_4_srl_rtl_390 |          1 |          0 |       0 |    1 |     0 |      0 |      0 |          0 |
|                   gen_srls[137].srl_nx1                                                               |                                          xdma_ddr3_axi_smc_0_sc_util_v1_0_4_srl_rtl_391 |          1 |          0 |       0 |    1 |     0 |      0 |      0 |          0 |
|                   gen_srls[138].srl_nx1                                                               |                                          xdma_ddr3_axi_smc_0_sc_util_v1_0_4_srl_rtl_392 |          1 |          0 |       0 |    1 |     0 |      0 |      0 |          0 |
|                   gen_srls[139].srl_nx1                                                               |                                          xdma_ddr3_axi_smc_0_sc_util_v1_0_4_srl_rtl_393 |          1 |          0 |       0 |    1 |     0 |      0 |      0 |          0 |
|                   gen_srls[140].srl_nx1                                                               |                                          xdma_ddr3_axi_smc_0_sc_util_v1_0_4_srl_rtl_394 |          1 |          0 |       0 |    1 |     0 |      0 |      0 |          0 |
|                   gen_srls[141].srl_nx1                                                               |                                          xdma_ddr3_axi_smc_0_sc_util_v1_0_4_srl_rtl_395 |          1 |          0 |       0 |    1 |     0 |      0 |      0 |          0 |
|                   gen_srls[142].srl_nx1                                                               |                                          xdma_ddr3_axi_smc_0_sc_util_v1_0_4_srl_rtl_396 |          1 |          0 |       0 |    1 |     0 |      0 |      0 |          0 |
|                   gen_srls[143].srl_nx1                                                               |                                          xdma_ddr3_axi_smc_0_sc_util_v1_0_4_srl_rtl_397 |          6 |          5 |       0 |    1 |     0 |      0 |      0 |          0 |
|                   gen_srls[1].srl_nx1                                                                 |                                          xdma_ddr3_axi_smc_0_sc_util_v1_0_4_srl_rtl_398 |          1 |          0 |       0 |    1 |     0 |      0 |      0 |          0 |
|                   gen_srls[72].srl_nx1                                                                |                                          xdma_ddr3_axi_smc_0_sc_util_v1_0_4_srl_rtl_399 |          1 |          0 |       0 |    1 |     0 |      0 |      0 |          0 |
|                   gen_srls[73].srl_nx1                                                                |                                          xdma_ddr3_axi_smc_0_sc_util_v1_0_4_srl_rtl_400 |          1 |          0 |       0 |    1 |     0 |      0 |      0 |          0 |
|                   gen_srls[74].srl_nx1                                                                |                                          xdma_ddr3_axi_smc_0_sc_util_v1_0_4_srl_rtl_401 |          1 |          0 |       0 |    1 |     0 |      0 |      0 |          0 |
|                   gen_srls[75].srl_nx1                                                                |                                          xdma_ddr3_axi_smc_0_sc_util_v1_0_4_srl_rtl_402 |          1 |          0 |       0 |    1 |     0 |      0 |      0 |          0 |
|                   gen_srls[76].srl_nx1                                                                |                                          xdma_ddr3_axi_smc_0_sc_util_v1_0_4_srl_rtl_403 |          1 |          0 |       0 |    1 |     0 |      0 |      0 |          0 |
|                   gen_srls[77].srl_nx1                                                                |                                          xdma_ddr3_axi_smc_0_sc_util_v1_0_4_srl_rtl_404 |          1 |          0 |       0 |    1 |     0 |      0 |      0 |          0 |
|                   gen_srls[78].srl_nx1                                                                |                                          xdma_ddr3_axi_smc_0_sc_util_v1_0_4_srl_rtl_405 |          1 |          0 |       0 |    1 |     0 |      0 |      0 |          0 |
|                   gen_srls[79].srl_nx1                                                                |                                          xdma_ddr3_axi_smc_0_sc_util_v1_0_4_srl_rtl_406 |          1 |          0 |       0 |    1 |     0 |      0 |      0 |          0 |
|                   gen_srls[80].srl_nx1                                                                |                                          xdma_ddr3_axi_smc_0_sc_util_v1_0_4_srl_rtl_407 |          1 |          0 |       0 |    1 |     0 |      0 |      0 |          0 |
|                   gen_srls[81].srl_nx1                                                                |                                          xdma_ddr3_axi_smc_0_sc_util_v1_0_4_srl_rtl_408 |          1 |          0 |       0 |    1 |     0 |      0 |      0 |          0 |
|                   gen_srls[82].srl_nx1                                                                |                                          xdma_ddr3_axi_smc_0_sc_util_v1_0_4_srl_rtl_409 |          1 |          0 |       0 |    1 |     0 |      0 |      0 |          0 |
|                   gen_srls[83].srl_nx1                                                                |                                          xdma_ddr3_axi_smc_0_sc_util_v1_0_4_srl_rtl_410 |          1 |          0 |       0 |    1 |     0 |      0 |      0 |          0 |
|                   gen_srls[84].srl_nx1                                                                |                                          xdma_ddr3_axi_smc_0_sc_util_v1_0_4_srl_rtl_411 |          1 |          0 |       0 |    1 |     0 |      0 |      0 |          0 |
|                   gen_srls[85].srl_nx1                                                                |                                          xdma_ddr3_axi_smc_0_sc_util_v1_0_4_srl_rtl_412 |          1 |          0 |       0 |    1 |     0 |      0 |      0 |          0 |
|                   gen_srls[86].srl_nx1                                                                |                                          xdma_ddr3_axi_smc_0_sc_util_v1_0_4_srl_rtl_413 |          1 |          0 |       0 |    1 |     0 |      0 |      0 |          0 |
|                   gen_srls[87].srl_nx1                                                                |                                          xdma_ddr3_axi_smc_0_sc_util_v1_0_4_srl_rtl_414 |          1 |          0 |       0 |    1 |     0 |      0 |      0 |          0 |
|                   gen_srls[88].srl_nx1                                                                |                                          xdma_ddr3_axi_smc_0_sc_util_v1_0_4_srl_rtl_415 |          1 |          0 |       0 |    1 |     0 |      0 |      0 |          0 |
|                   gen_srls[89].srl_nx1                                                                |                                          xdma_ddr3_axi_smc_0_sc_util_v1_0_4_srl_rtl_416 |          1 |          0 |       0 |    1 |     0 |      0 |      0 |          0 |
|                   gen_srls[90].srl_nx1                                                                |                                          xdma_ddr3_axi_smc_0_sc_util_v1_0_4_srl_rtl_417 |          1 |          0 |       0 |    1 |     0 |      0 |      0 |          0 |
|                   gen_srls[91].srl_nx1                                                                |                                          xdma_ddr3_axi_smc_0_sc_util_v1_0_4_srl_rtl_418 |          1 |          0 |       0 |    1 |     0 |      0 |      0 |          0 |
|                   gen_srls[92].srl_nx1                                                                |                                          xdma_ddr3_axi_smc_0_sc_util_v1_0_4_srl_rtl_419 |          1 |          0 |       0 |    1 |     0 |      0 |      0 |          0 |
|                   gen_srls[93].srl_nx1                                                                |                                          xdma_ddr3_axi_smc_0_sc_util_v1_0_4_srl_rtl_420 |          1 |          0 |       0 |    1 |     0 |      0 |      0 |          0 |
|                   gen_srls[94].srl_nx1                                                                |                                          xdma_ddr3_axi_smc_0_sc_util_v1_0_4_srl_rtl_421 |          1 |          0 |       0 |    1 |     0 |      0 |      0 |          0 |
|                   gen_srls[95].srl_nx1                                                                |                                          xdma_ddr3_axi_smc_0_sc_util_v1_0_4_srl_rtl_422 |          1 |          0 |       0 |    1 |     0 |      0 |      0 |          0 |
|                   gen_srls[96].srl_nx1                                                                |                                          xdma_ddr3_axi_smc_0_sc_util_v1_0_4_srl_rtl_423 |          1 |          0 |       0 |    1 |     0 |      0 |      0 |          0 |
|                   gen_srls[97].srl_nx1                                                                |                                          xdma_ddr3_axi_smc_0_sc_util_v1_0_4_srl_rtl_424 |          1 |          0 |       0 |    1 |     0 |      0 |      0 |          0 |
|                   gen_srls[98].srl_nx1                                                                |                                          xdma_ddr3_axi_smc_0_sc_util_v1_0_4_srl_rtl_425 |          1 |          0 |       0 |    1 |     0 |      0 |      0 |          0 |
|                   gen_srls[99].srl_nx1                                                                |                                          xdma_ddr3_axi_smc_0_sc_util_v1_0_4_srl_rtl_426 |          1 |          0 |       0 |    1 |     0 |      0 |      0 |          0 |
|               gen_normal.splitter_inst                                                                |                xdma_ddr3_axi_smc_0_sc_si_converter_v1_0_10_splitter__parameterized0_335 |         39 |         30 |       0 |    9 |    18 |      0 |      0 |          0 |
|                 (gen_normal.splitter_inst)                                                            |                xdma_ddr3_axi_smc_0_sc_si_converter_v1_0_10_splitter__parameterized0_335 |          0 |          0 |       0 |    0 |     1 |      0 |      0 |          0 |
|                 gen_no_wsplitter.gen_endpoint_woffset.gen_wbypass_offset_fifo.wbypass_offset_fifo     |                xdma_ddr3_axi_smc_0_sc_util_v1_0_4_axic_reg_srl_fifo__parameterized8_336 |         39 |         30 |       0 |    9 |    17 |      0 |      0 |          0 |
|                   (gen_no_wsplitter.gen_endpoint_woffset.gen_wbypass_offset_fifo.wbypass_offset_fifo) |                xdma_ddr3_axi_smc_0_sc_util_v1_0_4_axic_reg_srl_fifo__parameterized8_336 |         20 |         20 |       0 |    0 |    17 |      0 |      0 |          0 |
|                   gen_srls[0].srl_nx1                                                                 |                          xdma_ddr3_axi_smc_0_sc_util_v1_0_4_srl_rtl__parameterized0_337 |          2 |          1 |       0 |    1 |     0 |      0 |      0 |          0 |
|                   gen_srls[10].srl_nx1                                                                |                          xdma_ddr3_axi_smc_0_sc_util_v1_0_4_srl_rtl__parameterized0_338 |          3 |          2 |       0 |    1 |     0 |      0 |      0 |          0 |
|                   gen_srls[3].srl_nx1                                                                 |                          xdma_ddr3_axi_smc_0_sc_util_v1_0_4_srl_rtl__parameterized0_339 |          2 |          1 |       0 |    1 |     0 |      0 |      0 |          0 |
|                   gen_srls[4].srl_nx1                                                                 |                          xdma_ddr3_axi_smc_0_sc_util_v1_0_4_srl_rtl__parameterized0_340 |          2 |          1 |       0 |    1 |     0 |      0 |      0 |          0 |
|                   gen_srls[5].srl_nx1                                                                 |                          xdma_ddr3_axi_smc_0_sc_util_v1_0_4_srl_rtl__parameterized0_341 |          2 |          1 |       0 |    1 |     0 |      0 |      0 |          0 |
|                   gen_srls[6].srl_nx1                                                                 |                          xdma_ddr3_axi_smc_0_sc_util_v1_0_4_srl_rtl__parameterized0_342 |          2 |          1 |       0 |    1 |     0 |      0 |      0 |          0 |
|                   gen_srls[7].srl_nx1                                                                 |                          xdma_ddr3_axi_smc_0_sc_util_v1_0_4_srl_rtl__parameterized0_343 |          2 |          1 |       0 |    1 |     0 |      0 |      0 |          0 |
|                   gen_srls[8].srl_nx1                                                                 |                          xdma_ddr3_axi_smc_0_sc_util_v1_0_4_srl_rtl__parameterized0_344 |          2 |          1 |       0 |    1 |     0 |      0 |      0 |          0 |
|                   gen_srls[9].srl_nx1                                                                 |                          xdma_ddr3_axi_smc_0_sc_util_v1_0_4_srl_rtl__parameterized0_345 |          2 |          1 |       0 |    1 |     0 |      0 |      0 |          0 |
|               xpm_cdc_async_rst_inst                                                                  |                                               xdma_ddr3_axi_smc_0_xpm_cdc_async_rst__14 |          1 |          1 |       0 |    0 |     3 |      0 |      0 |          0 |
|           s01_transaction_regulator                                                                   |                                                     xdma_ddr3_axi_smc_0_bd_a1ba_s01tr_0 |        123 |        123 |       0 |    0 |   314 |      0 |      0 |          0 |
|             (s01_transaction_regulator)                                                               |                                                     xdma_ddr3_axi_smc_0_bd_a1ba_s01tr_0 |          0 |          0 |       0 |    0 |     0 |      0 |      0 |          0 |
|             inst                                                                                      |                 xdma_ddr3_axi_smc_0_sc_transaction_regulator_v1_0_9_top__parameterized0 |        123 |        123 |       0 |    0 |   314 |      0 |      0 |          0 |
|               (inst)                                                                                  |                 xdma_ddr3_axi_smc_0_sc_transaction_regulator_v1_0_9_top__parameterized0 |          1 |          1 |       0 |    0 |     1 |      0 |      0 |          0 |
|               gen_endpoint.gen_r_singleorder.r_singleorder                                            |                     xdma_ddr3_axi_smc_0_sc_transaction_regulator_v1_0_9_singleorder_330 |         61 |         61 |       0 |    0 |   155 |      0 |      0 |          0 |
|                 (gen_endpoint.gen_r_singleorder.r_singleorder)                                        |                     xdma_ddr3_axi_smc_0_sc_transaction_regulator_v1_0_9_singleorder_330 |          3 |          3 |       0 |    0 |     9 |      0 |      0 |          0 |
|                 gen_cmd_reg.cmd_reg                                                                   |                                    xdma_ddr3_axi_smc_0_sc_util_v1_0_4_axi_reg_stall_333 |         58 |         58 |       0 |    0 |   146 |      0 |      0 |          0 |
|               gen_endpoint.gen_w_singleorder.w_singleorder                                            |                     xdma_ddr3_axi_smc_0_sc_transaction_regulator_v1_0_9_singleorder_331 |         60 |         60 |       0 |    0 |   155 |      0 |      0 |          0 |
|                 (gen_endpoint.gen_w_singleorder.w_singleorder)                                        |                     xdma_ddr3_axi_smc_0_sc_transaction_regulator_v1_0_9_singleorder_331 |          2 |          2 |       0 |    0 |     9 |      0 |      0 |          0 |
|                 gen_cmd_reg.cmd_reg                                                                   |                                    xdma_ddr3_axi_smc_0_sc_util_v1_0_4_axi_reg_stall_332 |         58 |         58 |       0 |    0 |   146 |      0 |      0 |          0 |
|               xpm_cdc_async_rst_inst                                                                  |                                               xdma_ddr3_axi_smc_0_xpm_cdc_async_rst__15 |          1 |          1 |       0 |    0 |     3 |      0 |      0 |          0 |
|         s01_nodes                                                                                     |                                                xdma_ddr3_axi_smc_0_s01_nodes_imp_5HTXWK |        819 |        495 |     324 |    0 |   939 |      0 |      0 |          0 |
|           s01_ar_node                                                                                 |                                                      xdma_ddr3_axi_smc_0_bd_a1ba_sarn_1 |        147 |         85 |      62 |    0 |   150 |      0 |      0 |          0 |
|             (s01_ar_node)                                                                             |                                                      xdma_ddr3_axi_smc_0_bd_a1ba_sarn_1 |          0 |          0 |       0 |    0 |     0 |      0 |      0 |          0 |
|             inst                                                                                      |                     xdma_ddr3_axi_smc_0_sc_node_v1_0_14_top__parameterized14__xdcDup__1 |        147 |         85 |      62 |    0 |   150 |      0 |      0 |          0 |
|               (inst)                                                                                  |                     xdma_ddr3_axi_smc_0_sc_node_v1_0_14_top__parameterized14__xdcDup__1 |          3 |          3 |       0 |    0 |     1 |      0 |      0 |          0 |
|               inst_mi_handler                                                                         |              xdma_ddr3_axi_smc_0_sc_node_v1_0_14_mi_handler__parameterized14__xdcDup__1 |        141 |         79 |      62 |    0 |   142 |      0 |      0 |          0 |
|                 (inst_mi_handler)                                                                     |              xdma_ddr3_axi_smc_0_sc_node_v1_0_14_mi_handler__parameterized14__xdcDup__1 |          0 |          0 |       0 |    0 |     2 |      0 |      0 |          0 |
|                 gen_normal_area.gen_fifo_req.inst_fifo_req                                            |                    xdma_ddr3_axi_smc_0_sc_node_v1_0_14_fifo__parameterized13__xdcDup__4 |         34 |         30 |       4 |    0 |    23 |      0 |      0 |          0 |
|                   gen_xpm_memory_fifo.inst_fifo                                                       |          xdma_ddr3_axi_smc_0_sc_util_v1_0_4_xpm_memory_fifo__parameterized13__xdcDup__4 |         34 |         30 |       4 |    0 |    23 |      0 |      0 |          0 |
|                     (gen_xpm_memory_fifo.inst_fifo)                                                   |          xdma_ddr3_axi_smc_0_sc_util_v1_0_4_xpm_memory_fifo__parameterized13__xdcDup__4 |          5 |          5 |       0 |    0 |     3 |      0 |      0 |          0 |
|                     gen_mem_rep[0].inst_rd_addrb                                                      |                          xdma_ddr3_axi_smc_0_sc_util_v1_0_4_counter__parameterized0_327 |          6 |          6 |       0 |    0 |     6 |      0 |      0 |          0 |
|                     gen_mem_rep[0].inst_wr_addra                                                      |                          xdma_ddr3_axi_smc_0_sc_util_v1_0_4_counter__parameterized0_328 |          5 |          5 |       0 |    0 |     6 |      0 |      0 |          0 |
|                     gen_mem_rep[0].inst_xpm_memory                                                    |                                  xdma_ddr3_axi_smc_0_xpm_memory_sdpram__parameterized11 |          4 |          0 |       4 |    0 |     2 |      0 |      0 |          0 |
|                       (gen_mem_rep[0].inst_xpm_memory)                                                |                                  xdma_ddr3_axi_smc_0_xpm_memory_sdpram__parameterized11 |          0 |          0 |       0 |    0 |     0 |      0 |      0 |          0 |
|                       xpm_memory_base_inst                                                            |                                    xdma_ddr3_axi_smc_0_xpm_memory_base__parameterized11 |          4 |          0 |       4 |    0 |     2 |      0 |      0 |          0 |
|                     gen_wr.inst_wr_addra_p1                                                           |                          xdma_ddr3_axi_smc_0_sc_util_v1_0_4_counter__parameterized1_329 |         14 |         14 |       0 |    0 |     6 |      0 |      0 |          0 |
|                 gen_normal_area.inst_fifo_node_payld                                                  |                    xdma_ddr3_axi_smc_0_sc_node_v1_0_14_fifo__parameterized14__xdcDup__3 |         95 |         37 |      58 |    0 |   106 |      0 |      0 |          0 |
|                   gen_xpm_memory_fifo.inst_fifo                                                       |          xdma_ddr3_axi_smc_0_sc_util_v1_0_4_xpm_memory_fifo__parameterized14__xdcDup__3 |         95 |         37 |      58 |    0 |   106 |      0 |      0 |          0 |
|                     (gen_xpm_memory_fifo.inst_fifo)                                                   |          xdma_ddr3_axi_smc_0_sc_util_v1_0_4_xpm_memory_fifo__parameterized14__xdcDup__3 |          5 |          5 |       0 |    0 |     4 |      0 |      0 |          0 |
|                     gen_mem_rep[0].inst_rd_addrb                                                      |                          xdma_ddr3_axi_smc_0_sc_util_v1_0_4_counter__parameterized0_324 |          4 |          4 |       0 |    0 |     6 |      0 |      0 |          0 |
|                     gen_mem_rep[0].inst_wr_addra                                                      |                          xdma_ddr3_axi_smc_0_sc_util_v1_0_4_counter__parameterized0_325 |          5 |          5 |       0 |    0 |     6 |      0 |      0 |          0 |
|                     gen_mem_rep[0].inst_xpm_memory                                                    |                                  xdma_ddr3_axi_smc_0_xpm_memory_sdpram__parameterized12 |         58 |          0 |      58 |    0 |    84 |      0 |      0 |          0 |
|                       (gen_mem_rep[0].inst_xpm_memory)                                                |                                  xdma_ddr3_axi_smc_0_xpm_memory_sdpram__parameterized12 |          0 |          0 |       0 |    0 |     0 |      0 |      0 |          0 |
|                       xpm_memory_base_inst                                                            |                                    xdma_ddr3_axi_smc_0_xpm_memory_base__parameterized12 |         58 |          0 |      58 |    0 |    84 |      0 |      0 |          0 |
|                     gen_wr.inst_wr_addra_p1                                                           |                          xdma_ddr3_axi_smc_0_sc_util_v1_0_4_counter__parameterized1_326 |         23 |         23 |       0 |    0 |     6 |      0 |      0 |          0 |
|                 gen_normal_area.inst_fifo_send                                                        |                      xdma_ddr3_axi_smc_0_sc_node_v1_0_14_reg_slice3__parameterized2_323 |         12 |         12 |       0 |    0 |    11 |      0 |      0 |          0 |
|               inst_si_handler                                                                         |                      xdma_ddr3_axi_smc_0_sc_node_v1_0_14_si_handler__parameterized9_322 |          1 |          1 |       0 |    0 |     1 |      0 |      0 |          0 |
|               m_sc_xpm_cdc_async_rst_inst                                                             |                                                   xdma_ddr3_axi_smc_0_xpm_cdc_async_rst |          1 |          1 |       0 |    0 |     3 |      0 |      0 |          0 |
|               s_sc_xpm_cdc_async_rst_inst                                                             |                                               xdma_ddr3_axi_smc_0_xpm_cdc_async_rst__67 |          1 |          1 |       0 |    0 |     3 |      0 |      0 |          0 |
|           s01_aw_node                                                                                 |                                                      xdma_ddr3_axi_smc_0_bd_a1ba_sawn_1 |        143 |         85 |      58 |    0 |   144 |      0 |      0 |          0 |
|             (s01_aw_node)                                                                             |                                                      xdma_ddr3_axi_smc_0_bd_a1ba_sawn_1 |          0 |          0 |       0 |    0 |     0 |      0 |      0 |          0 |
|             inst                                                                                      |                     xdma_ddr3_axi_smc_0_sc_node_v1_0_14_top__parameterized15__xdcDup__1 |        143 |         85 |      58 |    0 |   144 |      0 |      0 |          0 |
|               (inst)                                                                                  |                     xdma_ddr3_axi_smc_0_sc_node_v1_0_14_top__parameterized15__xdcDup__1 |          3 |          3 |       0 |    0 |     1 |      0 |      0 |          0 |
|               inst_mi_handler                                                                         |              xdma_ddr3_axi_smc_0_sc_node_v1_0_14_mi_handler__parameterized15__xdcDup__1 |        137 |         79 |      58 |    0 |   136 |      0 |      0 |          0 |
|                 (inst_mi_handler)                                                                     |              xdma_ddr3_axi_smc_0_sc_node_v1_0_14_mi_handler__parameterized15__xdcDup__1 |          0 |          0 |       0 |    0 |     2 |      0 |      0 |          0 |
|                 gen_normal_area.gen_fifo_req.inst_fifo_req                                            |                    xdma_ddr3_axi_smc_0_sc_node_v1_0_14_fifo__parameterized13__xdcDup__5 |         34 |         30 |       4 |    0 |    23 |      0 |      0 |          0 |
|                   gen_xpm_memory_fifo.inst_fifo                                                       |          xdma_ddr3_axi_smc_0_sc_util_v1_0_4_xpm_memory_fifo__parameterized13__xdcDup__5 |         34 |         30 |       4 |    0 |    23 |      0 |      0 |          0 |
|                     (gen_xpm_memory_fifo.inst_fifo)                                                   |          xdma_ddr3_axi_smc_0_sc_util_v1_0_4_xpm_memory_fifo__parameterized13__xdcDup__5 |          5 |          5 |       0 |    0 |     3 |      0 |      0 |          0 |
|                     gen_mem_rep[0].inst_rd_addrb                                                      |                          xdma_ddr3_axi_smc_0_sc_util_v1_0_4_counter__parameterized0_319 |          6 |          6 |       0 |    0 |     6 |      0 |      0 |          0 |
|                     gen_mem_rep[0].inst_wr_addra                                                      |                          xdma_ddr3_axi_smc_0_sc_util_v1_0_4_counter__parameterized0_320 |          5 |          5 |       0 |    0 |     6 |      0 |      0 |          0 |
|                     gen_mem_rep[0].inst_xpm_memory                                                    |                              xdma_ddr3_axi_smc_0_xpm_memory_sdpram__parameterized11__15 |          4 |          0 |       4 |    0 |     2 |      0 |      0 |          0 |
|                       (gen_mem_rep[0].inst_xpm_memory)                                                |                              xdma_ddr3_axi_smc_0_xpm_memory_sdpram__parameterized11__15 |          0 |          0 |       0 |    0 |     0 |      0 |      0 |          0 |
|                       xpm_memory_base_inst                                                            |                                xdma_ddr3_axi_smc_0_xpm_memory_base__parameterized11__15 |          4 |          0 |       4 |    0 |     2 |      0 |      0 |          0 |
|                     gen_wr.inst_wr_addra_p1                                                           |                          xdma_ddr3_axi_smc_0_sc_util_v1_0_4_counter__parameterized1_321 |         14 |         14 |       0 |    0 |     6 |      0 |      0 |          0 |
|                 gen_normal_area.inst_fifo_node_payld                                                  |                    xdma_ddr3_axi_smc_0_sc_node_v1_0_14_fifo__parameterized14__xdcDup__4 |         91 |         37 |      54 |    0 |   100 |      0 |      0 |          0 |
|                   gen_xpm_memory_fifo.inst_fifo                                                       |          xdma_ddr3_axi_smc_0_sc_util_v1_0_4_xpm_memory_fifo__parameterized14__xdcDup__4 |         91 |         37 |      54 |    0 |   100 |      0 |      0 |          0 |
|                     (gen_xpm_memory_fifo.inst_fifo)                                                   |          xdma_ddr3_axi_smc_0_sc_util_v1_0_4_xpm_memory_fifo__parameterized14__xdcDup__4 |          5 |          5 |       0 |    0 |     4 |      0 |      0 |          0 |
|                     gen_mem_rep[0].inst_rd_addrb                                                      |                          xdma_ddr3_axi_smc_0_sc_util_v1_0_4_counter__parameterized0_316 |          4 |          4 |       0 |    0 |     6 |      0 |      0 |          0 |
|                     gen_mem_rep[0].inst_wr_addra                                                      |                          xdma_ddr3_axi_smc_0_sc_util_v1_0_4_counter__parameterized0_317 |          5 |          5 |       0 |    0 |     6 |      0 |      0 |          0 |
|                     gen_mem_rep[0].inst_xpm_memory                                                    |                              xdma_ddr3_axi_smc_0_xpm_memory_sdpram__parameterized12__10 |         54 |          0 |      54 |    0 |    78 |      0 |      0 |          0 |
|                       (gen_mem_rep[0].inst_xpm_memory)                                                |                              xdma_ddr3_axi_smc_0_xpm_memory_sdpram__parameterized12__10 |          0 |          0 |       0 |    0 |     0 |      0 |      0 |          0 |
|                       xpm_memory_base_inst                                                            |                                xdma_ddr3_axi_smc_0_xpm_memory_base__parameterized12__10 |         54 |          0 |      54 |    0 |    78 |      0 |      0 |          0 |
|                     gen_wr.inst_wr_addra_p1                                                           |                          xdma_ddr3_axi_smc_0_sc_util_v1_0_4_counter__parameterized1_318 |         23 |         23 |       0 |    0 |     6 |      0 |      0 |          0 |
|                 gen_normal_area.inst_fifo_send                                                        |                      xdma_ddr3_axi_smc_0_sc_node_v1_0_14_reg_slice3__parameterized2_315 |         12 |         12 |       0 |    0 |    11 |      0 |      0 |          0 |
|               inst_si_handler                                                                         |                      xdma_ddr3_axi_smc_0_sc_node_v1_0_14_si_handler__parameterized5_314 |          1 |          1 |       0 |    0 |     1 |      0 |      0 |          0 |
|               m_sc_xpm_cdc_async_rst_inst                                                             |                                               xdma_ddr3_axi_smc_0_xpm_cdc_async_rst__66 |          1 |          1 |       0 |    0 |     3 |      0 |      0 |          0 |
|               s_sc_xpm_cdc_async_rst_inst                                                             |                                               xdma_ddr3_axi_smc_0_xpm_cdc_async_rst__65 |          1 |          1 |       0 |    0 |     3 |      0 |      0 |          0 |
|           s01_b_node                                                                                  |                                                       xdma_ddr3_axi_smc_0_bd_a1ba_sbn_1 |         83 |         79 |       4 |    0 |    66 |      0 |      0 |          0 |
|             (s01_b_node)                                                                              |                                                       xdma_ddr3_axi_smc_0_bd_a1ba_sbn_1 |          0 |          0 |       0 |    0 |     0 |      0 |      0 |          0 |
|             inst                                                                                      |                     xdma_ddr3_axi_smc_0_sc_node_v1_0_14_top__parameterized16__xdcDup__1 |         83 |         79 |       4 |    0 |    66 |      0 |      0 |          0 |
|               (inst)                                                                                  |                     xdma_ddr3_axi_smc_0_sc_node_v1_0_14_top__parameterized16__xdcDup__1 |          3 |          3 |       0 |    0 |     1 |      0 |      0 |          0 |
|               inst_mi_handler                                                                         |              xdma_ddr3_axi_smc_0_sc_node_v1_0_14_mi_handler__parameterized16__xdcDup__1 |         65 |         61 |       4 |    0 |    48 |      0 |      0 |          0 |
|                 (inst_mi_handler)                                                                     |              xdma_ddr3_axi_smc_0_sc_node_v1_0_14_mi_handler__parameterized16__xdcDup__1 |          0 |          0 |       0 |    0 |     2 |      0 |      0 |          0 |
|                 gen_normal_area.gen_node_prog_full.inst_node_prog_full                                |                                     xdma_ddr3_axi_smc_0_sc_node_v1_0_14_fifo__xdcDup__6 |         34 |         34 |       0 |    0 |    21 |      0 |      0 |          0 |
|                   gen_xpm_memory_fifo.inst_fifo                                                       |                           xdma_ddr3_axi_smc_0_sc_util_v1_0_4_xpm_memory_fifo__xdcDup__6 |         34 |         34 |       0 |    0 |    21 |      0 |      0 |          0 |
|                     (gen_xpm_memory_fifo.inst_fifo)                                                   |                           xdma_ddr3_axi_smc_0_sc_util_v1_0_4_xpm_memory_fifo__xdcDup__6 |          6 |          6 |       0 |    0 |     3 |      0 |      0 |          0 |
|                     gen_mem_rep[0].inst_rd_addrb                                                      |                          xdma_ddr3_axi_smc_0_sc_util_v1_0_4_counter__parameterized0_311 |          6 |          6 |       0 |    0 |     6 |      0 |      0 |          0 |
|                     gen_mem_rep[0].inst_wr_addra                                                      |                          xdma_ddr3_axi_smc_0_sc_util_v1_0_4_counter__parameterized0_312 |          4 |          4 |       0 |    0 |     6 |      0 |      0 |          0 |
|                     gen_wr.inst_wr_addra_p1                                                           |                          xdma_ddr3_axi_smc_0_sc_util_v1_0_4_counter__parameterized1_313 |         18 |         18 |       0 |    0 |     6 |      0 |      0 |          0 |
|                 gen_normal_area.inst_fifo_node_payld                                                  |                    xdma_ddr3_axi_smc_0_sc_node_v1_0_14_fifo__parameterized15__xdcDup__2 |         31 |         27 |       4 |    0 |    23 |      0 |      0 |          0 |
|                   gen_xpm_memory_fifo.inst_fifo                                                       |          xdma_ddr3_axi_smc_0_sc_util_v1_0_4_xpm_memory_fifo__parameterized15__xdcDup__2 |         31 |         27 |       4 |    0 |    23 |      0 |      0 |          0 |
|                     (gen_xpm_memory_fifo.inst_fifo)                                                   |          xdma_ddr3_axi_smc_0_sc_util_v1_0_4_xpm_memory_fifo__parameterized15__xdcDup__2 |          4 |          4 |       0 |    0 |     3 |      0 |      0 |          0 |
|                     gen_mem_rep[0].inst_rd_addrb                                                      |                          xdma_ddr3_axi_smc_0_sc_util_v1_0_4_counter__parameterized0_308 |          6 |          6 |       0 |    0 |     6 |      0 |      0 |          0 |
|                     gen_mem_rep[0].inst_wr_addra                                                      |                          xdma_ddr3_axi_smc_0_sc_util_v1_0_4_counter__parameterized0_309 |          4 |          4 |       0 |    0 |     6 |      0 |      0 |          0 |
|                     gen_mem_rep[0].inst_xpm_memory                                                    |                                  xdma_ddr3_axi_smc_0_xpm_memory_sdpram__parameterized13 |          4 |          0 |       4 |    0 |     2 |      0 |      0 |          0 |
|                       (gen_mem_rep[0].inst_xpm_memory)                                                |                                  xdma_ddr3_axi_smc_0_xpm_memory_sdpram__parameterized13 |          0 |          0 |       0 |    0 |     0 |      0 |      0 |          0 |
|                       xpm_memory_base_inst                                                            |                                    xdma_ddr3_axi_smc_0_xpm_memory_base__parameterized13 |          4 |          0 |       4 |    0 |     2 |      0 |      0 |          0 |
|                     gen_wr.inst_wr_addra_p1                                                           |                          xdma_ddr3_axi_smc_0_sc_util_v1_0_4_counter__parameterized1_310 |         13 |         13 |       0 |    0 |     6 |      0 |      0 |          0 |
|                 inst_ingress                                                                          |                        xdma_ddr3_axi_smc_0_sc_node_v1_0_14_ingress__parameterized11_305 |          0 |          0 |       0 |    0 |     2 |      0 |      0 |          0 |
|                   inst_pipeline_recv                                                                  |                        xdma_ddr3_axi_smc_0_sc_util_v1_0_4_pipeline__parameterized11_306 |          0 |          0 |       0 |    0 |     1 |      0 |      0 |          0 |
|                   inst_pipeline_valid                                                                 |                         xdma_ddr3_axi_smc_0_sc_util_v1_0_4_pipeline__parameterized3_307 |          0 |          0 |       0 |    0 |     1 |      0 |      0 |          0 |
|               inst_si_handler                                                                         |                      xdma_ddr3_axi_smc_0_sc_node_v1_0_14_si_handler__parameterized6_301 |         13 |         13 |       0 |    0 |    11 |      0 |      0 |          0 |
|                 (inst_si_handler)                                                                     |                      xdma_ddr3_axi_smc_0_sc_node_v1_0_14_si_handler__parameterized6_301 |          0 |          0 |       0 |    0 |     1 |      0 |      0 |          0 |
|                 gen_si_handler.gen_arbiter_rr_normal_area.inst_arbiter                                |                      xdma_ddr3_axi_smc_0_sc_node_v1_0_14_arb_alg_rr__parameterized0_302 |          9 |          9 |       0 |    0 |     4 |      0 |      0 |          0 |
|                 gen_si_handler.gen_request_counters.gen_req_counter[0].inst_req_counter               |                                          xdma_ddr3_axi_smc_0_sc_util_v1_0_4_counter_303 |          2 |          2 |       0 |    0 |     3 |      0 |      0 |          0 |
|                 gen_si_handler.gen_request_counters.gen_req_counter[1].inst_req_counter               |                                          xdma_ddr3_axi_smc_0_sc_util_v1_0_4_counter_304 |          2 |          2 |       0 |    0 |     3 |      0 |      0 |          0 |
|               m_sc_xpm_cdc_async_rst_inst                                                             |                                               xdma_ddr3_axi_smc_0_xpm_cdc_async_rst__64 |          1 |          1 |       0 |    0 |     3 |      0 |      0 |          0 |
|               s_sc_xpm_cdc_async_rst_inst                                                             |                                               xdma_ddr3_axi_smc_0_xpm_cdc_async_rst__63 |          1 |          1 |       0 |    0 |     3 |      0 |      0 |          0 |
|           s01_r_node                                                                                  |                                                       xdma_ddr3_axi_smc_0_bd_a1ba_srn_1 |        237 |        145 |      92 |    0 |   199 |      0 |      0 |          0 |
|             (s01_r_node)                                                                              |                                                       xdma_ddr3_axi_smc_0_bd_a1ba_srn_1 |          0 |          0 |       0 |    0 |     0 |      0 |      0 |          0 |
|             inst                                                                                      |                     xdma_ddr3_axi_smc_0_sc_node_v1_0_14_top__parameterized17__xdcDup__1 |        237 |        145 |      92 |    0 |   199 |      0 |      0 |          0 |
|               (inst)                                                                                  |                     xdma_ddr3_axi_smc_0_sc_node_v1_0_14_top__parameterized17__xdcDup__1 |          3 |          3 |       0 |    0 |     1 |      0 |      0 |          0 |
|               inst_mi_handler                                                                         |              xdma_ddr3_axi_smc_0_sc_node_v1_0_14_mi_handler__parameterized17__xdcDup__1 |        219 |        127 |      92 |    0 |   181 |      0 |      0 |          0 |
|                 (inst_mi_handler)                                                                     |              xdma_ddr3_axi_smc_0_sc_node_v1_0_14_mi_handler__parameterized17__xdcDup__1 |          0 |          0 |       0 |    0 |     2 |      0 |      0 |          0 |
|                 gen_normal_area.gen_downsizer.inst_downsizer                                          |                       xdma_ddr3_axi_smc_0_sc_node_v1_0_14_downsizer__parameterized0_291 |          2 |          2 |       0 |    0 |     3 |      0 |      0 |          0 |
|                 gen_normal_area.gen_node_prog_full.inst_node_prog_full                                |                                     xdma_ddr3_axi_smc_0_sc_node_v1_0_14_fifo__xdcDup__7 |         33 |         33 |       0 |    0 |    21 |      0 |      0 |          0 |
|                   gen_xpm_memory_fifo.inst_fifo                                                       |                           xdma_ddr3_axi_smc_0_sc_util_v1_0_4_xpm_memory_fifo__xdcDup__7 |         33 |         33 |       0 |    0 |    21 |      0 |      0 |          0 |
|                     (gen_xpm_memory_fifo.inst_fifo)                                                   |                           xdma_ddr3_axi_smc_0_sc_util_v1_0_4_xpm_memory_fifo__xdcDup__7 |          6 |          6 |       0 |    0 |     3 |      0 |      0 |          0 |
|                     gen_mem_rep[0].inst_rd_addrb                                                      |                          xdma_ddr3_axi_smc_0_sc_util_v1_0_4_counter__parameterized0_298 |          4 |          4 |       0 |    0 |     6 |      0 |      0 |          0 |
|                     gen_mem_rep[0].inst_wr_addra                                                      |                          xdma_ddr3_axi_smc_0_sc_util_v1_0_4_counter__parameterized0_299 |          4 |          4 |       0 |    0 |     6 |      0 |      0 |          0 |
|                     gen_wr.inst_wr_addra_p1                                                           |                          xdma_ddr3_axi_smc_0_sc_util_v1_0_4_counter__parameterized1_300 |         19 |         19 |       0 |    0 |     6 |      0 |      0 |          0 |
|                 gen_normal_area.inst_fifo_node_payld                                                  |                    xdma_ddr3_axi_smc_0_sc_node_v1_0_14_fifo__parameterized16__xdcDup__2 |        184 |         92 |      92 |    0 |   153 |      0 |      0 |          0 |
|                   gen_xpm_memory_fifo.inst_fifo                                                       |          xdma_ddr3_axi_smc_0_sc_util_v1_0_4_xpm_memory_fifo__parameterized16__xdcDup__2 |        184 |         92 |      92 |    0 |   153 |      0 |      0 |          0 |
|                     (gen_xpm_memory_fifo.inst_fifo)                                                   |          xdma_ddr3_axi_smc_0_sc_util_v1_0_4_xpm_memory_fifo__parameterized16__xdcDup__2 |         70 |         70 |       0 |    0 |     3 |      0 |      0 |          0 |
|                     gen_mem_rep[0].inst_rd_addrb                                                      |                          xdma_ddr3_axi_smc_0_sc_util_v1_0_4_counter__parameterized0_295 |          6 |          6 |       0 |    0 |     6 |      0 |      0 |          0 |
|                     gen_mem_rep[0].inst_wr_addra                                                      |                          xdma_ddr3_axi_smc_0_sc_util_v1_0_4_counter__parameterized0_296 |          4 |          4 |       0 |    0 |     6 |      0 |      0 |          0 |
|                     gen_mem_rep[0].inst_xpm_memory                                                    |                                  xdma_ddr3_axi_smc_0_xpm_memory_sdpram__parameterized14 |         92 |          0 |      92 |    0 |   132 |      0 |      0 |          0 |
|                       (gen_mem_rep[0].inst_xpm_memory)                                                |                                  xdma_ddr3_axi_smc_0_xpm_memory_sdpram__parameterized14 |          0 |          0 |       0 |    0 |     0 |      0 |      0 |          0 |
|                       xpm_memory_base_inst                                                            |                                    xdma_ddr3_axi_smc_0_xpm_memory_base__parameterized14 |         92 |          0 |      92 |    0 |   132 |      0 |      0 |          0 |
|                     gen_wr.inst_wr_addra_p1                                                           |                          xdma_ddr3_axi_smc_0_sc_util_v1_0_4_counter__parameterized1_297 |         12 |         12 |       0 |    0 |     6 |      0 |      0 |          0 |
|                 inst_ingress                                                                          |                        xdma_ddr3_axi_smc_0_sc_node_v1_0_14_ingress__parameterized12_292 |          0 |          0 |       0 |    0 |     2 |      0 |      0 |          0 |
|                   inst_pipeline_recv                                                                  |                        xdma_ddr3_axi_smc_0_sc_util_v1_0_4_pipeline__parameterized11_293 |          0 |          0 |       0 |    0 |     1 |      0 |      0 |          0 |
|                   inst_pipeline_valid                                                                 |                         xdma_ddr3_axi_smc_0_sc_util_v1_0_4_pipeline__parameterized3_294 |          0 |          0 |       0 |    0 |     1 |      0 |      0 |          0 |
|               inst_si_handler                                                                         |                     xdma_ddr3_axi_smc_0_sc_node_v1_0_14_si_handler__parameterized10_287 |         13 |         13 |       0 |    0 |    11 |      0 |      0 |          0 |
|                 (inst_si_handler)                                                                     |                     xdma_ddr3_axi_smc_0_sc_node_v1_0_14_si_handler__parameterized10_287 |          0 |          0 |       0 |    0 |     1 |      0 |      0 |          0 |
|                 gen_si_handler.gen_arbiter_rr_normal_area.inst_arbiter                                |                      xdma_ddr3_axi_smc_0_sc_node_v1_0_14_arb_alg_rr__parameterized0_288 |          9 |          9 |       0 |    0 |     4 |      0 |      0 |          0 |
|                 gen_si_handler.gen_request_counters.gen_req_counter[0].inst_req_counter               |                                          xdma_ddr3_axi_smc_0_sc_util_v1_0_4_counter_289 |          2 |          2 |       0 |    0 |     3 |      0 |      0 |          0 |
|                 gen_si_handler.gen_request_counters.gen_req_counter[1].inst_req_counter               |                                          xdma_ddr3_axi_smc_0_sc_util_v1_0_4_counter_290 |          2 |          2 |       0 |    0 |     3 |      0 |      0 |          0 |
|               m_sc_xpm_cdc_async_rst_inst                                                             |                                               xdma_ddr3_axi_smc_0_xpm_cdc_async_rst__62 |          1 |          1 |       0 |    0 |     3 |      0 |      0 |          0 |
|               s_sc_xpm_cdc_async_rst_inst                                                             |                                               xdma_ddr3_axi_smc_0_xpm_cdc_async_rst__61 |          1 |          1 |       0 |    0 |     3 |      0 |      0 |          0 |
|           s01_w_node                                                                                  |                                                       xdma_ddr3_axi_smc_0_bd_a1ba_swn_1 |        209 |        101 |     108 |    0 |   380 |      0 |      0 |          0 |
|             (s01_w_node)                                                                              |                                                       xdma_ddr3_axi_smc_0_bd_a1ba_swn_1 |          0 |          0 |       0 |    0 |     0 |      0 |      0 |          0 |
|             inst                                                                                      |                     xdma_ddr3_axi_smc_0_sc_node_v1_0_14_top__parameterized18__xdcDup__1 |        209 |        101 |     108 |    0 |   380 |      0 |      0 |          0 |
|               (inst)                                                                                  |                     xdma_ddr3_axi_smc_0_sc_node_v1_0_14_top__parameterized18__xdcDup__1 |          3 |          3 |       0 |    0 |     1 |      0 |      0 |          0 |
|               inst_mi_handler                                                                         |              xdma_ddr3_axi_smc_0_sc_node_v1_0_14_mi_handler__parameterized18__xdcDup__1 |        203 |         95 |     108 |    0 |   372 |      0 |      0 |          0 |
|                 (inst_mi_handler)                                                                     |              xdma_ddr3_axi_smc_0_sc_node_v1_0_14_mi_handler__parameterized18__xdcDup__1 |          0 |          0 |       0 |    0 |     2 |      0 |      0 |          0 |
|                 gen_normal_area.gen_fi_regulator.inst_fi_regulator                                    |                                    xdma_ddr3_axi_smc_0_sc_node_v1_0_14_fi_regulator_277 |          1 |          1 |       0 |    0 |     2 |      0 |      0 |          0 |
|                 gen_normal_area.gen_fifo_req.inst_fifo_req                                            |                    xdma_ddr3_axi_smc_0_sc_node_v1_0_14_fifo__parameterized18__xdcDup__1 |         31 |         27 |       4 |    0 |    24 |      0 |      0 |          0 |
|                   gen_xpm_memory_fifo.inst_fifo                                                       |          xdma_ddr3_axi_smc_0_sc_util_v1_0_4_xpm_memory_fifo__parameterized18__xdcDup__1 |         31 |         27 |       4 |    0 |    24 |      0 |      0 |          0 |
|                     (gen_xpm_memory_fifo.inst_fifo)                                                   |          xdma_ddr3_axi_smc_0_sc_util_v1_0_4_xpm_memory_fifo__parameterized18__xdcDup__1 |          5 |          5 |       0 |    0 |     3 |      0 |      0 |          0 |
|                     gen_mem_rep[0].inst_rd_addrb                                                      |                          xdma_ddr3_axi_smc_0_sc_util_v1_0_4_counter__parameterized0_284 |          6 |          6 |       0 |    0 |     6 |      0 |      0 |          0 |
|                     gen_mem_rep[0].inst_wr_addra                                                      |                          xdma_ddr3_axi_smc_0_sc_util_v1_0_4_counter__parameterized0_285 |          4 |          4 |       0 |    0 |     6 |      0 |      0 |          0 |
|                     gen_mem_rep[0].inst_xpm_memory                                                    |                              xdma_ddr3_axi_smc_0_xpm_memory_sdpram__parameterized11__14 |          4 |          0 |       4 |    0 |     3 |      0 |      0 |          0 |
|                       (gen_mem_rep[0].inst_xpm_memory)                                                |                              xdma_ddr3_axi_smc_0_xpm_memory_sdpram__parameterized11__14 |          0 |          0 |       0 |    0 |     0 |      0 |      0 |          0 |
|                       xpm_memory_base_inst                                                            |                                xdma_ddr3_axi_smc_0_xpm_memory_base__parameterized11__14 |          4 |          0 |       4 |    0 |     3 |      0 |      0 |          0 |
|                     gen_wr.inst_wr_addra_p1                                                           |                          xdma_ddr3_axi_smc_0_sc_util_v1_0_4_counter__parameterized1_286 |         12 |         12 |       0 |    0 |     6 |      0 |      0 |          0 |
|                 gen_normal_area.gen_upsizer.inst_upsizer                                              |                         xdma_ddr3_axi_smc_0_sc_node_v1_0_14_upsizer__parameterized0_278 |         24 |         24 |       0 |    0 |   161 |      0 |      0 |          0 |
|                   (gen_normal_area.gen_upsizer.inst_upsizer)                                          |                         xdma_ddr3_axi_smc_0_sc_node_v1_0_14_upsizer__parameterized0_278 |         23 |         23 |       0 |    0 |   156 |      0 |      0 |          0 |
|                   inst_upsizer_target_pipeline                                                        |                        xdma_ddr3_axi_smc_0_sc_util_v1_0_4_pipeline__parameterized12_283 |          1 |          1 |       0 |    0 |     5 |      0 |      0 |          0 |
|                 gen_normal_area.inst_fifo_node_payld                                                  |                    xdma_ddr3_axi_smc_0_sc_node_v1_0_14_fifo__parameterized19__xdcDup__1 |        135 |         31 |     104 |    0 |   172 |      0 |      0 |          0 |
|                   gen_xpm_memory_fifo.inst_fifo                                                       |          xdma_ddr3_axi_smc_0_sc_util_v1_0_4_xpm_memory_fifo__parameterized19__xdcDup__1 |        135 |         31 |     104 |    0 |   172 |      0 |      0 |          0 |
|                     (gen_xpm_memory_fifo.inst_fifo)                                                   |          xdma_ddr3_axi_smc_0_sc_util_v1_0_4_xpm_memory_fifo__parameterized19__xdcDup__1 |          6 |          6 |       0 |    0 |     4 |      0 |      0 |          0 |
|                     gen_mem_rep[0].inst_rd_addrb                                                      |                          xdma_ddr3_axi_smc_0_sc_util_v1_0_4_counter__parameterized0_280 |          4 |          4 |       0 |    0 |     6 |      0 |      0 |          0 |
|                     gen_mem_rep[0].inst_wr_addra                                                      |                          xdma_ddr3_axi_smc_0_sc_util_v1_0_4_counter__parameterized0_281 |          4 |          4 |       0 |    0 |     6 |      0 |      0 |          0 |
|                     gen_mem_rep[0].inst_xpm_memory                                                    |                                  xdma_ddr3_axi_smc_0_xpm_memory_sdpram__parameterized15 |        104 |          0 |     104 |    0 |   150 |      0 |      0 |          0 |
|                       (gen_mem_rep[0].inst_xpm_memory)                                                |                                  xdma_ddr3_axi_smc_0_xpm_memory_sdpram__parameterized15 |          0 |          0 |       0 |    0 |     0 |      0 |      0 |          0 |
|                       xpm_memory_base_inst                                                            |                                    xdma_ddr3_axi_smc_0_xpm_memory_base__parameterized15 |        104 |          0 |     104 |    0 |   150 |      0 |      0 |          0 |
|                     gen_wr.inst_wr_addra_p1                                                           |                          xdma_ddr3_axi_smc_0_sc_util_v1_0_4_counter__parameterized1_282 |         17 |         17 |       0 |    0 |     6 |      0 |      0 |          0 |
|                 gen_normal_area.inst_fifo_send                                                        |                      xdma_ddr3_axi_smc_0_sc_node_v1_0_14_reg_slice3__parameterized2_279 |         12 |         12 |       0 |    0 |    11 |      0 |      0 |          0 |
|               inst_si_handler                                                                         |                      xdma_ddr3_axi_smc_0_sc_node_v1_0_14_si_handler__parameterized8_276 |          1 |          1 |       0 |    0 |     1 |      0 |      0 |          0 |
|               m_sc_xpm_cdc_async_rst_inst                                                             |                                               xdma_ddr3_axi_smc_0_xpm_cdc_async_rst__60 |          1 |          1 |       0 |    0 |     3 |      0 |      0 |          0 |
|               s_sc_xpm_cdc_async_rst_inst                                                             |                                               xdma_ddr3_axi_smc_0_xpm_cdc_async_rst__59 |          1 |          1 |       0 |    0 |     3 |      0 |      0 |          0 |
|         s02_axi2sc                                                                                    |                                                    xdma_ddr3_axi_smc_0_bd_a1ba_s02a2s_0 |          0 |          0 |       0 |    0 |     0 |      0 |      0 |          0 |
|           (s02_axi2sc)                                                                                |                                                    xdma_ddr3_axi_smc_0_bd_a1ba_s02a2s_0 |          0 |          0 |       0 |    0 |     0 |      0 |      0 |          0 |
|           inst                                                                                        |                             xdma_ddr3_axi_smc_0_sc_axi2sc_v1_0_7_top__parameterized0__1 |          0 |          0 |       0 |    0 |     0 |      0 |      0 |          0 |
|         s02_entry_pipeline                                                                            |                                       xdma_ddr3_axi_smc_0_s02_entry_pipeline_imp_WZYT0H |       1538 |       1323 |       0 |  215 |  2047 |      0 |      0 |          0 |
|           s02_mmu                                                                                     |                                                    xdma_ddr3_axi_smc_0_bd_a1ba_s02mmu_0 |        419 |        417 |       0 |    2 |   836 |      0 |      0 |          0 |
|             (s02_mmu)                                                                                 |                                                    xdma_ddr3_axi_smc_0_bd_a1ba_s02mmu_0 |          0 |          0 |       0 |    0 |     0 |      0 |      0 |          0 |
|             inst                                                                                      |                                  xdma_ddr3_axi_smc_0_sc_mmu_v1_0_10_top__parameterized0 |        419 |        417 |       0 |    2 |   836 |      0 |      0 |          0 |
|               (inst)                                                                                  |                                  xdma_ddr3_axi_smc_0_sc_mmu_v1_0_10_top__parameterized0 |          8 |          8 |       0 |    0 |    28 |      0 |      0 |          0 |
|               ar_reg_stall                                                                            |                                    xdma_ddr3_axi_smc_0_sc_util_v1_0_4_axi_reg_stall_267 |         44 |         44 |       0 |    0 |   122 |      0 |      0 |          0 |
|               ar_sreg                                                                                 |                                    xdma_ddr3_axi_smc_0_sc_util_v1_0_4_axi_reg_stall_268 |         54 |         54 |       0 |    0 |   118 |      0 |      0 |          0 |
|               aw_reg_stall                                                                            |                                    xdma_ddr3_axi_smc_0_sc_util_v1_0_4_axi_reg_stall_269 |         41 |         41 |       0 |    0 |   122 |      0 |      0 |          0 |
|               aw_sreg                                                                                 |                                    xdma_ddr3_axi_smc_0_sc_util_v1_0_4_axi_reg_stall_270 |         55 |         55 |       0 |    0 |   118 |      0 |      0 |          0 |
|               b_sreg                                                                                  |                                    xdma_ddr3_axi_smc_0_sc_util_v1_0_4_axi_reg_stall_271 |         11 |         11 |       0 |    0 |     8 |      0 |      0 |          0 |
|               gen_endpoint.decerr_slave_inst                                                          |                         xdma_ddr3_axi_smc_0_sc_mmu_v1_0_10_decerr_slave__parameterized0 |         30 |         30 |       0 |    0 |    17 |      0 |      0 |          0 |
|               gen_wroute_fifo.wroute_fifo                                                             |                    xdma_ddr3_axi_smc_0_sc_util_v1_0_4_axic_reg_srl_fifo__parameterized2 |         15 |         13 |       0 |    2 |    10 |      0 |      0 |          0 |
|                 (gen_wroute_fifo.wroute_fifo)                                                         |                    xdma_ddr3_axi_smc_0_sc_util_v1_0_4_axic_reg_srl_fifo__parameterized2 |         12 |         12 |       0 |    0 |    10 |      0 |      0 |          0 |
|                 gen_srls[0].srl_nx1                                                                   |                          xdma_ddr3_axi_smc_0_sc_util_v1_0_4_srl_rtl__parameterized0_274 |          1 |          0 |       0 |    1 |     0 |      0 |      0 |          0 |
|                 gen_srls[1].srl_nx1                                                                   |                          xdma_ddr3_axi_smc_0_sc_util_v1_0_4_srl_rtl__parameterized0_275 |          2 |          1 |       0 |    1 |     0 |      0 |      0 |          0 |
|               gen_wroute_fifo.wroute_split                                                            |                                         xdma_ddr3_axi_smc_0_sc_util_v1_0_4_axi_splitter |          5 |          5 |       0 |    0 |     2 |      0 |      0 |          0 |
|               r_sreg                                                                                  |                                    xdma_ddr3_axi_smc_0_sc_util_v1_0_4_axi_reg_stall_272 |        107 |        107 |       0 |    0 |   138 |      0 |      0 |          0 |
|               w_sreg                                                                                  |                                    xdma_ddr3_axi_smc_0_sc_util_v1_0_4_axi_reg_stall_273 |         48 |         48 |       0 |    0 |   150 |      0 |      0 |          0 |
|               xpm_cdc_async_rst_inst                                                                  |                                               xdma_ddr3_axi_smc_0_xpm_cdc_async_rst__16 |          1 |          1 |       0 |    0 |     3 |      0 |      0 |          0 |
|           s02_si_converter                                                                            |                                                    xdma_ddr3_axi_smc_0_bd_a1ba_s02sic_0 |        996 |        783 |       0 |  213 |   897 |      0 |      0 |          0 |
|             (s02_si_converter)                                                                        |                                                    xdma_ddr3_axi_smc_0_bd_a1ba_s02sic_0 |          0 |          0 |       0 |    0 |     0 |      0 |      0 |          0 |
|             inst                                                                                      |                         xdma_ddr3_axi_smc_0_sc_si_converter_v1_0_10_top__parameterized0 |        996 |        783 |       0 |  213 |   897 |      0 |      0 |          0 |
|               (inst)                                                                                  |                         xdma_ddr3_axi_smc_0_sc_si_converter_v1_0_10_top__parameterized0 |          1 |          1 |       0 |    0 |     1 |      0 |      0 |          0 |
|               converter.wrap_narrow_inst                                                              |                                 xdma_ddr3_axi_smc_0_sc_si_converter_v1_0_10_wrap_narrow |        955 |        751 |       0 |  204 |   875 |      0 |      0 |          0 |
|                 (converter.wrap_narrow_inst)                                                          |                                 xdma_ddr3_axi_smc_0_sc_si_converter_v1_0_10_wrap_narrow |         89 |         89 |       0 |    0 |   272 |      0 |      0 |          0 |
|                 ar_reg_slice                                                                          |                                     xdma_ddr3_axi_smc_0_sc_util_v1_0_4_axi_reg_stall_61 |        100 |        100 |       0 |    0 |   150 |      0 |      0 |          0 |
|                 aw_reg_slice                                                                          |                                     xdma_ddr3_axi_smc_0_sc_util_v1_0_4_axi_reg_stall_62 |         97 |         97 |       0 |    0 |   148 |      0 |      0 |          0 |
|                 gen_thread_loop[0].r_cmd_fifo                                                         |                    xdma_ddr3_axi_smc_0_sc_util_v1_0_4_axic_reg_srl_fifo__parameterized9 |         92 |         70 |       0 |   22 |    30 |      0 |      0 |          0 |
|                   (gen_thread_loop[0].r_cmd_fifo)                                                     |                    xdma_ddr3_axi_smc_0_sc_util_v1_0_4_axic_reg_srl_fifo__parameterized9 |         40 |         40 |       0 |    0 |    30 |      0 |      0 |          0 |
|                   gen_srls[0].srl_nx1                                                                 |                          xdma_ddr3_axi_smc_0_sc_util_v1_0_4_srl_rtl__parameterized0_245 |          4 |          3 |       0 |    1 |     0 |      0 |      0 |          0 |
|                   gen_srls[10].srl_nx1                                                                |                          xdma_ddr3_axi_smc_0_sc_util_v1_0_4_srl_rtl__parameterized0_246 |          2 |          1 |       0 |    1 |     0 |      0 |      0 |          0 |
|                   gen_srls[11].srl_nx1                                                                |                          xdma_ddr3_axi_smc_0_sc_util_v1_0_4_srl_rtl__parameterized0_247 |          2 |          1 |       0 |    1 |     0 |      0 |      0 |          0 |
|                   gen_srls[12].srl_nx1                                                                |                          xdma_ddr3_axi_smc_0_sc_util_v1_0_4_srl_rtl__parameterized0_248 |          2 |          1 |       0 |    1 |     0 |      0 |      0 |          0 |
|                   gen_srls[13].srl_nx1                                                                |                          xdma_ddr3_axi_smc_0_sc_util_v1_0_4_srl_rtl__parameterized0_249 |          2 |          1 |       0 |    1 |     0 |      0 |      0 |          0 |
|                   gen_srls[14].srl_nx1                                                                |                          xdma_ddr3_axi_smc_0_sc_util_v1_0_4_srl_rtl__parameterized0_250 |          2 |          1 |       0 |    1 |     0 |      0 |      0 |          0 |
|                   gen_srls[15].srl_nx1                                                                |                          xdma_ddr3_axi_smc_0_sc_util_v1_0_4_srl_rtl__parameterized0_251 |          2 |          1 |       0 |    1 |     0 |      0 |      0 |          0 |
|                   gen_srls[16].srl_nx1                                                                |                          xdma_ddr3_axi_smc_0_sc_util_v1_0_4_srl_rtl__parameterized0_252 |          2 |          1 |       0 |    1 |     0 |      0 |      0 |          0 |
|                   gen_srls[17].srl_nx1                                                                |                          xdma_ddr3_axi_smc_0_sc_util_v1_0_4_srl_rtl__parameterized0_253 |          2 |          1 |       0 |    1 |     0 |      0 |      0 |          0 |
|                   gen_srls[18].srl_nx1                                                                |                          xdma_ddr3_axi_smc_0_sc_util_v1_0_4_srl_rtl__parameterized0_254 |          2 |          1 |       0 |    1 |     0 |      0 |      0 |          0 |
|                   gen_srls[19].srl_nx1                                                                |                          xdma_ddr3_axi_smc_0_sc_util_v1_0_4_srl_rtl__parameterized0_255 |          3 |          2 |       0 |    1 |     0 |      0 |      0 |          0 |
|                   gen_srls[1].srl_nx1                                                                 |                          xdma_ddr3_axi_smc_0_sc_util_v1_0_4_srl_rtl__parameterized0_256 |          4 |          3 |       0 |    1 |     0 |      0 |      0 |          0 |
|                   gen_srls[20].srl_nx1                                                                |                          xdma_ddr3_axi_smc_0_sc_util_v1_0_4_srl_rtl__parameterized0_257 |          3 |          2 |       0 |    1 |     0 |      0 |      0 |          0 |
|                   gen_srls[21].srl_nx1                                                                |                          xdma_ddr3_axi_smc_0_sc_util_v1_0_4_srl_rtl__parameterized0_258 |          4 |          3 |       0 |    1 |     0 |      0 |      0 |          0 |
|                   gen_srls[2].srl_nx1                                                                 |                          xdma_ddr3_axi_smc_0_sc_util_v1_0_4_srl_rtl__parameterized0_259 |          2 |          1 |       0 |    1 |     0 |      0 |      0 |          0 |
|                   gen_srls[3].srl_nx1                                                                 |                          xdma_ddr3_axi_smc_0_sc_util_v1_0_4_srl_rtl__parameterized0_260 |          2 |          1 |       0 |    1 |     0 |      0 |      0 |          0 |
|                   gen_srls[4].srl_nx1                                                                 |                          xdma_ddr3_axi_smc_0_sc_util_v1_0_4_srl_rtl__parameterized0_261 |          2 |          1 |       0 |    1 |     0 |      0 |      0 |          0 |
|                   gen_srls[5].srl_nx1                                                                 |                          xdma_ddr3_axi_smc_0_sc_util_v1_0_4_srl_rtl__parameterized0_262 |          2 |          1 |       0 |    1 |     0 |      0 |      0 |          0 |
|                   gen_srls[6].srl_nx1                                                                 |                          xdma_ddr3_axi_smc_0_sc_util_v1_0_4_srl_rtl__parameterized0_263 |          2 |          1 |       0 |    1 |     0 |      0 |      0 |          0 |
|                   gen_srls[7].srl_nx1                                                                 |                          xdma_ddr3_axi_smc_0_sc_util_v1_0_4_srl_rtl__parameterized0_264 |          2 |          1 |       0 |    1 |     0 |      0 |      0 |          0 |
|                   gen_srls[8].srl_nx1                                                                 |                          xdma_ddr3_axi_smc_0_sc_util_v1_0_4_srl_rtl__parameterized0_265 |          2 |          1 |       0 |    1 |     0 |      0 |      0 |          0 |
|                   gen_srls[9].srl_nx1                                                                 |                          xdma_ddr3_axi_smc_0_sc_util_v1_0_4_srl_rtl__parameterized0_266 |          2 |          1 |       0 |    1 |     0 |      0 |      0 |          0 |
|                 gen_thread_loop[0].r_payld_fifo                                                       |                                 xdma_ddr3_axi_smc_0_sc_si_converter_v1_0_10_offset_fifo |        228 |        150 |       0 |   78 |   120 |      0 |      0 |          0 |
|                   (gen_thread_loop[0].r_payld_fifo)                                                   |                                 xdma_ddr3_axi_smc_0_sc_si_converter_v1_0_10_offset_fifo |         70 |         70 |       0 |    0 |   100 |      0 |      0 |          0 |
|                   cmd_fifo                                                                            |               xdma_ddr3_axi_smc_0_sc_util_v1_0_4_axic_reg_srl_fifo__parameterized10_166 |         86 |         74 |       0 |   12 |    20 |      0 |      0 |          0 |
|                     (cmd_fifo)                                                                        |               xdma_ddr3_axi_smc_0_sc_util_v1_0_4_axic_reg_srl_fifo__parameterized10_166 |         57 |         57 |       0 |    0 |    20 |      0 |      0 |          0 |
|                     gen_srls[0].srl_nx1                                                               |                          xdma_ddr3_axi_smc_0_sc_util_v1_0_4_srl_rtl__parameterized0_233 |          2 |          1 |       0 |    1 |     0 |      0 |      0 |          0 |
|                     gen_srls[10].srl_nx1                                                              |                          xdma_ddr3_axi_smc_0_sc_util_v1_0_4_srl_rtl__parameterized0_234 |          3 |          2 |       0 |    1 |     0 |      0 |      0 |          0 |
|                     gen_srls[11].srl_nx1                                                              |                          xdma_ddr3_axi_smc_0_sc_util_v1_0_4_srl_rtl__parameterized0_235 |          4 |          3 |       0 |    1 |     0 |      0 |      0 |          0 |
|                     gen_srls[1].srl_nx1                                                               |                          xdma_ddr3_axi_smc_0_sc_util_v1_0_4_srl_rtl__parameterized0_236 |          2 |          1 |       0 |    1 |     0 |      0 |      0 |          0 |
|                     gen_srls[2].srl_nx1                                                               |                          xdma_ddr3_axi_smc_0_sc_util_v1_0_4_srl_rtl__parameterized0_237 |          2 |          1 |       0 |    1 |     0 |      0 |      0 |          0 |
|                     gen_srls[3].srl_nx1                                                               |                          xdma_ddr3_axi_smc_0_sc_util_v1_0_4_srl_rtl__parameterized0_238 |          2 |          1 |       0 |    1 |     0 |      0 |      0 |          0 |
|                     gen_srls[4].srl_nx1                                                               |                          xdma_ddr3_axi_smc_0_sc_util_v1_0_4_srl_rtl__parameterized0_239 |          2 |          1 |       0 |    1 |     0 |      0 |      0 |          0 |
|                     gen_srls[5].srl_nx1                                                               |                          xdma_ddr3_axi_smc_0_sc_util_v1_0_4_srl_rtl__parameterized0_240 |          2 |          1 |       0 |    1 |     0 |      0 |      0 |          0 |
|                     gen_srls[6].srl_nx1                                                               |                          xdma_ddr3_axi_smc_0_sc_util_v1_0_4_srl_rtl__parameterized0_241 |          2 |          1 |       0 |    1 |     0 |      0 |      0 |          0 |
|                     gen_srls[7].srl_nx1                                                               |                          xdma_ddr3_axi_smc_0_sc_util_v1_0_4_srl_rtl__parameterized0_242 |          2 |          1 |       0 |    1 |     0 |      0 |      0 |          0 |
|                     gen_srls[8].srl_nx1                                                               |                          xdma_ddr3_axi_smc_0_sc_util_v1_0_4_srl_rtl__parameterized0_243 |          3 |          2 |       0 |    1 |     0 |      0 |      0 |          0 |
|                     gen_srls[9].srl_nx1                                                               |                          xdma_ddr3_axi_smc_0_sc_util_v1_0_4_srl_rtl__parameterized0_244 |          3 |          2 |       0 |    1 |     0 |      0 |      0 |          0 |
|                   gen_srls[10].srl_nx1                                                                |                                          xdma_ddr3_axi_smc_0_sc_util_v1_0_4_srl_rtl_167 |          1 |          0 |       0 |    1 |     0 |      0 |      0 |          0 |
|                   gen_srls[11].srl_nx1                                                                |                                          xdma_ddr3_axi_smc_0_sc_util_v1_0_4_srl_rtl_168 |          1 |          0 |       0 |    1 |     0 |      0 |      0 |          0 |
|                   gen_srls[12].srl_nx1                                                                |                                          xdma_ddr3_axi_smc_0_sc_util_v1_0_4_srl_rtl_169 |          1 |          0 |       0 |    1 |     0 |      0 |      0 |          0 |
|                   gen_srls[13].srl_nx1                                                                |                                          xdma_ddr3_axi_smc_0_sc_util_v1_0_4_srl_rtl_170 |          1 |          0 |       0 |    1 |     0 |      0 |      0 |          0 |
|                   gen_srls[14].srl_nx1                                                                |                                          xdma_ddr3_axi_smc_0_sc_util_v1_0_4_srl_rtl_171 |          1 |          0 |       0 |    1 |     0 |      0 |      0 |          0 |
|                   gen_srls[15].srl_nx1                                                                |                                          xdma_ddr3_axi_smc_0_sc_util_v1_0_4_srl_rtl_172 |          1 |          0 |       0 |    1 |     0 |      0 |      0 |          0 |
|                   gen_srls[16].srl_nx1                                                                |                                          xdma_ddr3_axi_smc_0_sc_util_v1_0_4_srl_rtl_173 |          1 |          0 |       0 |    1 |     0 |      0 |      0 |          0 |
|                   gen_srls[17].srl_nx1                                                                |                                          xdma_ddr3_axi_smc_0_sc_util_v1_0_4_srl_rtl_174 |          1 |          0 |       0 |    1 |     0 |      0 |      0 |          0 |
|                   gen_srls[18].srl_nx1                                                                |                                          xdma_ddr3_axi_smc_0_sc_util_v1_0_4_srl_rtl_175 |          1 |          0 |       0 |    1 |     0 |      0 |      0 |          0 |
|                   gen_srls[19].srl_nx1                                                                |                                          xdma_ddr3_axi_smc_0_sc_util_v1_0_4_srl_rtl_176 |          1 |          0 |       0 |    1 |     0 |      0 |      0 |          0 |
|                   gen_srls[20].srl_nx1                                                                |                                          xdma_ddr3_axi_smc_0_sc_util_v1_0_4_srl_rtl_177 |          1 |          0 |       0 |    1 |     0 |      0 |      0 |          0 |
|                   gen_srls[21].srl_nx1                                                                |                                          xdma_ddr3_axi_smc_0_sc_util_v1_0_4_srl_rtl_178 |          1 |          0 |       0 |    1 |     0 |      0 |      0 |          0 |
|                   gen_srls[22].srl_nx1                                                                |                                          xdma_ddr3_axi_smc_0_sc_util_v1_0_4_srl_rtl_179 |          1 |          0 |       0 |    1 |     0 |      0 |      0 |          0 |
|                   gen_srls[23].srl_nx1                                                                |                                          xdma_ddr3_axi_smc_0_sc_util_v1_0_4_srl_rtl_180 |          1 |          0 |       0 |    1 |     0 |      0 |      0 |          0 |
|                   gen_srls[24].srl_nx1                                                                |                                          xdma_ddr3_axi_smc_0_sc_util_v1_0_4_srl_rtl_181 |          1 |          0 |       0 |    1 |     0 |      0 |      0 |          0 |
|                   gen_srls[25].srl_nx1                                                                |                                          xdma_ddr3_axi_smc_0_sc_util_v1_0_4_srl_rtl_182 |          1 |          0 |       0 |    1 |     0 |      0 |      0 |          0 |
|                   gen_srls[26].srl_nx1                                                                |                                          xdma_ddr3_axi_smc_0_sc_util_v1_0_4_srl_rtl_183 |          1 |          0 |       0 |    1 |     0 |      0 |      0 |          0 |
|                   gen_srls[27].srl_nx1                                                                |                                          xdma_ddr3_axi_smc_0_sc_util_v1_0_4_srl_rtl_184 |          1 |          0 |       0 |    1 |     0 |      0 |      0 |          0 |
|                   gen_srls[28].srl_nx1                                                                |                                          xdma_ddr3_axi_smc_0_sc_util_v1_0_4_srl_rtl_185 |          1 |          0 |       0 |    1 |     0 |      0 |      0 |          0 |
|                   gen_srls[29].srl_nx1                                                                |                                          xdma_ddr3_axi_smc_0_sc_util_v1_0_4_srl_rtl_186 |          1 |          0 |       0 |    1 |     0 |      0 |      0 |          0 |
|                   gen_srls[30].srl_nx1                                                                |                                          xdma_ddr3_axi_smc_0_sc_util_v1_0_4_srl_rtl_187 |          1 |          0 |       0 |    1 |     0 |      0 |      0 |          0 |
|                   gen_srls[31].srl_nx1                                                                |                                          xdma_ddr3_axi_smc_0_sc_util_v1_0_4_srl_rtl_188 |          1 |          0 |       0 |    1 |     0 |      0 |      0 |          0 |
|                   gen_srls[32].srl_nx1                                                                |                                          xdma_ddr3_axi_smc_0_sc_util_v1_0_4_srl_rtl_189 |          1 |          0 |       0 |    1 |     0 |      0 |      0 |          0 |
|                   gen_srls[33].srl_nx1                                                                |                                          xdma_ddr3_axi_smc_0_sc_util_v1_0_4_srl_rtl_190 |          1 |          0 |       0 |    1 |     0 |      0 |      0 |          0 |
|                   gen_srls[34].srl_nx1                                                                |                                          xdma_ddr3_axi_smc_0_sc_util_v1_0_4_srl_rtl_191 |          1 |          0 |       0 |    1 |     0 |      0 |      0 |          0 |
|                   gen_srls[35].srl_nx1                                                                |                                          xdma_ddr3_axi_smc_0_sc_util_v1_0_4_srl_rtl_192 |          1 |          0 |       0 |    1 |     0 |      0 |      0 |          0 |
|                   gen_srls[36].srl_nx1                                                                |                                          xdma_ddr3_axi_smc_0_sc_util_v1_0_4_srl_rtl_193 |          1 |          0 |       0 |    1 |     0 |      0 |      0 |          0 |
|                   gen_srls[37].srl_nx1                                                                |                                          xdma_ddr3_axi_smc_0_sc_util_v1_0_4_srl_rtl_194 |          1 |          0 |       0 |    1 |     0 |      0 |      0 |          0 |
|                   gen_srls[38].srl_nx1                                                                |                                          xdma_ddr3_axi_smc_0_sc_util_v1_0_4_srl_rtl_195 |          1 |          0 |       0 |    1 |     0 |      0 |      0 |          0 |
|                   gen_srls[39].srl_nx1                                                                |                                          xdma_ddr3_axi_smc_0_sc_util_v1_0_4_srl_rtl_196 |          1 |          0 |       0 |    1 |     0 |      0 |      0 |          0 |
|                   gen_srls[40].srl_nx1                                                                |                                          xdma_ddr3_axi_smc_0_sc_util_v1_0_4_srl_rtl_197 |          1 |          0 |       0 |    1 |     0 |      0 |      0 |          0 |
|                   gen_srls[41].srl_nx1                                                                |                                          xdma_ddr3_axi_smc_0_sc_util_v1_0_4_srl_rtl_198 |          1 |          0 |       0 |    1 |     0 |      0 |      0 |          0 |
|                   gen_srls[42].srl_nx1                                                                |                                          xdma_ddr3_axi_smc_0_sc_util_v1_0_4_srl_rtl_199 |          1 |          0 |       0 |    1 |     0 |      0 |      0 |          0 |
|                   gen_srls[43].srl_nx1                                                                |                                          xdma_ddr3_axi_smc_0_sc_util_v1_0_4_srl_rtl_200 |          1 |          0 |       0 |    1 |     0 |      0 |      0 |          0 |
|                   gen_srls[44].srl_nx1                                                                |                                          xdma_ddr3_axi_smc_0_sc_util_v1_0_4_srl_rtl_201 |          1 |          0 |       0 |    1 |     0 |      0 |      0 |          0 |
|                   gen_srls[45].srl_nx1                                                                |                                          xdma_ddr3_axi_smc_0_sc_util_v1_0_4_srl_rtl_202 |          1 |          0 |       0 |    1 |     0 |      0 |      0 |          0 |
|                   gen_srls[46].srl_nx1                                                                |                                          xdma_ddr3_axi_smc_0_sc_util_v1_0_4_srl_rtl_203 |          1 |          0 |       0 |    1 |     0 |      0 |      0 |          0 |
|                   gen_srls[47].srl_nx1                                                                |                                          xdma_ddr3_axi_smc_0_sc_util_v1_0_4_srl_rtl_204 |          1 |          0 |       0 |    1 |     0 |      0 |      0 |          0 |
|                   gen_srls[48].srl_nx1                                                                |                                          xdma_ddr3_axi_smc_0_sc_util_v1_0_4_srl_rtl_205 |          1 |          0 |       0 |    1 |     0 |      0 |      0 |          0 |
|                   gen_srls[49].srl_nx1                                                                |                                          xdma_ddr3_axi_smc_0_sc_util_v1_0_4_srl_rtl_206 |          1 |          0 |       0 |    1 |     0 |      0 |      0 |          0 |
|                   gen_srls[50].srl_nx1                                                                |                                          xdma_ddr3_axi_smc_0_sc_util_v1_0_4_srl_rtl_207 |          1 |          0 |       0 |    1 |     0 |      0 |      0 |          0 |
|                   gen_srls[51].srl_nx1                                                                |                                          xdma_ddr3_axi_smc_0_sc_util_v1_0_4_srl_rtl_208 |          1 |          0 |       0 |    1 |     0 |      0 |      0 |          0 |
|                   gen_srls[52].srl_nx1                                                                |                                          xdma_ddr3_axi_smc_0_sc_util_v1_0_4_srl_rtl_209 |          1 |          0 |       0 |    1 |     0 |      0 |      0 |          0 |
|                   gen_srls[53].srl_nx1                                                                |                                          xdma_ddr3_axi_smc_0_sc_util_v1_0_4_srl_rtl_210 |          1 |          0 |       0 |    1 |     0 |      0 |      0 |          0 |
|                   gen_srls[54].srl_nx1                                                                |                                          xdma_ddr3_axi_smc_0_sc_util_v1_0_4_srl_rtl_211 |          1 |          0 |       0 |    1 |     0 |      0 |      0 |          0 |
|                   gen_srls[55].srl_nx1                                                                |                                          xdma_ddr3_axi_smc_0_sc_util_v1_0_4_srl_rtl_212 |          1 |          0 |       0 |    1 |     0 |      0 |      0 |          0 |
|                   gen_srls[56].srl_nx1                                                                |                                          xdma_ddr3_axi_smc_0_sc_util_v1_0_4_srl_rtl_213 |          1 |          0 |       0 |    1 |     0 |      0 |      0 |          0 |
|                   gen_srls[57].srl_nx1                                                                |                                          xdma_ddr3_axi_smc_0_sc_util_v1_0_4_srl_rtl_214 |          1 |          0 |       0 |    1 |     0 |      0 |      0 |          0 |
|                   gen_srls[58].srl_nx1                                                                |                                          xdma_ddr3_axi_smc_0_sc_util_v1_0_4_srl_rtl_215 |          1 |          0 |       0 |    1 |     0 |      0 |      0 |          0 |
|                   gen_srls[59].srl_nx1                                                                |                                          xdma_ddr3_axi_smc_0_sc_util_v1_0_4_srl_rtl_216 |          1 |          0 |       0 |    1 |     0 |      0 |      0 |          0 |
|                   gen_srls[60].srl_nx1                                                                |                                          xdma_ddr3_axi_smc_0_sc_util_v1_0_4_srl_rtl_217 |          1 |          0 |       0 |    1 |     0 |      0 |      0 |          0 |
|                   gen_srls[61].srl_nx1                                                                |                                          xdma_ddr3_axi_smc_0_sc_util_v1_0_4_srl_rtl_218 |          1 |          0 |       0 |    1 |     0 |      0 |      0 |          0 |
|                   gen_srls[62].srl_nx1                                                                |                                          xdma_ddr3_axi_smc_0_sc_util_v1_0_4_srl_rtl_219 |          1 |          0 |       0 |    1 |     0 |      0 |      0 |          0 |
|                   gen_srls[63].srl_nx1                                                                |                                          xdma_ddr3_axi_smc_0_sc_util_v1_0_4_srl_rtl_220 |          1 |          0 |       0 |    1 |     0 |      0 |      0 |          0 |
|                   gen_srls[64].srl_nx1                                                                |                                          xdma_ddr3_axi_smc_0_sc_util_v1_0_4_srl_rtl_221 |          1 |          0 |       0 |    1 |     0 |      0 |      0 |          0 |
|                   gen_srls[65].srl_nx1                                                                |                                          xdma_ddr3_axi_smc_0_sc_util_v1_0_4_srl_rtl_222 |          1 |          0 |       0 |    1 |     0 |      0 |      0 |          0 |
|                   gen_srls[66].srl_nx1                                                                |                                          xdma_ddr3_axi_smc_0_sc_util_v1_0_4_srl_rtl_223 |          1 |          0 |       0 |    1 |     0 |      0 |      0 |          0 |
|                   gen_srls[67].srl_nx1                                                                |                                          xdma_ddr3_axi_smc_0_sc_util_v1_0_4_srl_rtl_224 |          1 |          0 |       0 |    1 |     0 |      0 |      0 |          0 |
|                   gen_srls[68].srl_nx1                                                                |                                          xdma_ddr3_axi_smc_0_sc_util_v1_0_4_srl_rtl_225 |          1 |          0 |       0 |    1 |     0 |      0 |      0 |          0 |
|                   gen_srls[69].srl_nx1                                                                |                                          xdma_ddr3_axi_smc_0_sc_util_v1_0_4_srl_rtl_226 |          1 |          0 |       0 |    1 |     0 |      0 |      0 |          0 |
|                   gen_srls[70].srl_nx1                                                                |                                          xdma_ddr3_axi_smc_0_sc_util_v1_0_4_srl_rtl_227 |          1 |          0 |       0 |    1 |     0 |      0 |      0 |          0 |
|                   gen_srls[71].srl_nx1                                                                |                                          xdma_ddr3_axi_smc_0_sc_util_v1_0_4_srl_rtl_228 |          1 |          0 |       0 |    1 |     0 |      0 |      0 |          0 |
|                   gen_srls[74].srl_nx1                                                                |                                          xdma_ddr3_axi_smc_0_sc_util_v1_0_4_srl_rtl_229 |          1 |          0 |       0 |    1 |     0 |      0 |      0 |          0 |
|                   gen_srls[75].srl_nx1                                                                |                                          xdma_ddr3_axi_smc_0_sc_util_v1_0_4_srl_rtl_230 |          6 |          5 |       0 |    1 |     0 |      0 |      0 |          0 |
|                   gen_srls[8].srl_nx1                                                                 |                                          xdma_ddr3_axi_smc_0_sc_util_v1_0_4_srl_rtl_231 |          2 |          1 |       0 |    1 |     0 |      0 |      0 |          0 |
|                   gen_srls[9].srl_nx1                                                                 |                                          xdma_ddr3_axi_smc_0_sc_util_v1_0_4_srl_rtl_232 |          1 |          0 |       0 |    1 |     0 |      0 |      0 |          0 |
|                 w_cmd_fifo                                                                            |                   xdma_ddr3_axi_smc_0_sc_util_v1_0_4_axic_reg_srl_fifo__parameterized11 |        124 |        106 |       0 |   18 |    26 |      0 |      0 |          0 |
|                   (w_cmd_fifo)                                                                        |                   xdma_ddr3_axi_smc_0_sc_util_v1_0_4_axic_reg_srl_fifo__parameterized11 |         81 |         81 |       0 |    0 |    26 |      0 |      0 |          0 |
|                   gen_srls[0].srl_nx1                                                                 |                          xdma_ddr3_axi_smc_0_sc_util_v1_0_4_srl_rtl__parameterized0_148 |          2 |          1 |       0 |    1 |     0 |      0 |      0 |          0 |
|                   gen_srls[10].srl_nx1                                                                |                          xdma_ddr3_axi_smc_0_sc_util_v1_0_4_srl_rtl__parameterized0_149 |          2 |          1 |       0 |    1 |     0 |      0 |      0 |          0 |
|                   gen_srls[11].srl_nx1                                                                |                          xdma_ddr3_axi_smc_0_sc_util_v1_0_4_srl_rtl__parameterized0_150 |          2 |          1 |       0 |    1 |     0 |      0 |      0 |          0 |
|                   gen_srls[12].srl_nx1                                                                |                          xdma_ddr3_axi_smc_0_sc_util_v1_0_4_srl_rtl__parameterized0_151 |          3 |          2 |       0 |    1 |     0 |      0 |      0 |          0 |
|                   gen_srls[13].srl_nx1                                                                |                          xdma_ddr3_axi_smc_0_sc_util_v1_0_4_srl_rtl__parameterized0_152 |          3 |          2 |       0 |    1 |     0 |      0 |      0 |          0 |
|                   gen_srls[14].srl_nx1                                                                |                          xdma_ddr3_axi_smc_0_sc_util_v1_0_4_srl_rtl__parameterized0_153 |          3 |          2 |       0 |    1 |     0 |      0 |      0 |          0 |
|                   gen_srls[15].srl_nx1                                                                |                          xdma_ddr3_axi_smc_0_sc_util_v1_0_4_srl_rtl__parameterized0_154 |          3 |          2 |       0 |    1 |     0 |      0 |      0 |          0 |
|                   gen_srls[16].srl_nx1                                                                |                          xdma_ddr3_axi_smc_0_sc_util_v1_0_4_srl_rtl__parameterized0_155 |          3 |          2 |       0 |    1 |     0 |      0 |      0 |          0 |
|                   gen_srls[17].srl_nx1                                                                |                          xdma_ddr3_axi_smc_0_sc_util_v1_0_4_srl_rtl__parameterized0_156 |          4 |          3 |       0 |    1 |     0 |      0 |      0 |          0 |
|                   gen_srls[1].srl_nx1                                                                 |                          xdma_ddr3_axi_smc_0_sc_util_v1_0_4_srl_rtl__parameterized0_157 |          2 |          1 |       0 |    1 |     0 |      0 |      0 |          0 |
|                   gen_srls[2].srl_nx1                                                                 |                          xdma_ddr3_axi_smc_0_sc_util_v1_0_4_srl_rtl__parameterized0_158 |          2 |          1 |       0 |    1 |     0 |      0 |      0 |          0 |
|                   gen_srls[3].srl_nx1                                                                 |                          xdma_ddr3_axi_smc_0_sc_util_v1_0_4_srl_rtl__parameterized0_159 |          2 |          1 |       0 |    1 |     0 |      0 |      0 |          0 |
|                   gen_srls[4].srl_nx1                                                                 |                          xdma_ddr3_axi_smc_0_sc_util_v1_0_4_srl_rtl__parameterized0_160 |          2 |          1 |       0 |    1 |     0 |      0 |      0 |          0 |
|                   gen_srls[5].srl_nx1                                                                 |                          xdma_ddr3_axi_smc_0_sc_util_v1_0_4_srl_rtl__parameterized0_161 |          2 |          1 |       0 |    1 |     0 |      0 |      0 |          0 |
|                   gen_srls[6].srl_nx1                                                                 |                          xdma_ddr3_axi_smc_0_sc_util_v1_0_4_srl_rtl__parameterized0_162 |          2 |          1 |       0 |    1 |     0 |      0 |      0 |          0 |
|                   gen_srls[7].srl_nx1                                                                 |                          xdma_ddr3_axi_smc_0_sc_util_v1_0_4_srl_rtl__parameterized0_163 |          2 |          1 |       0 |    1 |     0 |      0 |      0 |          0 |
|                   gen_srls[8].srl_nx1                                                                 |                          xdma_ddr3_axi_smc_0_sc_util_v1_0_4_srl_rtl__parameterized0_164 |          2 |          1 |       0 |    1 |     0 |      0 |      0 |          0 |
|                   gen_srls[9].srl_nx1                                                                 |                          xdma_ddr3_axi_smc_0_sc_util_v1_0_4_srl_rtl__parameterized0_165 |          2 |          1 |       0 |    1 |     0 |      0 |      0 |          0 |
|                 w_payld_fifo                                                                          |                 xdma_ddr3_axi_smc_0_sc_si_converter_v1_0_10_offset_fifo__parameterized0 |        225 |        139 |       0 |   86 |   129 |      0 |      0 |          0 |
|                   (w_payld_fifo)                                                                      |                 xdma_ddr3_axi_smc_0_sc_si_converter_v1_0_10_offset_fifo__parameterized0 |         39 |         39 |       0 |    0 |   109 |      0 |      0 |          0 |
|                   cmd_fifo                                                                            |                   xdma_ddr3_axi_smc_0_sc_util_v1_0_4_axic_reg_srl_fifo__parameterized10 |        106 |         94 |       0 |   12 |    20 |      0 |      0 |          0 |
|                     (cmd_fifo)                                                                        |                   xdma_ddr3_axi_smc_0_sc_util_v1_0_4_axic_reg_srl_fifo__parameterized10 |         45 |         45 |       0 |    0 |    20 |      0 |      0 |          0 |
|                     gen_srls[0].srl_nx1                                                               |                          xdma_ddr3_axi_smc_0_sc_util_v1_0_4_srl_rtl__parameterized0_136 |          4 |          3 |       0 |    1 |     0 |      0 |      0 |          0 |
|                     gen_srls[10].srl_nx1                                                              |                          xdma_ddr3_axi_smc_0_sc_util_v1_0_4_srl_rtl__parameterized0_137 |          9 |          8 |       0 |    1 |     0 |      0 |      0 |          0 |
|                     gen_srls[11].srl_nx1                                                              |                          xdma_ddr3_axi_smc_0_sc_util_v1_0_4_srl_rtl__parameterized0_138 |         13 |         12 |       0 |    1 |     0 |      0 |      0 |          0 |
|                     gen_srls[1].srl_nx1                                                               |                          xdma_ddr3_axi_smc_0_sc_util_v1_0_4_srl_rtl__parameterized0_139 |          9 |          8 |       0 |    1 |     0 |      0 |      0 |          0 |
|                     gen_srls[2].srl_nx1                                                               |                          xdma_ddr3_axi_smc_0_sc_util_v1_0_4_srl_rtl__parameterized0_140 |          2 |          1 |       0 |    1 |     0 |      0 |      0 |          0 |
|                     gen_srls[3].srl_nx1                                                               |                          xdma_ddr3_axi_smc_0_sc_util_v1_0_4_srl_rtl__parameterized0_141 |          4 |          3 |       0 |    1 |     0 |      0 |      0 |          0 |
|                     gen_srls[4].srl_nx1                                                               |                          xdma_ddr3_axi_smc_0_sc_util_v1_0_4_srl_rtl__parameterized0_142 |          3 |          2 |       0 |    1 |     0 |      0 |      0 |          0 |
|                     gen_srls[5].srl_nx1                                                               |                          xdma_ddr3_axi_smc_0_sc_util_v1_0_4_srl_rtl__parameterized0_143 |          3 |          2 |       0 |    1 |     0 |      0 |      0 |          0 |
|                     gen_srls[6].srl_nx1                                                               |                          xdma_ddr3_axi_smc_0_sc_util_v1_0_4_srl_rtl__parameterized0_144 |          3 |          2 |       0 |    1 |     0 |      0 |      0 |          0 |
|                     gen_srls[7].srl_nx1                                                               |                          xdma_ddr3_axi_smc_0_sc_util_v1_0_4_srl_rtl__parameterized0_145 |          3 |          2 |       0 |    1 |     0 |      0 |      0 |          0 |
|                     gen_srls[8].srl_nx1                                                               |                          xdma_ddr3_axi_smc_0_sc_util_v1_0_4_srl_rtl__parameterized0_146 |          3 |          2 |       0 |    1 |     0 |      0 |      0 |          0 |
|                     gen_srls[9].srl_nx1                                                               |                          xdma_ddr3_axi_smc_0_sc_util_v1_0_4_srl_rtl__parameterized0_147 |          5 |          4 |       0 |    1 |     0 |      0 |      0 |          0 |
|                   gen_srls[0].srl_nx1                                                                 |                                              xdma_ddr3_axi_smc_0_sc_util_v1_0_4_srl_rtl |          2 |          1 |       0 |    1 |     0 |      0 |      0 |          0 |
|                   gen_srls[100].srl_nx1                                                               |                                           xdma_ddr3_axi_smc_0_sc_util_v1_0_4_srl_rtl_63 |          1 |          0 |       0 |    1 |     0 |      0 |      0 |          0 |
|                   gen_srls[101].srl_nx1                                                               |                                           xdma_ddr3_axi_smc_0_sc_util_v1_0_4_srl_rtl_64 |          1 |          0 |       0 |    1 |     0 |      0 |      0 |          0 |
|                   gen_srls[102].srl_nx1                                                               |                                           xdma_ddr3_axi_smc_0_sc_util_v1_0_4_srl_rtl_65 |          1 |          0 |       0 |    1 |     0 |      0 |      0 |          0 |
|                   gen_srls[103].srl_nx1                                                               |                                           xdma_ddr3_axi_smc_0_sc_util_v1_0_4_srl_rtl_66 |          1 |          0 |       0 |    1 |     0 |      0 |      0 |          0 |
|                   gen_srls[104].srl_nx1                                                               |                                           xdma_ddr3_axi_smc_0_sc_util_v1_0_4_srl_rtl_67 |          1 |          0 |       0 |    1 |     0 |      0 |      0 |          0 |
|                   gen_srls[105].srl_nx1                                                               |                                           xdma_ddr3_axi_smc_0_sc_util_v1_0_4_srl_rtl_68 |          1 |          0 |       0 |    1 |     0 |      0 |      0 |          0 |
|                   gen_srls[106].srl_nx1                                                               |                                           xdma_ddr3_axi_smc_0_sc_util_v1_0_4_srl_rtl_69 |          1 |          0 |       0 |    1 |     0 |      0 |      0 |          0 |
|                   gen_srls[107].srl_nx1                                                               |                                           xdma_ddr3_axi_smc_0_sc_util_v1_0_4_srl_rtl_70 |          1 |          0 |       0 |    1 |     0 |      0 |      0 |          0 |
|                   gen_srls[108].srl_nx1                                                               |                                           xdma_ddr3_axi_smc_0_sc_util_v1_0_4_srl_rtl_71 |          1 |          0 |       0 |    1 |     0 |      0 |      0 |          0 |
|                   gen_srls[109].srl_nx1                                                               |                                           xdma_ddr3_axi_smc_0_sc_util_v1_0_4_srl_rtl_72 |          1 |          0 |       0 |    1 |     0 |      0 |      0 |          0 |
|                   gen_srls[110].srl_nx1                                                               |                                           xdma_ddr3_axi_smc_0_sc_util_v1_0_4_srl_rtl_73 |          1 |          0 |       0 |    1 |     0 |      0 |      0 |          0 |
|                   gen_srls[111].srl_nx1                                                               |                                           xdma_ddr3_axi_smc_0_sc_util_v1_0_4_srl_rtl_74 |          1 |          0 |       0 |    1 |     0 |      0 |      0 |          0 |
|                   gen_srls[112].srl_nx1                                                               |                                           xdma_ddr3_axi_smc_0_sc_util_v1_0_4_srl_rtl_75 |          1 |          0 |       0 |    1 |     0 |      0 |      0 |          0 |
|                   gen_srls[113].srl_nx1                                                               |                                           xdma_ddr3_axi_smc_0_sc_util_v1_0_4_srl_rtl_76 |          1 |          0 |       0 |    1 |     0 |      0 |      0 |          0 |
|                   gen_srls[114].srl_nx1                                                               |                                           xdma_ddr3_axi_smc_0_sc_util_v1_0_4_srl_rtl_77 |          1 |          0 |       0 |    1 |     0 |      0 |      0 |          0 |
|                   gen_srls[115].srl_nx1                                                               |                                           xdma_ddr3_axi_smc_0_sc_util_v1_0_4_srl_rtl_78 |          1 |          0 |       0 |    1 |     0 |      0 |      0 |          0 |
|                   gen_srls[116].srl_nx1                                                               |                                           xdma_ddr3_axi_smc_0_sc_util_v1_0_4_srl_rtl_79 |          1 |          0 |       0 |    1 |     0 |      0 |      0 |          0 |
|                   gen_srls[117].srl_nx1                                                               |                                           xdma_ddr3_axi_smc_0_sc_util_v1_0_4_srl_rtl_80 |          1 |          0 |       0 |    1 |     0 |      0 |      0 |          0 |
|                   gen_srls[118].srl_nx1                                                               |                                           xdma_ddr3_axi_smc_0_sc_util_v1_0_4_srl_rtl_81 |          1 |          0 |       0 |    1 |     0 |      0 |      0 |          0 |
|                   gen_srls[119].srl_nx1                                                               |                                           xdma_ddr3_axi_smc_0_sc_util_v1_0_4_srl_rtl_82 |          1 |          0 |       0 |    1 |     0 |      0 |      0 |          0 |
|                   gen_srls[120].srl_nx1                                                               |                                           xdma_ddr3_axi_smc_0_sc_util_v1_0_4_srl_rtl_83 |          1 |          0 |       0 |    1 |     0 |      0 |      0 |          0 |
|                   gen_srls[121].srl_nx1                                                               |                                           xdma_ddr3_axi_smc_0_sc_util_v1_0_4_srl_rtl_84 |          1 |          0 |       0 |    1 |     0 |      0 |      0 |          0 |
|                   gen_srls[122].srl_nx1                                                               |                                           xdma_ddr3_axi_smc_0_sc_util_v1_0_4_srl_rtl_85 |          1 |          0 |       0 |    1 |     0 |      0 |      0 |          0 |
|                   gen_srls[123].srl_nx1                                                               |                                           xdma_ddr3_axi_smc_0_sc_util_v1_0_4_srl_rtl_86 |          1 |          0 |       0 |    1 |     0 |      0 |      0 |          0 |
|                   gen_srls[124].srl_nx1                                                               |                                           xdma_ddr3_axi_smc_0_sc_util_v1_0_4_srl_rtl_87 |          1 |          0 |       0 |    1 |     0 |      0 |      0 |          0 |
|                   gen_srls[125].srl_nx1                                                               |                                           xdma_ddr3_axi_smc_0_sc_util_v1_0_4_srl_rtl_88 |          1 |          0 |       0 |    1 |     0 |      0 |      0 |          0 |
|                   gen_srls[126].srl_nx1                                                               |                                           xdma_ddr3_axi_smc_0_sc_util_v1_0_4_srl_rtl_89 |          1 |          0 |       0 |    1 |     0 |      0 |      0 |          0 |
|                   gen_srls[127].srl_nx1                                                               |                                           xdma_ddr3_axi_smc_0_sc_util_v1_0_4_srl_rtl_90 |          1 |          0 |       0 |    1 |     0 |      0 |      0 |          0 |
|                   gen_srls[128].srl_nx1                                                               |                                           xdma_ddr3_axi_smc_0_sc_util_v1_0_4_srl_rtl_91 |          1 |          0 |       0 |    1 |     0 |      0 |      0 |          0 |
|                   gen_srls[129].srl_nx1                                                               |                                           xdma_ddr3_axi_smc_0_sc_util_v1_0_4_srl_rtl_92 |          1 |          0 |       0 |    1 |     0 |      0 |      0 |          0 |
|                   gen_srls[130].srl_nx1                                                               |                                           xdma_ddr3_axi_smc_0_sc_util_v1_0_4_srl_rtl_93 |          1 |          0 |       0 |    1 |     0 |      0 |      0 |          0 |
|                   gen_srls[131].srl_nx1                                                               |                                           xdma_ddr3_axi_smc_0_sc_util_v1_0_4_srl_rtl_94 |          1 |          0 |       0 |    1 |     0 |      0 |      0 |          0 |
|                   gen_srls[132].srl_nx1                                                               |                                           xdma_ddr3_axi_smc_0_sc_util_v1_0_4_srl_rtl_95 |          1 |          0 |       0 |    1 |     0 |      0 |      0 |          0 |
|                   gen_srls[133].srl_nx1                                                               |                                           xdma_ddr3_axi_smc_0_sc_util_v1_0_4_srl_rtl_96 |          1 |          0 |       0 |    1 |     0 |      0 |      0 |          0 |
|                   gen_srls[134].srl_nx1                                                               |                                           xdma_ddr3_axi_smc_0_sc_util_v1_0_4_srl_rtl_97 |          1 |          0 |       0 |    1 |     0 |      0 |      0 |          0 |
|                   gen_srls[135].srl_nx1                                                               |                                           xdma_ddr3_axi_smc_0_sc_util_v1_0_4_srl_rtl_98 |          1 |          0 |       0 |    1 |     0 |      0 |      0 |          0 |
|                   gen_srls[136].srl_nx1                                                               |                                           xdma_ddr3_axi_smc_0_sc_util_v1_0_4_srl_rtl_99 |          1 |          0 |       0 |    1 |     0 |      0 |      0 |          0 |
|                   gen_srls[137].srl_nx1                                                               |                                          xdma_ddr3_axi_smc_0_sc_util_v1_0_4_srl_rtl_100 |          1 |          0 |       0 |    1 |     0 |      0 |      0 |          0 |
|                   gen_srls[138].srl_nx1                                                               |                                          xdma_ddr3_axi_smc_0_sc_util_v1_0_4_srl_rtl_101 |          1 |          0 |       0 |    1 |     0 |      0 |      0 |          0 |
|                   gen_srls[139].srl_nx1                                                               |                                          xdma_ddr3_axi_smc_0_sc_util_v1_0_4_srl_rtl_102 |          1 |          0 |       0 |    1 |     0 |      0 |      0 |          0 |
|                   gen_srls[140].srl_nx1                                                               |                                          xdma_ddr3_axi_smc_0_sc_util_v1_0_4_srl_rtl_103 |          1 |          0 |       0 |    1 |     0 |      0 |      0 |          0 |
|                   gen_srls[141].srl_nx1                                                               |                                          xdma_ddr3_axi_smc_0_sc_util_v1_0_4_srl_rtl_104 |          1 |          0 |       0 |    1 |     0 |      0 |      0 |          0 |
|                   gen_srls[142].srl_nx1                                                               |                                          xdma_ddr3_axi_smc_0_sc_util_v1_0_4_srl_rtl_105 |          1 |          0 |       0 |    1 |     0 |      0 |      0 |          0 |
|                   gen_srls[143].srl_nx1                                                               |                                          xdma_ddr3_axi_smc_0_sc_util_v1_0_4_srl_rtl_106 |          6 |          5 |       0 |    1 |     0 |      0 |      0 |          0 |
|                   gen_srls[1].srl_nx1                                                                 |                                          xdma_ddr3_axi_smc_0_sc_util_v1_0_4_srl_rtl_107 |          1 |          0 |       0 |    1 |     0 |      0 |      0 |          0 |
|                   gen_srls[72].srl_nx1                                                                |                                          xdma_ddr3_axi_smc_0_sc_util_v1_0_4_srl_rtl_108 |          1 |          0 |       0 |    1 |     0 |      0 |      0 |          0 |
|                   gen_srls[73].srl_nx1                                                                |                                          xdma_ddr3_axi_smc_0_sc_util_v1_0_4_srl_rtl_109 |          1 |          0 |       0 |    1 |     0 |      0 |      0 |          0 |
|                   gen_srls[74].srl_nx1                                                                |                                          xdma_ddr3_axi_smc_0_sc_util_v1_0_4_srl_rtl_110 |          1 |          0 |       0 |    1 |     0 |      0 |      0 |          0 |
|                   gen_srls[75].srl_nx1                                                                |                                          xdma_ddr3_axi_smc_0_sc_util_v1_0_4_srl_rtl_111 |          1 |          0 |       0 |    1 |     0 |      0 |      0 |          0 |
|                   gen_srls[76].srl_nx1                                                                |                                          xdma_ddr3_axi_smc_0_sc_util_v1_0_4_srl_rtl_112 |          1 |          0 |       0 |    1 |     0 |      0 |      0 |          0 |
|                   gen_srls[77].srl_nx1                                                                |                                          xdma_ddr3_axi_smc_0_sc_util_v1_0_4_srl_rtl_113 |          1 |          0 |       0 |    1 |     0 |      0 |      0 |          0 |
|                   gen_srls[78].srl_nx1                                                                |                                          xdma_ddr3_axi_smc_0_sc_util_v1_0_4_srl_rtl_114 |          1 |          0 |       0 |    1 |     0 |      0 |      0 |          0 |
|                   gen_srls[79].srl_nx1                                                                |                                          xdma_ddr3_axi_smc_0_sc_util_v1_0_4_srl_rtl_115 |          1 |          0 |       0 |    1 |     0 |      0 |      0 |          0 |
|                   gen_srls[80].srl_nx1                                                                |                                          xdma_ddr3_axi_smc_0_sc_util_v1_0_4_srl_rtl_116 |          1 |          0 |       0 |    1 |     0 |      0 |      0 |          0 |
|                   gen_srls[81].srl_nx1                                                                |                                          xdma_ddr3_axi_smc_0_sc_util_v1_0_4_srl_rtl_117 |          1 |          0 |       0 |    1 |     0 |      0 |      0 |          0 |
|                   gen_srls[82].srl_nx1                                                                |                                          xdma_ddr3_axi_smc_0_sc_util_v1_0_4_srl_rtl_118 |          1 |          0 |       0 |    1 |     0 |      0 |      0 |          0 |
|                   gen_srls[83].srl_nx1                                                                |                                          xdma_ddr3_axi_smc_0_sc_util_v1_0_4_srl_rtl_119 |          1 |          0 |       0 |    1 |     0 |      0 |      0 |          0 |
|                   gen_srls[84].srl_nx1                                                                |                                          xdma_ddr3_axi_smc_0_sc_util_v1_0_4_srl_rtl_120 |          1 |          0 |       0 |    1 |     0 |      0 |      0 |          0 |
|                   gen_srls[85].srl_nx1                                                                |                                          xdma_ddr3_axi_smc_0_sc_util_v1_0_4_srl_rtl_121 |          1 |          0 |       0 |    1 |     0 |      0 |      0 |          0 |
|                   gen_srls[86].srl_nx1                                                                |                                          xdma_ddr3_axi_smc_0_sc_util_v1_0_4_srl_rtl_122 |          1 |          0 |       0 |    1 |     0 |      0 |      0 |          0 |
|                   gen_srls[87].srl_nx1                                                                |                                          xdma_ddr3_axi_smc_0_sc_util_v1_0_4_srl_rtl_123 |          1 |          0 |       0 |    1 |     0 |      0 |      0 |          0 |
|                   gen_srls[88].srl_nx1                                                                |                                          xdma_ddr3_axi_smc_0_sc_util_v1_0_4_srl_rtl_124 |          1 |          0 |       0 |    1 |     0 |      0 |      0 |          0 |
|                   gen_srls[89].srl_nx1                                                                |                                          xdma_ddr3_axi_smc_0_sc_util_v1_0_4_srl_rtl_125 |          1 |          0 |       0 |    1 |     0 |      0 |      0 |          0 |
|                   gen_srls[90].srl_nx1                                                                |                                          xdma_ddr3_axi_smc_0_sc_util_v1_0_4_srl_rtl_126 |          1 |          0 |       0 |    1 |     0 |      0 |      0 |          0 |
|                   gen_srls[91].srl_nx1                                                                |                                          xdma_ddr3_axi_smc_0_sc_util_v1_0_4_srl_rtl_127 |          1 |          0 |       0 |    1 |     0 |      0 |      0 |          0 |
|                   gen_srls[92].srl_nx1                                                                |                                          xdma_ddr3_axi_smc_0_sc_util_v1_0_4_srl_rtl_128 |          1 |          0 |       0 |    1 |     0 |      0 |      0 |          0 |
|                   gen_srls[93].srl_nx1                                                                |                                          xdma_ddr3_axi_smc_0_sc_util_v1_0_4_srl_rtl_129 |          1 |          0 |       0 |    1 |     0 |      0 |      0 |          0 |
|                   gen_srls[94].srl_nx1                                                                |                                          xdma_ddr3_axi_smc_0_sc_util_v1_0_4_srl_rtl_130 |          1 |          0 |       0 |    1 |     0 |      0 |      0 |          0 |
|                   gen_srls[95].srl_nx1                                                                |                                          xdma_ddr3_axi_smc_0_sc_util_v1_0_4_srl_rtl_131 |          1 |          0 |       0 |    1 |     0 |      0 |      0 |          0 |
|                   gen_srls[96].srl_nx1                                                                |                                          xdma_ddr3_axi_smc_0_sc_util_v1_0_4_srl_rtl_132 |          1 |          0 |       0 |    1 |     0 |      0 |      0 |          0 |
|                   gen_srls[97].srl_nx1                                                                |                                          xdma_ddr3_axi_smc_0_sc_util_v1_0_4_srl_rtl_133 |          1 |          0 |       0 |    1 |     0 |      0 |      0 |          0 |
|                   gen_srls[98].srl_nx1                                                                |                                          xdma_ddr3_axi_smc_0_sc_util_v1_0_4_srl_rtl_134 |          1 |          0 |       0 |    1 |     0 |      0 |      0 |          0 |
|                   gen_srls[99].srl_nx1                                                                |                                          xdma_ddr3_axi_smc_0_sc_util_v1_0_4_srl_rtl_135 |          1 |          0 |       0 |    1 |     0 |      0 |      0 |          0 |
|               gen_normal.splitter_inst                                                                |                    xdma_ddr3_axi_smc_0_sc_si_converter_v1_0_10_splitter__parameterized0 |         39 |         30 |       0 |    9 |    18 |      0 |      0 |          0 |
|                 (gen_normal.splitter_inst)                                                            |                    xdma_ddr3_axi_smc_0_sc_si_converter_v1_0_10_splitter__parameterized0 |          0 |          0 |       0 |    0 |     1 |      0 |      0 |          0 |
|                 gen_no_wsplitter.gen_endpoint_woffset.gen_wbypass_offset_fifo.wbypass_offset_fifo     |                    xdma_ddr3_axi_smc_0_sc_util_v1_0_4_axic_reg_srl_fifo__parameterized8 |         39 |         30 |       0 |    9 |    17 |      0 |      0 |          0 |
|                   (gen_no_wsplitter.gen_endpoint_woffset.gen_wbypass_offset_fifo.wbypass_offset_fifo) |                    xdma_ddr3_axi_smc_0_sc_util_v1_0_4_axic_reg_srl_fifo__parameterized8 |         20 |         20 |       0 |    0 |    17 |      0 |      0 |          0 |
|                   gen_srls[0].srl_nx1                                                                 |                              xdma_ddr3_axi_smc_0_sc_util_v1_0_4_srl_rtl__parameterized0 |          2 |          1 |       0 |    1 |     0 |      0 |      0 |          0 |
|                   gen_srls[10].srl_nx1                                                                |                           xdma_ddr3_axi_smc_0_sc_util_v1_0_4_srl_rtl__parameterized0_53 |          3 |          2 |       0 |    1 |     0 |      0 |      0 |          0 |
|                   gen_srls[3].srl_nx1                                                                 |                           xdma_ddr3_axi_smc_0_sc_util_v1_0_4_srl_rtl__parameterized0_54 |          2 |          1 |       0 |    1 |     0 |      0 |      0 |          0 |
|                   gen_srls[4].srl_nx1                                                                 |                           xdma_ddr3_axi_smc_0_sc_util_v1_0_4_srl_rtl__parameterized0_55 |          2 |          1 |       0 |    1 |     0 |      0 |      0 |          0 |
|                   gen_srls[5].srl_nx1                                                                 |                           xdma_ddr3_axi_smc_0_sc_util_v1_0_4_srl_rtl__parameterized0_56 |          2 |          1 |       0 |    1 |     0 |      0 |      0 |          0 |
|                   gen_srls[6].srl_nx1                                                                 |                           xdma_ddr3_axi_smc_0_sc_util_v1_0_4_srl_rtl__parameterized0_57 |          2 |          1 |       0 |    1 |     0 |      0 |      0 |          0 |
|                   gen_srls[7].srl_nx1                                                                 |                           xdma_ddr3_axi_smc_0_sc_util_v1_0_4_srl_rtl__parameterized0_58 |          2 |          1 |       0 |    1 |     0 |      0 |      0 |          0 |
|                   gen_srls[8].srl_nx1                                                                 |                           xdma_ddr3_axi_smc_0_sc_util_v1_0_4_srl_rtl__parameterized0_59 |          2 |          1 |       0 |    1 |     0 |      0 |      0 |          0 |
|                   gen_srls[9].srl_nx1                                                                 |                           xdma_ddr3_axi_smc_0_sc_util_v1_0_4_srl_rtl__parameterized0_60 |          2 |          1 |       0 |    1 |     0 |      0 |      0 |          0 |
|               xpm_cdc_async_rst_inst                                                                  |                                               xdma_ddr3_axi_smc_0_xpm_cdc_async_rst__17 |          1 |          1 |       0 |    0 |     3 |      0 |      0 |          0 |
|           s02_transaction_regulator                                                                   |                                                     xdma_ddr3_axi_smc_0_bd_a1ba_s02tr_0 |        123 |        123 |       0 |    0 |   314 |      0 |      0 |          0 |
|             (s02_transaction_regulator)                                                               |                                                     xdma_ddr3_axi_smc_0_bd_a1ba_s02tr_0 |          0 |          0 |       0 |    0 |     0 |      0 |      0 |          0 |
|             inst                                                                                      |                 xdma_ddr3_axi_smc_0_sc_transaction_regulator_v1_0_9_top__parameterized1 |        123 |        123 |       0 |    0 |   314 |      0 |      0 |          0 |
|               (inst)                                                                                  |                 xdma_ddr3_axi_smc_0_sc_transaction_regulator_v1_0_9_top__parameterized1 |          1 |          1 |       0 |    0 |     1 |      0 |      0 |          0 |
|               gen_endpoint.gen_r_singleorder.r_singleorder                                            |                         xdma_ddr3_axi_smc_0_sc_transaction_regulator_v1_0_9_singleorder |         61 |         61 |       0 |    0 |   155 |      0 |      0 |          0 |
|                 (gen_endpoint.gen_r_singleorder.r_singleorder)                                        |                         xdma_ddr3_axi_smc_0_sc_transaction_regulator_v1_0_9_singleorder |          3 |          3 |       0 |    0 |     9 |      0 |      0 |          0 |
|                 gen_cmd_reg.cmd_reg                                                                   |                                     xdma_ddr3_axi_smc_0_sc_util_v1_0_4_axi_reg_stall_52 |         58 |         58 |       0 |    0 |   146 |      0 |      0 |          0 |
|               gen_endpoint.gen_w_singleorder.w_singleorder                                            |                      xdma_ddr3_axi_smc_0_sc_transaction_regulator_v1_0_9_singleorder_51 |         60 |         60 |       0 |    0 |   155 |      0 |      0 |          0 |
|                 (gen_endpoint.gen_w_singleorder.w_singleorder)                                        |                      xdma_ddr3_axi_smc_0_sc_transaction_regulator_v1_0_9_singleorder_51 |          2 |          2 |       0 |    0 |     9 |      0 |      0 |          0 |
|                 gen_cmd_reg.cmd_reg                                                                   |                                        xdma_ddr3_axi_smc_0_sc_util_v1_0_4_axi_reg_stall |         58 |         58 |       0 |    0 |   146 |      0 |      0 |          0 |
|               xpm_cdc_async_rst_inst                                                                  |                                               xdma_ddr3_axi_smc_0_xpm_cdc_async_rst__18 |          1 |          1 |       0 |    0 |     3 |      0 |      0 |          0 |
|         s02_nodes                                                                                     |                                                xdma_ddr3_axi_smc_0_s02_nodes_imp_UZKU2N |        819 |        495 |     324 |    0 |   939 |      0 |      0 |          0 |
|           s02_ar_node                                                                                 |                                                      xdma_ddr3_axi_smc_0_bd_a1ba_sarn_2 |        147 |         85 |      62 |    0 |   150 |      0 |      0 |          0 |
|             (s02_ar_node)                                                                             |                                                      xdma_ddr3_axi_smc_0_bd_a1ba_sarn_2 |          0 |          0 |       0 |    0 |     0 |      0 |      0 |          0 |
|             inst                                                                                      |                                xdma_ddr3_axi_smc_0_sc_node_v1_0_14_top__parameterized14 |        147 |         85 |      62 |    0 |   150 |      0 |      0 |          0 |
|               (inst)                                                                                  |                                xdma_ddr3_axi_smc_0_sc_node_v1_0_14_top__parameterized14 |          3 |          3 |       0 |    0 |     1 |      0 |      0 |          0 |
|               inst_mi_handler                                                                         |                         xdma_ddr3_axi_smc_0_sc_node_v1_0_14_mi_handler__parameterized14 |        141 |         79 |      62 |    0 |   142 |      0 |      0 |          0 |
|                 (inst_mi_handler)                                                                     |                         xdma_ddr3_axi_smc_0_sc_node_v1_0_14_mi_handler__parameterized14 |          0 |          0 |       0 |    0 |     2 |      0 |      0 |          0 |
|                 gen_normal_area.gen_fifo_req.inst_fifo_req                                            |                    xdma_ddr3_axi_smc_0_sc_node_v1_0_14_fifo__parameterized13__xdcDup__6 |         34 |         30 |       4 |    0 |    23 |      0 |      0 |          0 |
|                   gen_xpm_memory_fifo.inst_fifo                                                       |          xdma_ddr3_axi_smc_0_sc_util_v1_0_4_xpm_memory_fifo__parameterized13__xdcDup__6 |         34 |         30 |       4 |    0 |    23 |      0 |      0 |          0 |
|                     (gen_xpm_memory_fifo.inst_fifo)                                                   |          xdma_ddr3_axi_smc_0_sc_util_v1_0_4_xpm_memory_fifo__parameterized13__xdcDup__6 |          5 |          5 |       0 |    0 |     3 |      0 |      0 |          0 |
|                     gen_mem_rep[0].inst_rd_addrb                                                      |                           xdma_ddr3_axi_smc_0_sc_util_v1_0_4_counter__parameterized0_48 |          6 |          6 |       0 |    0 |     6 |      0 |      0 |          0 |
|                     gen_mem_rep[0].inst_wr_addra                                                      |                           xdma_ddr3_axi_smc_0_sc_util_v1_0_4_counter__parameterized0_49 |          5 |          5 |       0 |    0 |     6 |      0 |      0 |          0 |
|                     gen_mem_rep[0].inst_xpm_memory                                                    |                              xdma_ddr3_axi_smc_0_xpm_memory_sdpram__parameterized11__10 |          4 |          0 |       4 |    0 |     2 |      0 |      0 |          0 |
|                       (gen_mem_rep[0].inst_xpm_memory)                                                |                              xdma_ddr3_axi_smc_0_xpm_memory_sdpram__parameterized11__10 |          0 |          0 |       0 |    0 |     0 |      0 |      0 |          0 |
|                       xpm_memory_base_inst                                                            |                                xdma_ddr3_axi_smc_0_xpm_memory_base__parameterized11__10 |          4 |          0 |       4 |    0 |     2 |      0 |      0 |          0 |
|                     gen_wr.inst_wr_addra_p1                                                           |                           xdma_ddr3_axi_smc_0_sc_util_v1_0_4_counter__parameterized1_50 |         14 |         14 |       0 |    0 |     6 |      0 |      0 |          0 |
|                 gen_normal_area.inst_fifo_node_payld                                                  |                    xdma_ddr3_axi_smc_0_sc_node_v1_0_14_fifo__parameterized14__xdcDup__5 |         95 |         37 |      58 |    0 |   106 |      0 |      0 |          0 |
|                   gen_xpm_memory_fifo.inst_fifo                                                       |          xdma_ddr3_axi_smc_0_sc_util_v1_0_4_xpm_memory_fifo__parameterized14__xdcDup__5 |         95 |         37 |      58 |    0 |   106 |      0 |      0 |          0 |
|                     (gen_xpm_memory_fifo.inst_fifo)                                                   |          xdma_ddr3_axi_smc_0_sc_util_v1_0_4_xpm_memory_fifo__parameterized14__xdcDup__5 |          5 |          5 |       0 |    0 |     4 |      0 |      0 |          0 |
|                     gen_mem_rep[0].inst_rd_addrb                                                      |                           xdma_ddr3_axi_smc_0_sc_util_v1_0_4_counter__parameterized0_45 |          4 |          4 |       0 |    0 |     6 |      0 |      0 |          0 |
|                     gen_mem_rep[0].inst_wr_addra                                                      |                           xdma_ddr3_axi_smc_0_sc_util_v1_0_4_counter__parameterized0_46 |          5 |          5 |       0 |    0 |     6 |      0 |      0 |          0 |
|                     gen_mem_rep[0].inst_xpm_memory                                                    |                               xdma_ddr3_axi_smc_0_xpm_memory_sdpram__parameterized12__7 |         58 |          0 |      58 |    0 |    84 |      0 |      0 |          0 |
|                       (gen_mem_rep[0].inst_xpm_memory)                                                |                               xdma_ddr3_axi_smc_0_xpm_memory_sdpram__parameterized12__7 |          0 |          0 |       0 |    0 |     0 |      0 |      0 |          0 |
|                       xpm_memory_base_inst                                                            |                                 xdma_ddr3_axi_smc_0_xpm_memory_base__parameterized12__7 |         58 |          0 |      58 |    0 |    84 |      0 |      0 |          0 |
|                     gen_wr.inst_wr_addra_p1                                                           |                           xdma_ddr3_axi_smc_0_sc_util_v1_0_4_counter__parameterized1_47 |         23 |         23 |       0 |    0 |     6 |      0 |      0 |          0 |
|                 gen_normal_area.inst_fifo_send                                                        |                       xdma_ddr3_axi_smc_0_sc_node_v1_0_14_reg_slice3__parameterized2_44 |         12 |         12 |       0 |    0 |    11 |      0 |      0 |          0 |
|               inst_si_handler                                                                         |                          xdma_ddr3_axi_smc_0_sc_node_v1_0_14_si_handler__parameterized9 |          1 |          1 |       0 |    0 |     1 |      0 |      0 |          0 |
|               m_sc_xpm_cdc_async_rst_inst                                                             |                                               xdma_ddr3_axi_smc_0_xpm_cdc_async_rst__28 |          1 |          1 |       0 |    0 |     3 |      0 |      0 |          0 |
|               s_sc_xpm_cdc_async_rst_inst                                                             |                                               xdma_ddr3_axi_smc_0_xpm_cdc_async_rst__27 |          1 |          1 |       0 |    0 |     3 |      0 |      0 |          0 |
|           s02_aw_node                                                                                 |                                                      xdma_ddr3_axi_smc_0_bd_a1ba_sawn_2 |        143 |         85 |      58 |    0 |   144 |      0 |      0 |          0 |
|             (s02_aw_node)                                                                             |                                                      xdma_ddr3_axi_smc_0_bd_a1ba_sawn_2 |          0 |          0 |       0 |    0 |     0 |      0 |      0 |          0 |
|             inst                                                                                      |                                xdma_ddr3_axi_smc_0_sc_node_v1_0_14_top__parameterized15 |        143 |         85 |      58 |    0 |   144 |      0 |      0 |          0 |
|               (inst)                                                                                  |                                xdma_ddr3_axi_smc_0_sc_node_v1_0_14_top__parameterized15 |          3 |          3 |       0 |    0 |     1 |      0 |      0 |          0 |
|               inst_mi_handler                                                                         |                         xdma_ddr3_axi_smc_0_sc_node_v1_0_14_mi_handler__parameterized15 |        137 |         79 |      58 |    0 |   136 |      0 |      0 |          0 |
|                 (inst_mi_handler)                                                                     |                         xdma_ddr3_axi_smc_0_sc_node_v1_0_14_mi_handler__parameterized15 |          0 |          0 |       0 |    0 |     2 |      0 |      0 |          0 |
|                 gen_normal_area.gen_fifo_req.inst_fifo_req                                            |                               xdma_ddr3_axi_smc_0_sc_node_v1_0_14_fifo__parameterized13 |         34 |         30 |       4 |    0 |    23 |      0 |      0 |          0 |
|                   gen_xpm_memory_fifo.inst_fifo                                                       |                     xdma_ddr3_axi_smc_0_sc_util_v1_0_4_xpm_memory_fifo__parameterized13 |         34 |         30 |       4 |    0 |    23 |      0 |      0 |          0 |
|                     (gen_xpm_memory_fifo.inst_fifo)                                                   |                     xdma_ddr3_axi_smc_0_sc_util_v1_0_4_xpm_memory_fifo__parameterized13 |          5 |          5 |       0 |    0 |     3 |      0 |      0 |          0 |
|                     gen_mem_rep[0].inst_rd_addrb                                                      |                           xdma_ddr3_axi_smc_0_sc_util_v1_0_4_counter__parameterized0_41 |          6 |          6 |       0 |    0 |     6 |      0 |      0 |          0 |
|                     gen_mem_rep[0].inst_wr_addra                                                      |                           xdma_ddr3_axi_smc_0_sc_util_v1_0_4_counter__parameterized0_42 |          5 |          5 |       0 |    0 |     6 |      0 |      0 |          0 |
|                     gen_mem_rep[0].inst_xpm_memory                                                    |                               xdma_ddr3_axi_smc_0_xpm_memory_sdpram__parameterized11__9 |          4 |          0 |       4 |    0 |     2 |      0 |      0 |          0 |
|                       (gen_mem_rep[0].inst_xpm_memory)                                                |                               xdma_ddr3_axi_smc_0_xpm_memory_sdpram__parameterized11__9 |          0 |          0 |       0 |    0 |     0 |      0 |      0 |          0 |
|                       xpm_memory_base_inst                                                            |                                 xdma_ddr3_axi_smc_0_xpm_memory_base__parameterized11__9 |          4 |          0 |       4 |    0 |     2 |      0 |      0 |          0 |
|                     gen_wr.inst_wr_addra_p1                                                           |                           xdma_ddr3_axi_smc_0_sc_util_v1_0_4_counter__parameterized1_43 |         14 |         14 |       0 |    0 |     6 |      0 |      0 |          0 |
|                 gen_normal_area.inst_fifo_node_payld                                                  |                               xdma_ddr3_axi_smc_0_sc_node_v1_0_14_fifo__parameterized14 |         91 |         37 |      54 |    0 |   100 |      0 |      0 |          0 |
|                   gen_xpm_memory_fifo.inst_fifo                                                       |                     xdma_ddr3_axi_smc_0_sc_util_v1_0_4_xpm_memory_fifo__parameterized14 |         91 |         37 |      54 |    0 |   100 |      0 |      0 |          0 |
|                     (gen_xpm_memory_fifo.inst_fifo)                                                   |                     xdma_ddr3_axi_smc_0_sc_util_v1_0_4_xpm_memory_fifo__parameterized14 |          5 |          5 |       0 |    0 |     4 |      0 |      0 |          0 |
|                     gen_mem_rep[0].inst_rd_addrb                                                      |                           xdma_ddr3_axi_smc_0_sc_util_v1_0_4_counter__parameterized0_38 |          4 |          4 |       0 |    0 |     6 |      0 |      0 |          0 |
|                     gen_mem_rep[0].inst_wr_addra                                                      |                           xdma_ddr3_axi_smc_0_sc_util_v1_0_4_counter__parameterized0_39 |          5 |          5 |       0 |    0 |     6 |      0 |      0 |          0 |
|                     gen_mem_rep[0].inst_xpm_memory                                                    |                               xdma_ddr3_axi_smc_0_xpm_memory_sdpram__parameterized12__6 |         54 |          0 |      54 |    0 |    78 |      0 |      0 |          0 |
|                       (gen_mem_rep[0].inst_xpm_memory)                                                |                               xdma_ddr3_axi_smc_0_xpm_memory_sdpram__parameterized12__6 |          0 |          0 |       0 |    0 |     0 |      0 |      0 |          0 |
|                       xpm_memory_base_inst                                                            |                                 xdma_ddr3_axi_smc_0_xpm_memory_base__parameterized12__6 |         54 |          0 |      54 |    0 |    78 |      0 |      0 |          0 |
|                     gen_wr.inst_wr_addra_p1                                                           |                           xdma_ddr3_axi_smc_0_sc_util_v1_0_4_counter__parameterized1_40 |         23 |         23 |       0 |    0 |     6 |      0 |      0 |          0 |
|                 gen_normal_area.inst_fifo_send                                                        |                       xdma_ddr3_axi_smc_0_sc_node_v1_0_14_reg_slice3__parameterized2_37 |         12 |         12 |       0 |    0 |    11 |      0 |      0 |          0 |
|               inst_si_handler                                                                         |                          xdma_ddr3_axi_smc_0_sc_node_v1_0_14_si_handler__parameterized5 |          1 |          1 |       0 |    0 |     1 |      0 |      0 |          0 |
|               m_sc_xpm_cdc_async_rst_inst                                                             |                                               xdma_ddr3_axi_smc_0_xpm_cdc_async_rst__26 |          1 |          1 |       0 |    0 |     3 |      0 |      0 |          0 |
|               s_sc_xpm_cdc_async_rst_inst                                                             |                                               xdma_ddr3_axi_smc_0_xpm_cdc_async_rst__25 |          1 |          1 |       0 |    0 |     3 |      0 |      0 |          0 |
|           s02_b_node                                                                                  |                                                       xdma_ddr3_axi_smc_0_bd_a1ba_sbn_2 |         83 |         79 |       4 |    0 |    66 |      0 |      0 |          0 |
|             (s02_b_node)                                                                              |                                                       xdma_ddr3_axi_smc_0_bd_a1ba_sbn_2 |          0 |          0 |       0 |    0 |     0 |      0 |      0 |          0 |
|             inst                                                                                      |                                xdma_ddr3_axi_smc_0_sc_node_v1_0_14_top__parameterized16 |         83 |         79 |       4 |    0 |    66 |      0 |      0 |          0 |
|               (inst)                                                                                  |                                xdma_ddr3_axi_smc_0_sc_node_v1_0_14_top__parameterized16 |          3 |          3 |       0 |    0 |     1 |      0 |      0 |          0 |
|               inst_mi_handler                                                                         |                         xdma_ddr3_axi_smc_0_sc_node_v1_0_14_mi_handler__parameterized16 |         65 |         61 |       4 |    0 |    48 |      0 |      0 |          0 |
|                 (inst_mi_handler)                                                                     |                         xdma_ddr3_axi_smc_0_sc_node_v1_0_14_mi_handler__parameterized16 |          0 |          0 |       0 |    0 |     2 |      0 |      0 |          0 |
|                 gen_normal_area.gen_node_prog_full.inst_node_prog_full                                |                                     xdma_ddr3_axi_smc_0_sc_node_v1_0_14_fifo__xdcDup__8 |         34 |         34 |       0 |    0 |    21 |      0 |      0 |          0 |
|                   gen_xpm_memory_fifo.inst_fifo                                                       |                           xdma_ddr3_axi_smc_0_sc_util_v1_0_4_xpm_memory_fifo__xdcDup__8 |         34 |         34 |       0 |    0 |    21 |      0 |      0 |          0 |
|                     (gen_xpm_memory_fifo.inst_fifo)                                                   |                           xdma_ddr3_axi_smc_0_sc_util_v1_0_4_xpm_memory_fifo__xdcDup__8 |          6 |          6 |       0 |    0 |     3 |      0 |      0 |          0 |
|                     gen_mem_rep[0].inst_rd_addrb                                                      |                           xdma_ddr3_axi_smc_0_sc_util_v1_0_4_counter__parameterized0_34 |          6 |          6 |       0 |    0 |     6 |      0 |      0 |          0 |
|                     gen_mem_rep[0].inst_wr_addra                                                      |                           xdma_ddr3_axi_smc_0_sc_util_v1_0_4_counter__parameterized0_35 |          4 |          4 |       0 |    0 |     6 |      0 |      0 |          0 |
|                     gen_wr.inst_wr_addra_p1                                                           |                           xdma_ddr3_axi_smc_0_sc_util_v1_0_4_counter__parameterized1_36 |         18 |         18 |       0 |    0 |     6 |      0 |      0 |          0 |
|                 gen_normal_area.inst_fifo_node_payld                                                  |                               xdma_ddr3_axi_smc_0_sc_node_v1_0_14_fifo__parameterized15 |         31 |         27 |       4 |    0 |    23 |      0 |      0 |          0 |
|                   gen_xpm_memory_fifo.inst_fifo                                                       |                     xdma_ddr3_axi_smc_0_sc_util_v1_0_4_xpm_memory_fifo__parameterized15 |         31 |         27 |       4 |    0 |    23 |      0 |      0 |          0 |
|                     (gen_xpm_memory_fifo.inst_fifo)                                                   |                     xdma_ddr3_axi_smc_0_sc_util_v1_0_4_xpm_memory_fifo__parameterized15 |          4 |          4 |       0 |    0 |     3 |      0 |      0 |          0 |
|                     gen_mem_rep[0].inst_rd_addrb                                                      |                           xdma_ddr3_axi_smc_0_sc_util_v1_0_4_counter__parameterized0_31 |          6 |          6 |       0 |    0 |     6 |      0 |      0 |          0 |
|                     gen_mem_rep[0].inst_wr_addra                                                      |                           xdma_ddr3_axi_smc_0_sc_util_v1_0_4_counter__parameterized0_32 |          4 |          4 |       0 |    0 |     6 |      0 |      0 |          0 |
|                     gen_mem_rep[0].inst_xpm_memory                                                    |                               xdma_ddr3_axi_smc_0_xpm_memory_sdpram__parameterized13__3 |          4 |          0 |       4 |    0 |     2 |      0 |      0 |          0 |
|                       (gen_mem_rep[0].inst_xpm_memory)                                                |                               xdma_ddr3_axi_smc_0_xpm_memory_sdpram__parameterized13__3 |          0 |          0 |       0 |    0 |     0 |      0 |      0 |          0 |
|                       xpm_memory_base_inst                                                            |                                 xdma_ddr3_axi_smc_0_xpm_memory_base__parameterized13__3 |          4 |          0 |       4 |    0 |     2 |      0 |      0 |          0 |
|                     gen_wr.inst_wr_addra_p1                                                           |                           xdma_ddr3_axi_smc_0_sc_util_v1_0_4_counter__parameterized1_33 |         13 |         13 |       0 |    0 |     6 |      0 |      0 |          0 |
|                 inst_ingress                                                                          |                            xdma_ddr3_axi_smc_0_sc_node_v1_0_14_ingress__parameterized11 |          0 |          0 |       0 |    0 |     2 |      0 |      0 |          0 |
|                   inst_pipeline_recv                                                                  |                         xdma_ddr3_axi_smc_0_sc_util_v1_0_4_pipeline__parameterized11_29 |          0 |          0 |       0 |    0 |     1 |      0 |      0 |          0 |
|                   inst_pipeline_valid                                                                 |                          xdma_ddr3_axi_smc_0_sc_util_v1_0_4_pipeline__parameterized3_30 |          0 |          0 |       0 |    0 |     1 |      0 |      0 |          0 |
|               inst_si_handler                                                                         |                          xdma_ddr3_axi_smc_0_sc_node_v1_0_14_si_handler__parameterized6 |         13 |         13 |       0 |    0 |    11 |      0 |      0 |          0 |
|                 (inst_si_handler)                                                                     |                          xdma_ddr3_axi_smc_0_sc_node_v1_0_14_si_handler__parameterized6 |          0 |          0 |       0 |    0 |     1 |      0 |      0 |          0 |
|                 gen_si_handler.gen_arbiter_rr_normal_area.inst_arbiter                                |                       xdma_ddr3_axi_smc_0_sc_node_v1_0_14_arb_alg_rr__parameterized0_26 |          9 |          9 |       0 |    0 |     4 |      0 |      0 |          0 |
|                 gen_si_handler.gen_request_counters.gen_req_counter[0].inst_req_counter               |                                           xdma_ddr3_axi_smc_0_sc_util_v1_0_4_counter_27 |          2 |          2 |       0 |    0 |     3 |      0 |      0 |          0 |
|                 gen_si_handler.gen_request_counters.gen_req_counter[1].inst_req_counter               |                                           xdma_ddr3_axi_smc_0_sc_util_v1_0_4_counter_28 |          2 |          2 |       0 |    0 |     3 |      0 |      0 |          0 |
|               m_sc_xpm_cdc_async_rst_inst                                                             |                                               xdma_ddr3_axi_smc_0_xpm_cdc_async_rst__24 |          1 |          1 |       0 |    0 |     3 |      0 |      0 |          0 |
|               s_sc_xpm_cdc_async_rst_inst                                                             |                                               xdma_ddr3_axi_smc_0_xpm_cdc_async_rst__23 |          1 |          1 |       0 |    0 |     3 |      0 |      0 |          0 |
|           s02_r_node                                                                                  |                                                       xdma_ddr3_axi_smc_0_bd_a1ba_srn_2 |        237 |        145 |      92 |    0 |   199 |      0 |      0 |          0 |
|             (s02_r_node)                                                                              |                                                       xdma_ddr3_axi_smc_0_bd_a1ba_srn_2 |          0 |          0 |       0 |    0 |     0 |      0 |      0 |          0 |
|             inst                                                                                      |                                xdma_ddr3_axi_smc_0_sc_node_v1_0_14_top__parameterized17 |        237 |        145 |      92 |    0 |   199 |      0 |      0 |          0 |
|               (inst)                                                                                  |                                xdma_ddr3_axi_smc_0_sc_node_v1_0_14_top__parameterized17 |          3 |          3 |       0 |    0 |     1 |      0 |      0 |          0 |
|               inst_mi_handler                                                                         |                         xdma_ddr3_axi_smc_0_sc_node_v1_0_14_mi_handler__parameterized17 |        219 |        127 |      92 |    0 |   181 |      0 |      0 |          0 |
|                 (inst_mi_handler)                                                                     |                         xdma_ddr3_axi_smc_0_sc_node_v1_0_14_mi_handler__parameterized17 |          0 |          0 |       0 |    0 |     2 |      0 |      0 |          0 |
|                 gen_normal_area.gen_downsizer.inst_downsizer                                          |                           xdma_ddr3_axi_smc_0_sc_node_v1_0_14_downsizer__parameterized0 |          2 |          2 |       0 |    0 |     3 |      0 |      0 |          0 |
|                 gen_normal_area.gen_node_prog_full.inst_node_prog_full                                |                                                xdma_ddr3_axi_smc_0_sc_node_v1_0_14_fifo |         33 |         33 |       0 |    0 |    21 |      0 |      0 |          0 |
|                   gen_xpm_memory_fifo.inst_fifo                                                       |                                      xdma_ddr3_axi_smc_0_sc_util_v1_0_4_xpm_memory_fifo |         33 |         33 |       0 |    0 |    21 |      0 |      0 |          0 |
|                     (gen_xpm_memory_fifo.inst_fifo)                                                   |                                      xdma_ddr3_axi_smc_0_sc_util_v1_0_4_xpm_memory_fifo |          6 |          6 |       0 |    0 |     3 |      0 |      0 |          0 |
|                     gen_mem_rep[0].inst_rd_addrb                                                      |                           xdma_ddr3_axi_smc_0_sc_util_v1_0_4_counter__parameterized0_23 |          4 |          4 |       0 |    0 |     6 |      0 |      0 |          0 |
|                     gen_mem_rep[0].inst_wr_addra                                                      |                           xdma_ddr3_axi_smc_0_sc_util_v1_0_4_counter__parameterized0_24 |          4 |          4 |       0 |    0 |     6 |      0 |      0 |          0 |
|                     gen_wr.inst_wr_addra_p1                                                           |                           xdma_ddr3_axi_smc_0_sc_util_v1_0_4_counter__parameterized1_25 |         19 |         19 |       0 |    0 |     6 |      0 |      0 |          0 |
|                 gen_normal_area.inst_fifo_node_payld                                                  |                               xdma_ddr3_axi_smc_0_sc_node_v1_0_14_fifo__parameterized16 |        184 |         92 |      92 |    0 |   153 |      0 |      0 |          0 |
|                   gen_xpm_memory_fifo.inst_fifo                                                       |                     xdma_ddr3_axi_smc_0_sc_util_v1_0_4_xpm_memory_fifo__parameterized16 |        184 |         92 |      92 |    0 |   153 |      0 |      0 |          0 |
|                     (gen_xpm_memory_fifo.inst_fifo)                                                   |                     xdma_ddr3_axi_smc_0_sc_util_v1_0_4_xpm_memory_fifo__parameterized16 |         70 |         70 |       0 |    0 |     3 |      0 |      0 |          0 |
|                     gen_mem_rep[0].inst_rd_addrb                                                      |                           xdma_ddr3_axi_smc_0_sc_util_v1_0_4_counter__parameterized0_20 |          6 |          6 |       0 |    0 |     6 |      0 |      0 |          0 |
|                     gen_mem_rep[0].inst_wr_addra                                                      |                           xdma_ddr3_axi_smc_0_sc_util_v1_0_4_counter__parameterized0_21 |          4 |          4 |       0 |    0 |     6 |      0 |      0 |          0 |
|                     gen_mem_rep[0].inst_xpm_memory                                                    |                               xdma_ddr3_axi_smc_0_xpm_memory_sdpram__parameterized14__3 |         92 |          0 |      92 |    0 |   132 |      0 |      0 |          0 |
|                       (gen_mem_rep[0].inst_xpm_memory)                                                |                               xdma_ddr3_axi_smc_0_xpm_memory_sdpram__parameterized14__3 |          0 |          0 |       0 |    0 |     0 |      0 |      0 |          0 |
|                       xpm_memory_base_inst                                                            |                                 xdma_ddr3_axi_smc_0_xpm_memory_base__parameterized14__3 |         92 |          0 |      92 |    0 |   132 |      0 |      0 |          0 |
|                     gen_wr.inst_wr_addra_p1                                                           |                           xdma_ddr3_axi_smc_0_sc_util_v1_0_4_counter__parameterized1_22 |         12 |         12 |       0 |    0 |     6 |      0 |      0 |          0 |
|                 inst_ingress                                                                          |                            xdma_ddr3_axi_smc_0_sc_node_v1_0_14_ingress__parameterized12 |          0 |          0 |       0 |    0 |     2 |      0 |      0 |          0 |
|                   inst_pipeline_recv                                                                  |                            xdma_ddr3_axi_smc_0_sc_util_v1_0_4_pipeline__parameterized11 |          0 |          0 |       0 |    0 |     1 |      0 |      0 |          0 |
|                   inst_pipeline_valid                                                                 |                             xdma_ddr3_axi_smc_0_sc_util_v1_0_4_pipeline__parameterized3 |          0 |          0 |       0 |    0 |     1 |      0 |      0 |          0 |
|               inst_si_handler                                                                         |                         xdma_ddr3_axi_smc_0_sc_node_v1_0_14_si_handler__parameterized10 |         13 |         13 |       0 |    0 |    11 |      0 |      0 |          0 |
|                 (inst_si_handler)                                                                     |                         xdma_ddr3_axi_smc_0_sc_node_v1_0_14_si_handler__parameterized10 |          0 |          0 |       0 |    0 |     1 |      0 |      0 |          0 |
|                 gen_si_handler.gen_arbiter_rr_normal_area.inst_arbiter                                |                          xdma_ddr3_axi_smc_0_sc_node_v1_0_14_arb_alg_rr__parameterized0 |          9 |          9 |       0 |    0 |     4 |      0 |      0 |          0 |
|                 gen_si_handler.gen_request_counters.gen_req_counter[0].inst_req_counter               |                                              xdma_ddr3_axi_smc_0_sc_util_v1_0_4_counter |          2 |          2 |       0 |    0 |     3 |      0 |      0 |          0 |
|                 gen_si_handler.gen_request_counters.gen_req_counter[1].inst_req_counter               |                                           xdma_ddr3_axi_smc_0_sc_util_v1_0_4_counter_19 |          2 |          2 |       0 |    0 |     3 |      0 |      0 |          0 |
|               m_sc_xpm_cdc_async_rst_inst                                                             |                                               xdma_ddr3_axi_smc_0_xpm_cdc_async_rst__22 |          1 |          1 |       0 |    0 |     3 |      0 |      0 |          0 |
|               s_sc_xpm_cdc_async_rst_inst                                                             |                                               xdma_ddr3_axi_smc_0_xpm_cdc_async_rst__21 |          1 |          1 |       0 |    0 |     3 |      0 |      0 |          0 |
|           s02_w_node                                                                                  |                                                       xdma_ddr3_axi_smc_0_bd_a1ba_swn_2 |        209 |        101 |     108 |    0 |   380 |      0 |      0 |          0 |
|             (s02_w_node)                                                                              |                                                       xdma_ddr3_axi_smc_0_bd_a1ba_swn_2 |          0 |          0 |       0 |    0 |     0 |      0 |      0 |          0 |
|             inst                                                                                      |                                xdma_ddr3_axi_smc_0_sc_node_v1_0_14_top__parameterized18 |        209 |        101 |     108 |    0 |   380 |      0 |      0 |          0 |
|               (inst)                                                                                  |                                xdma_ddr3_axi_smc_0_sc_node_v1_0_14_top__parameterized18 |          3 |          3 |       0 |    0 |     1 |      0 |      0 |          0 |
|               inst_mi_handler                                                                         |                         xdma_ddr3_axi_smc_0_sc_node_v1_0_14_mi_handler__parameterized18 |        203 |         95 |     108 |    0 |   372 |      0 |      0 |          0 |
|                 (inst_mi_handler)                                                                     |                         xdma_ddr3_axi_smc_0_sc_node_v1_0_14_mi_handler__parameterized18 |          0 |          0 |       0 |    0 |     2 |      0 |      0 |          0 |
|                 gen_normal_area.gen_fi_regulator.inst_fi_regulator                                    |                                        xdma_ddr3_axi_smc_0_sc_node_v1_0_14_fi_regulator |          1 |          1 |       0 |    0 |     2 |      0 |      0 |          0 |
|                 gen_normal_area.gen_fifo_req.inst_fifo_req                                            |                               xdma_ddr3_axi_smc_0_sc_node_v1_0_14_fifo__parameterized18 |         31 |         27 |       4 |    0 |    24 |      0 |      0 |          0 |
|                   gen_xpm_memory_fifo.inst_fifo                                                       |                     xdma_ddr3_axi_smc_0_sc_util_v1_0_4_xpm_memory_fifo__parameterized18 |         31 |         27 |       4 |    0 |    24 |      0 |      0 |          0 |
|                     (gen_xpm_memory_fifo.inst_fifo)                                                   |                     xdma_ddr3_axi_smc_0_sc_util_v1_0_4_xpm_memory_fifo__parameterized18 |          5 |          5 |       0 |    0 |     3 |      0 |      0 |          0 |
|                     gen_mem_rep[0].inst_rd_addrb                                                      |                           xdma_ddr3_axi_smc_0_sc_util_v1_0_4_counter__parameterized0_16 |          6 |          6 |       0 |    0 |     6 |      0 |      0 |          0 |
|                     gen_mem_rep[0].inst_wr_addra                                                      |                           xdma_ddr3_axi_smc_0_sc_util_v1_0_4_counter__parameterized0_17 |          4 |          4 |       0 |    0 |     6 |      0 |      0 |          0 |
|                     gen_mem_rep[0].inst_xpm_memory                                                    |                               xdma_ddr3_axi_smc_0_xpm_memory_sdpram__parameterized11__8 |          4 |          0 |       4 |    0 |     3 |      0 |      0 |          0 |
|                       (gen_mem_rep[0].inst_xpm_memory)                                                |                               xdma_ddr3_axi_smc_0_xpm_memory_sdpram__parameterized11__8 |          0 |          0 |       0 |    0 |     0 |      0 |      0 |          0 |
|                       xpm_memory_base_inst                                                            |                                 xdma_ddr3_axi_smc_0_xpm_memory_base__parameterized11__8 |          4 |          0 |       4 |    0 |     3 |      0 |      0 |          0 |
|                     gen_wr.inst_wr_addra_p1                                                           |                           xdma_ddr3_axi_smc_0_sc_util_v1_0_4_counter__parameterized1_18 |         12 |         12 |       0 |    0 |     6 |      0 |      0 |          0 |
|                 gen_normal_area.gen_upsizer.inst_upsizer                                              |                             xdma_ddr3_axi_smc_0_sc_node_v1_0_14_upsizer__parameterized0 |         24 |         24 |       0 |    0 |   161 |      0 |      0 |          0 |
|                   (gen_normal_area.gen_upsizer.inst_upsizer)                                          |                             xdma_ddr3_axi_smc_0_sc_node_v1_0_14_upsizer__parameterized0 |         23 |         23 |       0 |    0 |   156 |      0 |      0 |          0 |
|                   inst_upsizer_target_pipeline                                                        |                            xdma_ddr3_axi_smc_0_sc_util_v1_0_4_pipeline__parameterized12 |          1 |          1 |       0 |    0 |     5 |      0 |      0 |          0 |
|                 gen_normal_area.inst_fifo_node_payld                                                  |                               xdma_ddr3_axi_smc_0_sc_node_v1_0_14_fifo__parameterized19 |        135 |         31 |     104 |    0 |   172 |      0 |      0 |          0 |
|                   gen_xpm_memory_fifo.inst_fifo                                                       |                     xdma_ddr3_axi_smc_0_sc_util_v1_0_4_xpm_memory_fifo__parameterized19 |        135 |         31 |     104 |    0 |   172 |      0 |      0 |          0 |
|                     (gen_xpm_memory_fifo.inst_fifo)                                                   |                     xdma_ddr3_axi_smc_0_sc_util_v1_0_4_xpm_memory_fifo__parameterized19 |          6 |          6 |       0 |    0 |     4 |      0 |      0 |          0 |
|                     gen_mem_rep[0].inst_rd_addrb                                                      |                              xdma_ddr3_axi_smc_0_sc_util_v1_0_4_counter__parameterized0 |          4 |          4 |       0 |    0 |     6 |      0 |      0 |          0 |
|                     gen_mem_rep[0].inst_wr_addra                                                      |                           xdma_ddr3_axi_smc_0_sc_util_v1_0_4_counter__parameterized0_15 |          4 |          4 |       0 |    0 |     6 |      0 |      0 |          0 |
|                     gen_mem_rep[0].inst_xpm_memory                                                    |                               xdma_ddr3_axi_smc_0_xpm_memory_sdpram__parameterized15__2 |        104 |          0 |     104 |    0 |   150 |      0 |      0 |          0 |
|                       (gen_mem_rep[0].inst_xpm_memory)                                                |                               xdma_ddr3_axi_smc_0_xpm_memory_sdpram__parameterized15__2 |          0 |          0 |       0 |    0 |     0 |      0 |      0 |          0 |
|                       xpm_memory_base_inst                                                            |                                 xdma_ddr3_axi_smc_0_xpm_memory_base__parameterized15__2 |        104 |          0 |     104 |    0 |   150 |      0 |      0 |          0 |
|                     gen_wr.inst_wr_addra_p1                                                           |                              xdma_ddr3_axi_smc_0_sc_util_v1_0_4_counter__parameterized1 |         17 |         17 |       0 |    0 |     6 |      0 |      0 |          0 |
|                 gen_normal_area.inst_fifo_send                                                        |                          xdma_ddr3_axi_smc_0_sc_node_v1_0_14_reg_slice3__parameterized2 |         12 |         12 |       0 |    0 |    11 |      0 |      0 |          0 |
|               inst_si_handler                                                                         |                          xdma_ddr3_axi_smc_0_sc_node_v1_0_14_si_handler__parameterized8 |          1 |          1 |       0 |    0 |     1 |      0 |      0 |          0 |
|               m_sc_xpm_cdc_async_rst_inst                                                             |                                               xdma_ddr3_axi_smc_0_xpm_cdc_async_rst__20 |          1 |          1 |       0 |    0 |     3 |      0 |      0 |          0 |
|               s_sc_xpm_cdc_async_rst_inst                                                             |                                               xdma_ddr3_axi_smc_0_xpm_cdc_async_rst__19 |          1 |          1 |       0 |    0 |     3 |      0 |      0 |          0 |
|         switchboards                                                                                  |                                            xdma_ddr3_axi_smc_0_switchboards_imp_1RLJCZQ |        798 |        798 |       0 |    0 |  1002 |      0 |      0 |          0 |
|           ar_switchboard                                                                              |                                                      xdma_ddr3_axi_smc_0_bd_a1ba_arsw_0 |        150 |        150 |       0 |    0 |   150 |      0 |      0 |          0 |
|             (ar_switchboard)                                                                          |                                                      xdma_ddr3_axi_smc_0_bd_a1ba_arsw_0 |          0 |          0 |       0 |    0 |     0 |      0 |      0 |          0 |
|             inst                                                                                      |                                           xdma_ddr3_axi_smc_0_sc_switchboard_v1_0_6_top |        150 |        150 |       0 |    0 |   150 |      0 |      0 |          0 |
|               (inst)                                                                                  |                                           xdma_ddr3_axi_smc_0_sc_switchboard_v1_0_6_top |          0 |          0 |       0 |    0 |     0 |      0 |      0 |          0 |
|               gen_mi[0].inst_mux_payld                                                                |                                               xdma_ddr3_axi_smc_0_sc_util_v1_0_4_mux_11 |         66 |         66 |       0 |    0 |     0 |      0 |      0 |          0 |
|               gen_mi[0].inst_opipe_payld                                                              |                         xdma_ddr3_axi_smc_0_sc_util_v1_0_4_pipeline__parameterized13_12 |          0 |          0 |       0 |    0 |    66 |      0 |      0 |          0 |
|               gen_mi[1].inst_mux_payld                                                                |                                               xdma_ddr3_axi_smc_0_sc_util_v1_0_4_mux_13 |         84 |         84 |       0 |    0 |     0 |      0 |      0 |          0 |
|               gen_mi[1].inst_opipe_payld                                                              |                         xdma_ddr3_axi_smc_0_sc_util_v1_0_4_pipeline__parameterized13_14 |          0 |          0 |       0 |    0 |    84 |      0 |      0 |          0 |
|           aw_switchboard                                                                              |                                                      xdma_ddr3_axi_smc_0_bd_a1ba_awsw_0 |        138 |        138 |       0 |    0 |   138 |      0 |      0 |          0 |
|             (aw_switchboard)                                                                          |                                                      xdma_ddr3_axi_smc_0_bd_a1ba_awsw_0 |          0 |          0 |       0 |    0 |     0 |      0 |      0 |          0 |
|             inst                                                                                      |                                        xdma_ddr3_axi_smc_0_sc_switchboard_v1_0_6_top__1 |        138 |        138 |       0 |    0 |   138 |      0 |      0 |          0 |
|               (inst)                                                                                  |                                        xdma_ddr3_axi_smc_0_sc_switchboard_v1_0_6_top__1 |          0 |          0 |       0 |    0 |     0 |      0 |      0 |          0 |
|               gen_mi[0].inst_mux_payld                                                                |                                                  xdma_ddr3_axi_smc_0_sc_util_v1_0_4_mux |         60 |         60 |       0 |    0 |     0 |      0 |      0 |          0 |
|               gen_mi[0].inst_opipe_payld                                                              |                            xdma_ddr3_axi_smc_0_sc_util_v1_0_4_pipeline__parameterized13 |          0 |          0 |       0 |    0 |    60 |      0 |      0 |          0 |
|               gen_mi[1].inst_mux_payld                                                                |                                                xdma_ddr3_axi_smc_0_sc_util_v1_0_4_mux_9 |         78 |         78 |       0 |    0 |     0 |      0 |      0 |          0 |
|               gen_mi[1].inst_opipe_payld                                                              |                         xdma_ddr3_axi_smc_0_sc_util_v1_0_4_pipeline__parameterized13_10 |          0 |          0 |       0 |    0 |    78 |      0 |      0 |          0 |
|           b_switchboard                                                                               |                                                       xdma_ddr3_axi_smc_0_bd_a1ba_bsw_0 |          6 |          6 |       0 |    0 |     9 |      0 |      0 |          0 |
|             (b_switchboard)                                                                           |                                                       xdma_ddr3_axi_smc_0_bd_a1ba_bsw_0 |          0 |          0 |       0 |    0 |     0 |      0 |      0 |          0 |
|             inst                                                                                      |                           xdma_ddr3_axi_smc_0_sc_switchboard_v1_0_6_top__parameterized0 |          6 |          6 |       0 |    0 |     9 |      0 |      0 |          0 |
|               (inst)                                                                                  |                           xdma_ddr3_axi_smc_0_sc_switchboard_v1_0_6_top__parameterized0 |          0 |          0 |       0 |    0 |     0 |      0 |      0 |          0 |
|               gen_mi[0].inst_mux_payld                                                                |                                  xdma_ddr3_axi_smc_0_sc_util_v1_0_4_mux__parameterized0 |          2 |          2 |       0 |    0 |     0 |      0 |      0 |          0 |
|               gen_mi[0].inst_opipe_payld                                                              |                            xdma_ddr3_axi_smc_0_sc_util_v1_0_4_pipeline__parameterized14 |          0 |          0 |       0 |    0 |     3 |      0 |      0 |          0 |
|               gen_mi[1].inst_mux_payld                                                                |                                xdma_ddr3_axi_smc_0_sc_util_v1_0_4_mux__parameterized0_5 |          2 |          2 |       0 |    0 |     0 |      0 |      0 |          0 |
|               gen_mi[1].inst_opipe_payld                                                              |                          xdma_ddr3_axi_smc_0_sc_util_v1_0_4_pipeline__parameterized14_6 |          0 |          0 |       0 |    0 |     3 |      0 |      0 |          0 |
|               gen_mi[2].inst_mux_payld                                                                |                                xdma_ddr3_axi_smc_0_sc_util_v1_0_4_mux__parameterized0_7 |          2 |          2 |       0 |    0 |     0 |      0 |      0 |          0 |
|               gen_mi[2].inst_opipe_payld                                                              |                          xdma_ddr3_axi_smc_0_sc_util_v1_0_4_pipeline__parameterized14_8 |          0 |          0 |       0 |    0 |     3 |      0 |      0 |          0 |
|           r_switchboard                                                                               |                                                       xdma_ddr3_axi_smc_0_bd_a1ba_rsw_0 |        204 |        204 |       0 |    0 |   405 |      0 |      0 |          0 |
|             (r_switchboard)                                                                           |                                                       xdma_ddr3_axi_smc_0_bd_a1ba_rsw_0 |          0 |          0 |       0 |    0 |     0 |      0 |      0 |          0 |
|             inst                                                                                      |                           xdma_ddr3_axi_smc_0_sc_switchboard_v1_0_6_top__parameterized1 |        204 |        204 |       0 |    0 |   405 |      0 |      0 |          0 |
|               (inst)                                                                                  |                           xdma_ddr3_axi_smc_0_sc_switchboard_v1_0_6_top__parameterized1 |          0 |          0 |       0 |    0 |     0 |      0 |      0 |          0 |
|               gen_mi[0].inst_mux_payld                                                                |                                  xdma_ddr3_axi_smc_0_sc_util_v1_0_4_mux__parameterized1 |         68 |         68 |       0 |    0 |     0 |      0 |      0 |          0 |
|               gen_mi[0].inst_opipe_payld                                                              |                            xdma_ddr3_axi_smc_0_sc_util_v1_0_4_pipeline__parameterized15 |          0 |          0 |       0 |    0 |   135 |      0 |      0 |          0 |
|               gen_mi[1].inst_mux_payld                                                                |                                xdma_ddr3_axi_smc_0_sc_util_v1_0_4_mux__parameterized1_1 |         68 |         68 |       0 |    0 |     0 |      0 |      0 |          0 |
|               gen_mi[1].inst_opipe_payld                                                              |                          xdma_ddr3_axi_smc_0_sc_util_v1_0_4_pipeline__parameterized15_2 |          0 |          0 |       0 |    0 |   135 |      0 |      0 |          0 |
|               gen_mi[2].inst_mux_payld                                                                |                                xdma_ddr3_axi_smc_0_sc_util_v1_0_4_mux__parameterized1_3 |         68 |         68 |       0 |    0 |     0 |      0 |      0 |          0 |
|               gen_mi[2].inst_opipe_payld                                                              |                          xdma_ddr3_axi_smc_0_sc_util_v1_0_4_pipeline__parameterized15_4 |          0 |          0 |       0 |    0 |   135 |      0 |      0 |          0 |
|           w_switchboard                                                                               |                                                       xdma_ddr3_axi_smc_0_bd_a1ba_wsw_0 |        300 |        300 |       0 |    0 |   300 |      0 |      0 |          0 |
|             (w_switchboard)                                                                           |                                                       xdma_ddr3_axi_smc_0_bd_a1ba_wsw_0 |          0 |          0 |       0 |    0 |     0 |      0 |      0 |          0 |
|             inst                                                                                      |                           xdma_ddr3_axi_smc_0_sc_switchboard_v1_0_6_top__parameterized2 |        300 |        300 |       0 |    0 |   300 |      0 |      0 |          0 |
|               (inst)                                                                                  |                           xdma_ddr3_axi_smc_0_sc_switchboard_v1_0_6_top__parameterized2 |          0 |          0 |       0 |    0 |     0 |      0 |      0 |          0 |
|               gen_mi[0].inst_opipe_payld                                                              |                            xdma_ddr3_axi_smc_0_sc_util_v1_0_4_pipeline__parameterized16 |        150 |        150 |       0 |    0 |   150 |      0 |      0 |          0 |
|               gen_mi[1].inst_opipe_payld                                                              |                          xdma_ddr3_axi_smc_0_sc_util_v1_0_4_pipeline__parameterized16_0 |        150 |        150 |       0 |    0 |   150 |      0 |      0 |          0 |
|     mig_7series_0                                                                                     |                                                               xdma_ddr3_mig_7series_0_0 |       6455 |       5748 |     488 |  219 |  5772 |      0 |      0 |          0 |
|       (mig_7series_0)                                                                                 |                                                               xdma_ddr3_mig_7series_0_0 |          0 |          0 |       0 |    0 |     0 |      0 |      0 |          0 |
|       u_xdma_ddr3_mig_7series_0_0_mig                                                                 |                                                           xdma_ddr3_mig_7series_0_0_mig |       6455 |       5748 |     488 |  219 |  5772 |      0 |      0 |          0 |
|         temp_mon_enabled.u_tempmon                                                                    |                                      xdma_ddr3_mig_7series_0_0_mig_7series_v4_2_tempmon |         39 |         39 |       0 |    0 |   122 |      0 |      0 |          0 |
|         u_ddr3_clk_ibuf                                                                               |                                     xdma_ddr3_mig_7series_0_0_mig_7series_v4_2_clk_ibuf |          0 |          0 |       0 |    0 |     0 |      0 |      0 |          0 |
|         u_ddr3_infrastructure                                                                         |                               xdma_ddr3_mig_7series_0_0_mig_7series_v4_2_infrastructure |         31 |         31 |       0 |    0 |    59 |      0 |      0 |          0 |
|         u_iodelay_ctrl                                                                                |                                 xdma_ddr3_mig_7series_0_0_mig_7series_v4_2_iodelay_ctrl |          2 |          2 |       0 |    0 |    15 |      0 |      0 |          0 |
|         u_memc_ui_top_axi                                                                             |                              xdma_ddr3_mig_7series_0_0_mig_7series_v4_2_memc_ui_top_axi |       6383 |       5676 |     488 |  219 |  5576 |      0 |      0 |          0 |
|           (u_memc_ui_top_axi)                                                                         |                              xdma_ddr3_mig_7series_0_0_mig_7series_v4_2_memc_ui_top_axi |          0 |          0 |       0 |    0 |     2 |      0 |      0 |          0 |
|           mem_intfc0                                                                                  |                                    xdma_ddr3_mig_7series_0_0_mig_7series_v4_2_mem_intfc |       4432 |       4123 |     292 |   17 |  3446 |      0 |      0 |          0 |
|             ddr_phy_top0                                                                              |                                  xdma_ddr3_mig_7series_0_0_mig_7series_v4_2_ddr_phy_top |       3805 |       3505 |     284 |   16 |  2935 |      0 |      0 |          0 |
|               u_ddr_calib_top                                                                         |                                xdma_ddr3_mig_7series_0_0_mig_7series_v4_2_ddr_calib_top |       2929 |       2915 |       0 |   14 |  2592 |      0 |      0 |          0 |
|                 (u_ddr_calib_top)                                                                     |                                xdma_ddr3_mig_7series_0_0_mig_7series_v4_2_ddr_calib_top |         26 |         25 |       0 |    1 |    28 |      0 |      0 |          0 |
|                 ddr_phy_prbs_rdlvl_gen.u_ddr_phy_prbs_rdlvl                                           |                           xdma_ddr3_mig_7series_0_0_mig_7series_v4_2_ddr_phy_prbs_rdlvl |        367 |        367 |       0 |    0 |   499 |      0 |      0 |          0 |
|                 ddr_phy_rdlvl_gen.u_ddr_phy_rdlvl                                                     |                                xdma_ddr3_mig_7series_0_0_mig_7series_v4_2_ddr_phy_rdlvl |        535 |        535 |       0 |    0 |   873 |      0 |      0 |          0 |
|                 ddr_phy_tempmon_0                                                                     |                              xdma_ddr3_mig_7series_0_0_mig_7series_v4_2_ddr_phy_tempmon |        259 |        259 |       0 |    0 |   229 |      0 |      0 |          0 |
|                 dqsfind_calib_left.u_ddr_phy_dqs_found_cal_hr                                         |                     xdma_ddr3_mig_7series_0_0_mig_7series_v4_2_ddr_phy_dqs_found_cal_hr |        156 |        155 |       0 |    1 |    97 |      0 |      0 |          0 |
|                 mb_wrlvl_inst.u_ddr_phy_ck_addr_cmd_delay                                             |                    xdma_ddr3_mig_7series_0_0_mig_7series_v4_2_ddr_phy_ck_addr_cmd_delay |         19 |         18 |       0 |    1 |    16 |      0 |      0 |          0 |
|                 mb_wrlvl_inst.u_ddr_phy_wrlvl                                                         |                                xdma_ddr3_mig_7series_0_0_mig_7series_v4_2_ddr_phy_wrlvl |        263 |        262 |       0 |    1 |   160 |      0 |      0 |          0 |
|                 u_ddr_phy_init                                                                        |                                 xdma_ddr3_mig_7series_0_0_mig_7series_v4_2_ddr_phy_init |       1008 |       1004 |       0 |    4 |   353 |      0 |      0 |          0 |
|                 u_ddr_phy_wrcal                                                                       |                                xdma_ddr3_mig_7series_0_0_mig_7series_v4_2_ddr_phy_wrcal |        167 |        161 |       0 |    6 |   304 |      0 |      0 |          0 |
|                 u_ddr_prbs_gen                                                                        |                                 xdma_ddr3_mig_7series_0_0_mig_7series_v4_2_ddr_prbs_gen |        129 |        129 |       0 |    0 |    33 |      0 |      0 |          0 |
|               u_ddr_mc_phy_wrapper                                                                    |                           xdma_ddr3_mig_7series_0_0_mig_7series_v4_2_ddr_mc_phy_wrapper |        876 |        590 |     284 |    2 |   343 |      0 |      0 |          0 |
|                 (u_ddr_mc_phy_wrapper)                                                                |                           xdma_ddr3_mig_7series_0_0_mig_7series_v4_2_ddr_mc_phy_wrapper |          0 |          0 |       0 |    0 |    24 |      0 |      0 |          0 |
|                 gen_dqs_iobuf_HR.gen_dqs_iobuf[0].gen_dqs_diff.u_iddr_edge_det                        |                                       xdma_ddr3_mig_7series_0_0_mig_7series_v4_2_poc_pd |          0 |          0 |       0 |    0 |     0 |      0 |      0 |          0 |
|                 gen_dqs_iobuf_HR.gen_dqs_iobuf[1].gen_dqs_diff.u_iddr_edge_det                        |                                    xdma_ddr3_mig_7series_0_0_mig_7series_v4_2_poc_pd_75 |          0 |          0 |       0 |    0 |     0 |      0 |      0 |          0 |
|                 genblk24.phy_ctl_pre_fifo_0                                                           |                              xdma_ddr3_mig_7series_0_0_mig_7series_v4_2_ddr_of_pre_fifo |          5 |          5 |       0 |    0 |     6 |      0 |      0 |          0 |
|                 genblk24.phy_ctl_pre_fifo_1                                                           |              xdma_ddr3_mig_7series_0_0_mig_7series_v4_2_ddr_of_pre_fifo__parameterized0 |          5 |          5 |       0 |    0 |     6 |      0 |      0 |          0 |
|                 genblk24.phy_ctl_pre_fifo_2                                                           |           xdma_ddr3_mig_7series_0_0_mig_7series_v4_2_ddr_of_pre_fifo__parameterized0_76 |          5 |          5 |       0 |    0 |     6 |      0 |      0 |          0 |
|                 u_ddr_mc_phy                                                                          |                                   xdma_ddr3_mig_7series_0_0_mig_7series_v4_2_ddr_mc_phy |        861 |        575 |     284 |    2 |   301 |      0 |      0 |          0 |
|                   (u_ddr_mc_phy)                                                                      |                                   xdma_ddr3_mig_7series_0_0_mig_7series_v4_2_ddr_mc_phy |          0 |          0 |       0 |    0 |    16 |      0 |      0 |          0 |
|                   ddr_phy_4lanes_0.u_ddr_phy_4lanes                                                   |                               xdma_ddr3_mig_7series_0_0_mig_7series_v4_2_ddr_phy_4lanes |        861 |        575 |     284 |    2 |   285 |      0 |      0 |          0 |
|                     (ddr_phy_4lanes_0.u_ddr_phy_4lanes)                                               |                               xdma_ddr3_mig_7series_0_0_mig_7series_v4_2_ddr_phy_4lanes |          9 |          8 |       0 |    1 |    20 |      0 |      0 |          0 |
|                     ddr_byte_lane_A.ddr_byte_lane_A                                                   |                                xdma_ddr3_mig_7series_0_0_mig_7series_v4_2_ddr_byte_lane |         62 |         22 |      40 |    0 |    20 |      0 |      0 |          0 |
|                       (ddr_byte_lane_A.ddr_byte_lane_A)                                               |                                xdma_ddr3_mig_7series_0_0_mig_7series_v4_2_ddr_byte_lane |          1 |          1 |       0 |    0 |     1 |      0 |      0 |          0 |
|                       ddr_byte_group_io                                                               |                            xdma_ddr3_mig_7series_0_0_mig_7series_v4_2_ddr_byte_group_io |          0 |          0 |       0 |    0 |     0 |      0 |      0 |          0 |
|                       of_pre_fifo_gen.u_ddr_of_pre_fifo                                               |           xdma_ddr3_mig_7series_0_0_mig_7series_v4_2_ddr_of_pre_fifo__parameterized1_80 |         61 |         21 |      40 |    0 |    19 |      0 |      0 |          0 |
|                     ddr_byte_lane_B.ddr_byte_lane_B                                                   |                xdma_ddr3_mig_7series_0_0_mig_7series_v4_2_ddr_byte_lane__parameterized0 |         75 |         31 |      44 |    0 |    19 |      0 |      0 |          0 |
|                       (ddr_byte_lane_B.ddr_byte_lane_B)                                               |                xdma_ddr3_mig_7series_0_0_mig_7series_v4_2_ddr_byte_lane__parameterized0 |          9 |          9 |       0 |    0 |     0 |      0 |      0 |          0 |
|                       ddr_byte_group_io                                                               |            xdma_ddr3_mig_7series_0_0_mig_7series_v4_2_ddr_byte_group_io__parameterized0 |          0 |          0 |       0 |    0 |     0 |      0 |      0 |          0 |
|                       of_pre_fifo_gen.u_ddr_of_pre_fifo                                               |           xdma_ddr3_mig_7series_0_0_mig_7series_v4_2_ddr_of_pre_fifo__parameterized1_79 |         66 |         22 |      44 |    0 |    19 |      0 |      0 |          0 |
|                     ddr_byte_lane_C.ddr_byte_lane_C                                                   |                xdma_ddr3_mig_7series_0_0_mig_7series_v4_2_ddr_byte_lane__parameterized1 |        454 |        353 |     100 |    1 |   117 |      0 |      0 |          0 |
|                       (ddr_byte_lane_C.ddr_byte_lane_C)                                               |                xdma_ddr3_mig_7series_0_0_mig_7series_v4_2_ddr_byte_lane__parameterized1 |          7 |          7 |       0 |    0 |    71 |      0 |      0 |          0 |
|                       ddr_byte_group_io                                                               |            xdma_ddr3_mig_7series_0_0_mig_7series_v4_2_ddr_byte_group_io__parameterized1 |          2 |          1 |       0 |    1 |     2 |      0 |      0 |          0 |
|                       dq_gen_40.if_post_fifo_gen.u_ddr_if_post_fifo                                   |                          xdma_ddr3_mig_7series_0_0_mig_7series_v4_2_ddr_if_post_fifo_77 |        364 |        316 |      48 |    0 |    20 |      0 |      0 |          0 |
|                       of_pre_fifo_gen.u_ddr_of_pre_fifo                                               |           xdma_ddr3_mig_7series_0_0_mig_7series_v4_2_ddr_of_pre_fifo__parameterized1_78 |         81 |         29 |      52 |    0 |    24 |      0 |      0 |          0 |
|                     ddr_byte_lane_D.ddr_byte_lane_D                                                   |                xdma_ddr3_mig_7series_0_0_mig_7series_v4_2_ddr_byte_lane__parameterized2 |        261 |        161 |     100 |    0 |   109 |      0 |      0 |          0 |
|                       (ddr_byte_lane_D.ddr_byte_lane_D)                                               |                xdma_ddr3_mig_7series_0_0_mig_7series_v4_2_ddr_byte_lane__parameterized2 |          0 |          0 |       0 |    0 |    71 |      0 |      0 |          0 |
|                       ddr_byte_group_io                                                               |            xdma_ddr3_mig_7series_0_0_mig_7series_v4_2_ddr_byte_group_io__parameterized2 |          0 |          0 |       0 |    0 |     0 |      0 |      0 |          0 |
|                       dq_gen_40.if_post_fifo_gen.u_ddr_if_post_fifo                                   |                             xdma_ddr3_mig_7series_0_0_mig_7series_v4_2_ddr_if_post_fifo |        181 |        133 |      48 |    0 |    14 |      0 |      0 |          0 |
|                       of_pre_fifo_gen.u_ddr_of_pre_fifo                                               |              xdma_ddr3_mig_7series_0_0_mig_7series_v4_2_ddr_of_pre_fifo__parameterized1 |         80 |         28 |      52 |    0 |    24 |      0 |      0 |          0 |
|             mc0                                                                                       |                                           xdma_ddr3_mig_7series_0_0_mig_7series_v4_2_mc |        627 |        618 |       8 |    1 |   511 |      0 |      0 |          0 |
|               (mc0)                                                                                   |                                           xdma_ddr3_mig_7series_0_0_mig_7series_v4_2_mc |         89 |         89 |       0 |    0 |    74 |      0 |      0 |          0 |
|               bank_mach0                                                                              |                                    xdma_ddr3_mig_7series_0_0_mig_7series_v4_2_bank_mach |        459 |        459 |       0 |    0 |   348 |      0 |      0 |          0 |
|                 arb_mux0                                                                              |                                      xdma_ddr3_mig_7series_0_0_mig_7series_v4_2_arb_mux |        175 |        175 |       0 |    0 |    36 |      0 |      0 |          0 |
|                   arb_row_col0                                                                        |                                  xdma_ddr3_mig_7series_0_0_mig_7series_v4_2_arb_row_col |        175 |        175 |       0 |    0 |    32 |      0 |      0 |          0 |
|                     (arb_row_col0)                                                                    |                                  xdma_ddr3_mig_7series_0_0_mig_7series_v4_2_arb_row_col |          7 |          7 |       0 |    0 |     8 |      0 |      0 |          0 |
|                     col_arb0                                                                          |              xdma_ddr3_mig_7series_0_0_mig_7series_v4_2_round_robin_arb__parameterized1 |         61 |         61 |       0 |    0 |     8 |      0 |      0 |          0 |
|                     pre_4_1_1T_arb.pre_arb0                                                           |           xdma_ddr3_mig_7series_0_0_mig_7series_v4_2_round_robin_arb__parameterized1_73 |         47 |         47 |       0 |    0 |     8 |      0 |      0 |          0 |
|                     row_arb0                                                                          |           xdma_ddr3_mig_7series_0_0_mig_7series_v4_2_round_robin_arb__parameterized1_74 |         60 |         60 |       0 |    0 |     8 |      0 |      0 |          0 |
|                   arb_select0                                                                         |                                   xdma_ddr3_mig_7series_0_0_mig_7series_v4_2_arb_select |          0 |          0 |       0 |    0 |     4 |      0 |      0 |          0 |
|                 bank_cntrl[0].bank0                                                                   |                                   xdma_ddr3_mig_7series_0_0_mig_7series_v4_2_bank_cntrl |         69 |         69 |       0 |    0 |    74 |      0 |      0 |          0 |
|                   bank_compare0                                                                       |                              xdma_ddr3_mig_7series_0_0_mig_7series_v4_2_bank_compare_72 |         10 |         10 |       0 |    0 |    35 |      0 |      0 |          0 |
|                   bank_queue0                                                                         |                                   xdma_ddr3_mig_7series_0_0_mig_7series_v4_2_bank_queue |         37 |         37 |       0 |    0 |    18 |      0 |      0 |          0 |
|                   bank_state0                                                                         |                                   xdma_ddr3_mig_7series_0_0_mig_7series_v4_2_bank_state |         22 |         22 |       0 |    0 |    21 |      0 |      0 |          0 |
|                 bank_cntrl[1].bank0                                                                   |                   xdma_ddr3_mig_7series_0_0_mig_7series_v4_2_bank_cntrl__parameterized0 |         67 |         67 |       0 |    0 |    72 |      0 |      0 |          0 |
|                   bank_compare0                                                                       |                              xdma_ddr3_mig_7series_0_0_mig_7series_v4_2_bank_compare_71 |         19 |         19 |       0 |    0 |    35 |      0 |      0 |          0 |
|                   bank_queue0                                                                         |                   xdma_ddr3_mig_7series_0_0_mig_7series_v4_2_bank_queue__parameterized0 |         28 |         28 |       0 |    0 |    18 |      0 |      0 |          0 |
|                   bank_state0                                                                         |                   xdma_ddr3_mig_7series_0_0_mig_7series_v4_2_bank_state__parameterized0 |         20 |         20 |       0 |    0 |    19 |      0 |      0 |          0 |
|                 bank_cntrl[2].bank0                                                                   |                   xdma_ddr3_mig_7series_0_0_mig_7series_v4_2_bank_cntrl__parameterized1 |         60 |         60 |       0 |    0 |    73 |      0 |      0 |          0 |
|                   bank_compare0                                                                       |                              xdma_ddr3_mig_7series_0_0_mig_7series_v4_2_bank_compare_70 |          8 |          8 |       0 |    0 |    35 |      0 |      0 |          0 |
|                   bank_queue0                                                                         |                   xdma_ddr3_mig_7series_0_0_mig_7series_v4_2_bank_queue__parameterized1 |         32 |         32 |       0 |    0 |    18 |      0 |      0 |          0 |
|                   bank_state0                                                                         |                   xdma_ddr3_mig_7series_0_0_mig_7series_v4_2_bank_state__parameterized1 |         20 |         20 |       0 |    0 |    20 |      0 |      0 |          0 |
|                 bank_cntrl[3].bank0                                                                   |                   xdma_ddr3_mig_7series_0_0_mig_7series_v4_2_bank_cntrl__parameterized2 |         69 |         69 |       0 |    0 |    72 |      0 |      0 |          0 |
|                   bank_compare0                                                                       |                                 xdma_ddr3_mig_7series_0_0_mig_7series_v4_2_bank_compare |         15 |         15 |       0 |    0 |    35 |      0 |      0 |          0 |
|                   bank_queue0                                                                         |                   xdma_ddr3_mig_7series_0_0_mig_7series_v4_2_bank_queue__parameterized2 |         32 |         32 |       0 |    0 |    18 |      0 |      0 |          0 |
|                   bank_state0                                                                         |                   xdma_ddr3_mig_7series_0_0_mig_7series_v4_2_bank_state__parameterized2 |         22 |         22 |       0 |    0 |    19 |      0 |      0 |          0 |
|                 bank_common0                                                                          |                                  xdma_ddr3_mig_7series_0_0_mig_7series_v4_2_bank_common |         19 |         19 |       0 |    0 |    21 |      0 |      0 |          0 |
|               col_mach0                                                                               |                                     xdma_ddr3_mig_7series_0_0_mig_7series_v4_2_col_mach |         23 |         15 |       8 |    0 |    25 |      0 |      0 |          0 |
|               rank_mach0                                                                              |                                    xdma_ddr3_mig_7series_0_0_mig_7series_v4_2_rank_mach |         56 |         55 |       0 |    1 |    64 |      0 |      0 |          0 |
|                 rank_cntrl[0].rank_cntrl0                                                             |                                   xdma_ddr3_mig_7series_0_0_mig_7series_v4_2_rank_cntrl |          7 |          6 |       0 |    1 |    15 |      0 |      0 |          0 |
|                 rank_common0                                                                          |                                  xdma_ddr3_mig_7series_0_0_mig_7series_v4_2_rank_common |         49 |         49 |       0 |    0 |    49 |      0 |      0 |          0 |
|                   (rank_common0)                                                                      |                                  xdma_ddr3_mig_7series_0_0_mig_7series_v4_2_rank_common |         45 |         45 |       0 |    0 |    46 |      0 |      0 |          0 |
|                   maintenance_request.maint_arb0                                                      |                              xdma_ddr3_mig_7series_0_0_mig_7series_v4_2_round_robin_arb |          4 |          4 |       0 |    0 |     3 |      0 |      0 |          0 |
|           u_axi_mc                                                                                    |                                       xdma_ddr3_mig_7series_0_0_mig_7series_v4_2_axi_mc |       1510 |       1308 |       0 |  202 |  1577 |      0 |      0 |          0 |
|             (u_axi_mc)                                                                                |                                       xdma_ddr3_mig_7series_0_0_mig_7series_v4_2_axi_mc |          0 |          0 |       0 |    0 |     9 |      0 |      0 |          0 |
|             USE_UPSIZER.upsizer_d2                                                                    |                              xdma_ddr3_mig_7series_0_0_mig_7series_v4_2_ddr_axi_upsizer |        924 |        859 |       0 |   65 |  1028 |      0 |      0 |          0 |
|               USE_READ.read_addr_inst                                                                 |                xdma_ddr3_mig_7series_0_0_mig_7series_v4_2_ddr_a_upsizer__parameterized0 |        107 |         75 |       0 |   32 |    92 |      0 |      0 |          0 |
|                 (USE_READ.read_addr_inst)                                                             |                xdma_ddr3_mig_7series_0_0_mig_7series_v4_2_ddr_a_upsizer__parameterized0 |         13 |         13 |       0 |    0 |    47 |      0 |      0 |          0 |
|                 USE_BURSTS.cmd_queue                                                                  |                          xdma_ddr3_mig_7series_0_0_mig_7series_v4_2_ddr_command_fifo_57 |         94 |         62 |       0 |   32 |    41 |      0 |      0 |          0 |
|                   (USE_BURSTS.cmd_queue)                                                              |                          xdma_ddr3_mig_7series_0_0_mig_7series_v4_2_ddr_command_fifo_57 |         84 |         52 |       0 |   32 |    40 |      0 |      0 |          0 |
|                   USE_FPGA_VALID_WRITE.new_write_inst                                                 |                        xdma_ddr3_mig_7series_0_0_mig_7series_v4_2_ddr_carry_latch_or_63 |          6 |          6 |       0 |    0 |     1 |      0 |      0 |          0 |
|                   USE_FPGA_VALID_WRITE.s_valid_dummy_inst1                                            |                             xdma_ddr3_mig_7series_0_0_mig_7series_v4_2_ddr_carry_and_64 |          1 |          1 |       0 |    0 |     0 |      0 |      0 |          0 |
|                   USE_FPGA_VALID_WRITE.s_valid_dummy_inst2                                            |                             xdma_ddr3_mig_7series_0_0_mig_7series_v4_2_ddr_carry_and_65 |          0 |          0 |       0 |    0 |     0 |      0 |      0 |          0 |
|                   USE_FPGA_VALID_WRITE.valid_write_dummy_inst1                                        |                             xdma_ddr3_mig_7series_0_0_mig_7series_v4_2_ddr_carry_and_66 |          0 |          0 |       0 |    0 |     0 |      0 |      0 |          0 |
|                   USE_FPGA_VALID_WRITE.valid_write_dummy_inst2                                        |                             xdma_ddr3_mig_7series_0_0_mig_7series_v4_2_ddr_carry_and_67 |          0 |          0 |       0 |    0 |     0 |      0 |      0 |          0 |
|                   USE_FPGA_VALID_WRITE.valid_write_dummy_inst3                                        |                             xdma_ddr3_mig_7series_0_0_mig_7series_v4_2_ddr_carry_and_68 |          0 |          0 |       0 |    0 |     0 |      0 |      0 |          0 |
|                   USE_FPGA_VALID_WRITE.valid_write_inst                                               |                             xdma_ddr3_mig_7series_0_0_mig_7series_v4_2_ddr_carry_and_69 |          3 |          3 |       0 |    0 |     0 |      0 |      0 |          0 |
|                 USE_FPGA_ADJUSTED_LEN.LUT_LAST_MASK[0].last_mask_inst                                 |                       xdma_ddr3_mig_7series_0_0_mig_7series_v4_2_ddr_carry_latch_and_58 |          0 |          0 |       0 |    0 |     1 |      0 |      0 |          0 |
|                 USE_FPGA_ADJUSTED_LEN.LUT_LAST_MASK[1].last_mask_inst                                 |                       xdma_ddr3_mig_7series_0_0_mig_7series_v4_2_ddr_carry_latch_and_59 |          0 |          0 |       0 |    0 |     1 |      0 |      0 |          0 |
|                 USE_FPGA_ADJUSTED_LEN.LUT_LAST_MASK[2].last_mask_inst                                 |                       xdma_ddr3_mig_7series_0_0_mig_7series_v4_2_ddr_carry_latch_and_60 |          0 |          0 |       0 |    0 |     1 |      0 |      0 |          0 |
|                 USE_FPGA_ADJUSTED_LEN.LUT_LAST_MASK[3].last_mask_inst                                 |                       xdma_ddr3_mig_7series_0_0_mig_7series_v4_2_ddr_carry_latch_and_61 |          0 |          0 |       0 |    0 |     1 |      0 |      0 |          0 |
|                 USE_FPGA_ADJUSTED_LEN.access_need_extra_word_inst                                     |                             xdma_ddr3_mig_7series_0_0_mig_7series_v4_2_ddr_carry_and_62 |          0 |          0 |       0 |    0 |     0 |      0 |      0 |          0 |
|               USE_READ.read_data_inst                                                                 |                                xdma_ddr3_mig_7series_0_0_mig_7series_v4_2_ddr_r_upsizer |         92 |         92 |       0 |    0 |   153 |      0 |      0 |          0 |
|                 (USE_READ.read_data_inst)                                                             |                                xdma_ddr3_mig_7series_0_0_mig_7series_v4_2_ddr_r_upsizer |         79 |         79 |       0 |    0 |   152 |      0 |      0 |          0 |
|                 USE_FPGA_CTRL.cmd_ready_inst                                                          |                       xdma_ddr3_mig_7series_0_0_mig_7series_v4_2_ddr_carry_latch_and_34 |          1 |          1 |       0 |    0 |     1 |      0 |      0 |          0 |
|                 USE_FPGA_LAST_WORD.USE_FPGA_PACK.last_beat_inst_1                                     |                             xdma_ddr3_mig_7series_0_0_mig_7series_v4_2_ddr_carry_and_35 |          1 |          1 |       0 |    0 |     0 |      0 |      0 |          0 |
|                 USE_FPGA_LAST_WORD.USE_FPGA_PACK.last_beat_wrap_inst                                  |                              xdma_ddr3_mig_7series_0_0_mig_7series_v4_2_ddr_carry_or_36 |          1 |          1 |       0 |    0 |     0 |      0 |      0 |          0 |
|                 USE_FPGA_LAST_WORD.last_beat_curr_word_inst                                           |                        xdma_ddr3_mig_7series_0_0_mig_7series_v4_2_ddr_comparator_sel_37 |          0 |          0 |       0 |    0 |     0 |      0 |      0 |          0 |
|                   LUT_LEVEL[0].compare_inst                                                           |                             xdma_ddr3_mig_7series_0_0_mig_7series_v4_2_ddr_carry_and_53 |          0 |          0 |       0 |    0 |     0 |      0 |      0 |          0 |
|                   LUT_LEVEL[1].compare_inst                                                           |                             xdma_ddr3_mig_7series_0_0_mig_7series_v4_2_ddr_carry_and_54 |          0 |          0 |       0 |    0 |     0 |      0 |      0 |          0 |
|                   LUT_LEVEL[2].compare_inst                                                           |                             xdma_ddr3_mig_7series_0_0_mig_7series_v4_2_ddr_carry_and_55 |          0 |          0 |       0 |    0 |     0 |      0 |      0 |          0 |
|                   LUT_LEVEL[3].compare_inst                                                           |                             xdma_ddr3_mig_7series_0_0_mig_7series_v4_2_ddr_carry_and_56 |          0 |          0 |       0 |    0 |     0 |      0 |      0 |          0 |
|                 USE_FPGA_LAST_WORD.last_beat_inst                                                     | xdma_ddr3_mig_7series_0_0_mig_7series_v4_2_ddr_comparator_sel_static__parameterized0_38 |          5 |          5 |       0 |    0 |     0 |      0 |      0 |          0 |
|                   LUT_LEVEL[0].compare_inst                                                           |                             xdma_ddr3_mig_7series_0_0_mig_7series_v4_2_ddr_carry_and_49 |          1 |          1 |       0 |    0 |     0 |      0 |      0 |          0 |
|                   LUT_LEVEL[1].compare_inst                                                           |                             xdma_ddr3_mig_7series_0_0_mig_7series_v4_2_ddr_carry_and_50 |          1 |          1 |       0 |    0 |     0 |      0 |      0 |          0 |
|                   LUT_LEVEL[2].compare_inst                                                           |                             xdma_ddr3_mig_7series_0_0_mig_7series_v4_2_ddr_carry_and_51 |          1 |          1 |       0 |    0 |     0 |      0 |      0 |          0 |
|                   LUT_LEVEL[3].compare_inst                                                           |                             xdma_ddr3_mig_7series_0_0_mig_7series_v4_2_ddr_carry_and_52 |          2 |          2 |       0 |    0 |     0 |      0 |      0 |          0 |
|                 USE_FPGA_WORD_COMPLETED.next_word_wrap_inst                                           |                 xdma_ddr3_mig_7series_0_0_mig_7series_v4_2_ddr_comparator_sel_static_39 |          2 |          2 |       0 |    0 |     0 |      0 |      0 |          0 |
|                   LUT_LEVEL[0].compare_inst                                                           |                             xdma_ddr3_mig_7series_0_0_mig_7series_v4_2_ddr_carry_and_47 |          1 |          1 |       0 |    0 |     0 |      0 |      0 |          0 |
|                   LUT_LEVEL[1].compare_inst                                                           |                             xdma_ddr3_mig_7series_0_0_mig_7series_v4_2_ddr_carry_and_48 |          1 |          1 |       0 |    0 |     0 |      0 |      0 |          0 |
|                 USE_FPGA_WORD_COMPLETED.word_complete_last_word_inst                                  |                             xdma_ddr3_mig_7series_0_0_mig_7series_v4_2_ddr_carry_and_40 |          1 |          1 |       0 |    0 |     0 |      0 |      0 |          0 |
|                 USE_FPGA_WORD_COMPLETED.word_complete_next_wrap_inst                                  |                             xdma_ddr3_mig_7series_0_0_mig_7series_v4_2_ddr_carry_and_41 |          1 |          1 |       0 |    0 |     0 |      0 |      0 |          0 |
|                 USE_FPGA_WORD_COMPLETED.word_complete_next_wrap_pop_inst                              |                             xdma_ddr3_mig_7series_0_0_mig_7series_v4_2_ddr_carry_and_42 |          0 |          0 |       0 |    0 |     0 |      0 |      0 |          0 |
|                 USE_FPGA_WORD_COMPLETED.word_complete_next_wrap_ready_inst                            |                             xdma_ddr3_mig_7series_0_0_mig_7series_v4_2_ddr_carry_and_43 |          0 |          0 |       0 |    0 |     0 |      0 |      0 |          0 |
|                 USE_FPGA_WORD_COMPLETED.word_complete_rest_inst                                       |                              xdma_ddr3_mig_7series_0_0_mig_7series_v4_2_ddr_carry_or_44 |          0 |          0 |       0 |    0 |     0 |      0 |      0 |          0 |
|                 USE_FPGA_WORD_COMPLETED.word_complete_rest_pop_inst                                   |                             xdma_ddr3_mig_7series_0_0_mig_7series_v4_2_ddr_carry_and_45 |          0 |          0 |       0 |    0 |     0 |      0 |      0 |          0 |
|                 USE_FPGA_WORD_COMPLETED.word_complete_rest_ready_inst                                 |                             xdma_ddr3_mig_7series_0_0_mig_7series_v4_2_ddr_carry_and_46 |          1 |          1 |       0 |    0 |     0 |      0 |      0 |          0 |
|               USE_WRITE.write_addr_inst                                                               |                                xdma_ddr3_mig_7series_0_0_mig_7series_v4_2_ddr_a_upsizer |        136 |        103 |       0 |   33 |    93 |      0 |      0 |          0 |
|                 (USE_WRITE.write_addr_inst)                                                           |                                xdma_ddr3_mig_7series_0_0_mig_7series_v4_2_ddr_a_upsizer |         13 |         13 |       0 |    0 |    47 |      0 |      0 |          0 |
|                 USE_BURSTS.cmd_queue                                                                  |                             xdma_ddr3_mig_7series_0_0_mig_7series_v4_2_ddr_command_fifo |        123 |         90 |       0 |   33 |    42 |      0 |      0 |          0 |
|                   (USE_BURSTS.cmd_queue)                                                              |                             xdma_ddr3_mig_7series_0_0_mig_7series_v4_2_ddr_command_fifo |        113 |         80 |       0 |   33 |    41 |      0 |      0 |          0 |
|                   USE_FPGA_VALID_WRITE.new_write_inst                                                 |                           xdma_ddr3_mig_7series_0_0_mig_7series_v4_2_ddr_carry_latch_or |          6 |          6 |       0 |    0 |     1 |      0 |      0 |          0 |
|                   USE_FPGA_VALID_WRITE.s_valid_dummy_inst1                                            |                             xdma_ddr3_mig_7series_0_0_mig_7series_v4_2_ddr_carry_and_28 |          1 |          1 |       0 |    0 |     0 |      0 |      0 |          0 |
|                   USE_FPGA_VALID_WRITE.s_valid_dummy_inst2                                            |                             xdma_ddr3_mig_7series_0_0_mig_7series_v4_2_ddr_carry_and_29 |          0 |          0 |       0 |    0 |     0 |      0 |      0 |          0 |
|                   USE_FPGA_VALID_WRITE.valid_write_dummy_inst1                                        |                             xdma_ddr3_mig_7series_0_0_mig_7series_v4_2_ddr_carry_and_30 |          0 |          0 |       0 |    0 |     0 |      0 |      0 |          0 |
|                   USE_FPGA_VALID_WRITE.valid_write_dummy_inst2                                        |                             xdma_ddr3_mig_7series_0_0_mig_7series_v4_2_ddr_carry_and_31 |          0 |          0 |       0 |    0 |     0 |      0 |      0 |          0 |
|                   USE_FPGA_VALID_WRITE.valid_write_dummy_inst3                                        |                             xdma_ddr3_mig_7series_0_0_mig_7series_v4_2_ddr_carry_and_32 |          0 |          0 |       0 |    0 |     0 |      0 |      0 |          0 |
|                   USE_FPGA_VALID_WRITE.valid_write_inst                                               |                             xdma_ddr3_mig_7series_0_0_mig_7series_v4_2_ddr_carry_and_33 |          3 |          3 |       0 |    0 |     0 |      0 |      0 |          0 |
|                 USE_FPGA_ADJUSTED_LEN.LUT_LAST_MASK[0].last_mask_inst                                 |                       xdma_ddr3_mig_7series_0_0_mig_7series_v4_2_ddr_carry_latch_and_23 |          0 |          0 |       0 |    0 |     1 |      0 |      0 |          0 |
|                 USE_FPGA_ADJUSTED_LEN.LUT_LAST_MASK[1].last_mask_inst                                 |                       xdma_ddr3_mig_7series_0_0_mig_7series_v4_2_ddr_carry_latch_and_24 |          0 |          0 |       0 |    0 |     1 |      0 |      0 |          0 |
|                 USE_FPGA_ADJUSTED_LEN.LUT_LAST_MASK[2].last_mask_inst                                 |                       xdma_ddr3_mig_7series_0_0_mig_7series_v4_2_ddr_carry_latch_and_25 |          0 |          0 |       0 |    0 |     1 |      0 |      0 |          0 |
|                 USE_FPGA_ADJUSTED_LEN.LUT_LAST_MASK[3].last_mask_inst                                 |                       xdma_ddr3_mig_7series_0_0_mig_7series_v4_2_ddr_carry_latch_and_26 |          0 |          0 |       0 |    0 |     1 |      0 |      0 |          0 |
|                 USE_FPGA_ADJUSTED_LEN.access_need_extra_word_inst                                     |                             xdma_ddr3_mig_7series_0_0_mig_7series_v4_2_ddr_carry_and_27 |          0 |          0 |       0 |    0 |     0 |      0 |      0 |          0 |
|               USE_WRITE.write_data_inst                                                               |                                xdma_ddr3_mig_7series_0_0_mig_7series_v4_2_ddr_w_upsizer |        319 |        319 |       0 |    0 |   309 |      0 |      0 |          0 |
|                 (USE_WRITE.write_data_inst)                                                           |                                xdma_ddr3_mig_7series_0_0_mig_7series_v4_2_ddr_w_upsizer |        173 |        173 |       0 |    0 |   308 |      0 |      0 |          0 |
|                 USE_FPGA_LAST_WORD.last_beat_curr_word_inst                                           |                           xdma_ddr3_mig_7series_0_0_mig_7series_v4_2_ddr_comparator_sel |          0 |          0 |       0 |    0 |     0 |      0 |      0 |          0 |
|                   LUT_LEVEL[0].compare_inst                                                           |                             xdma_ddr3_mig_7series_0_0_mig_7series_v4_2_ddr_carry_and_19 |          0 |          0 |       0 |    0 |     0 |      0 |      0 |          0 |
|                   LUT_LEVEL[1].compare_inst                                                           |                             xdma_ddr3_mig_7series_0_0_mig_7series_v4_2_ddr_carry_and_20 |          0 |          0 |       0 |    0 |     0 |      0 |      0 |          0 |
|                   LUT_LEVEL[2].compare_inst                                                           |                             xdma_ddr3_mig_7series_0_0_mig_7series_v4_2_ddr_carry_and_21 |          0 |          0 |       0 |    0 |     0 |      0 |      0 |          0 |
|                   LUT_LEVEL[3].compare_inst                                                           |                             xdma_ddr3_mig_7series_0_0_mig_7series_v4_2_ddr_carry_and_22 |          0 |          0 |       0 |    0 |     0 |      0 |      0 |          0 |
|                 USE_FPGA_LAST_WORD.last_beat_inst                                                     |    xdma_ddr3_mig_7series_0_0_mig_7series_v4_2_ddr_comparator_sel_static__parameterized0 |          4 |          4 |       0 |    0 |     0 |      0 |      0 |          0 |
|                   LUT_LEVEL[0].compare_inst                                                           |                             xdma_ddr3_mig_7series_0_0_mig_7series_v4_2_ddr_carry_and_15 |          1 |          1 |       0 |    0 |     0 |      0 |      0 |          0 |
|                   LUT_LEVEL[1].compare_inst                                                           |                             xdma_ddr3_mig_7series_0_0_mig_7series_v4_2_ddr_carry_and_16 |          1 |          1 |       0 |    0 |     0 |      0 |      0 |          0 |
|                   LUT_LEVEL[2].compare_inst                                                           |                             xdma_ddr3_mig_7series_0_0_mig_7series_v4_2_ddr_carry_and_17 |          1 |          1 |       0 |    0 |     0 |      0 |      0 |          0 |
|                   LUT_LEVEL[3].compare_inst                                                           |                             xdma_ddr3_mig_7series_0_0_mig_7series_v4_2_ddr_carry_and_18 |          1 |          1 |       0 |    0 |     0 |      0 |      0 |          0 |
|                 USE_FPGA_LAST_WORD.last_word_inst                                                     |                                xdma_ddr3_mig_7series_0_0_mig_7series_v4_2_ddr_carry_and |          0 |          0 |       0 |    0 |     0 |      0 |      0 |          0 |
|                 USE_FPGA_USE_WRAP.last_word_inst2                                                     |                              xdma_ddr3_mig_7series_0_0_mig_7series_v4_2_ddr_carry_and_1 |          0 |          0 |       0 |    0 |     0 |      0 |      0 |          0 |
|                 USE_FPGA_USE_WRAP.last_word_inst3                                                     |                              xdma_ddr3_mig_7series_0_0_mig_7series_v4_2_ddr_carry_and_2 |          0 |          0 |       0 |    0 |     0 |      0 |      0 |          0 |
|                 USE_FPGA_USE_WRAP.word_complete_next_wrap_stall_inst                                  |                          xdma_ddr3_mig_7series_0_0_mig_7series_v4_2_ddr_carry_latch_and |          9 |          9 |       0 |    0 |     1 |      0 |      0 |          0 |
|                 USE_FPGA_WORD_COMPLETED.last_word_inst_2                                              |                              xdma_ddr3_mig_7series_0_0_mig_7series_v4_2_ddr_carry_and_3 |          0 |          0 |       0 |    0 |     0 |      0 |      0 |          0 |
|                 USE_FPGA_WORD_COMPLETED.next_word_wrap_inst                                           |                    xdma_ddr3_mig_7series_0_0_mig_7series_v4_2_ddr_comparator_sel_static |          2 |          2 |       0 |    0 |     0 |      0 |      0 |          0 |
|                   LUT_LEVEL[0].compare_inst                                                           |                             xdma_ddr3_mig_7series_0_0_mig_7series_v4_2_ddr_carry_and_13 |          1 |          1 |       0 |    0 |     0 |      0 |      0 |          0 |
|                   LUT_LEVEL[1].compare_inst                                                           |                             xdma_ddr3_mig_7series_0_0_mig_7series_v4_2_ddr_carry_and_14 |          1 |          1 |       0 |    0 |     0 |      0 |      0 |          0 |
|                 USE_FPGA_WORD_COMPLETED.pop_si_data_inst                                              |                                 xdma_ddr3_mig_7series_0_0_mig_7series_v4_2_ddr_carry_or |          1 |          1 |       0 |    0 |     0 |      0 |      0 |          0 |
|                 USE_FPGA_WORD_COMPLETED.word_complete_next_wrap_inst                                  |                              xdma_ddr3_mig_7series_0_0_mig_7series_v4_2_ddr_carry_and_4 |          0 |          0 |       0 |    0 |     0 |      0 |      0 |          0 |
|                 USE_FPGA_WORD_COMPLETED.word_complete_next_wrap_last_inst                             |                              xdma_ddr3_mig_7series_0_0_mig_7series_v4_2_ddr_carry_and_5 |          0 |          0 |       0 |    0 |     0 |      0 |      0 |          0 |
|                 USE_FPGA_WORD_COMPLETED.word_complete_next_wrap_pop_inst                              |                              xdma_ddr3_mig_7series_0_0_mig_7series_v4_2_ddr_carry_and_6 |          0 |          0 |       0 |    0 |     0 |      0 |      0 |          0 |
|                 USE_FPGA_WORD_COMPLETED.word_complete_next_wrap_qual_inst                             |                              xdma_ddr3_mig_7series_0_0_mig_7series_v4_2_ddr_carry_and_7 |          1 |          1 |       0 |    0 |     0 |      0 |      0 |          0 |
|                 USE_FPGA_WORD_COMPLETED.word_complete_next_wrap_valid_inst                            |                              xdma_ddr3_mig_7series_0_0_mig_7series_v4_2_ddr_carry_and_8 |          0 |          0 |       0 |    0 |     0 |      0 |      0 |          0 |
|                 USE_FPGA_WORD_COMPLETED.word_complete_rest_last_inst                                  |                              xdma_ddr3_mig_7series_0_0_mig_7series_v4_2_ddr_carry_and_9 |        129 |        129 |       0 |    0 |     0 |      0 |      0 |          0 |
|                 USE_FPGA_WORD_COMPLETED.word_complete_rest_pop_inst                                   |                             xdma_ddr3_mig_7series_0_0_mig_7series_v4_2_ddr_carry_and_10 |          0 |          0 |       0 |    0 |     0 |      0 |      0 |          0 |
|                 USE_FPGA_WORD_COMPLETED.word_complete_rest_qual_inst                                  |                             xdma_ddr3_mig_7series_0_0_mig_7series_v4_2_ddr_carry_and_11 |          0 |          0 |       0 |    0 |     0 |      0 |      0 |          0 |
|                 USE_FPGA_WORD_COMPLETED.word_complete_rest_valid_inst                                 |                             xdma_ddr3_mig_7series_0_0_mig_7series_v4_2_ddr_carry_and_12 |          0 |          0 |       0 |    0 |     0 |      0 |      0 |          0 |
|               mi_register_slice_inst                                                                  |       xdma_ddr3_mig_7series_0_0_mig_7series_v4_2_ddr_axi_register_slice__parameterized0 |        143 |        143 |       0 |    0 |   276 |      0 |      0 |          0 |
|                 (mi_register_slice_inst)                                                              |       xdma_ddr3_mig_7series_0_0_mig_7series_v4_2_ddr_axi_register_slice__parameterized0 |          0 |          0 |       0 |    0 |     1 |      0 |      0 |          0 |
|                 r_pipe                                                                                |      xdma_ddr3_mig_7series_0_0_mig_7series_v4_2_ddr_axic_register_slice__parameterized5 |        143 |        143 |       0 |    0 |   275 |      0 |      0 |          0 |
|               si_register_slice_inst                                                                  |                       xdma_ddr3_mig_7series_0_0_mig_7series_v4_2_ddr_axi_register_slice |        127 |        127 |       0 |    0 |   105 |      0 |      0 |          0 |
|                 (si_register_slice_inst)                                                              |                       xdma_ddr3_mig_7series_0_0_mig_7series_v4_2_ddr_axi_register_slice |          1 |          1 |       0 |    0 |     1 |      0 |      0 |          0 |
|                 ar_pipe                                                                               |                      xdma_ddr3_mig_7series_0_0_mig_7series_v4_2_ddr_axic_register_slice |         58 |         58 |       0 |    0 |    51 |      0 |      0 |          0 |
|                 aw_pipe                                                                               |                    xdma_ddr3_mig_7series_0_0_mig_7series_v4_2_ddr_axic_register_slice_0 |         68 |         68 |       0 |    0 |    53 |      0 |      0 |          0 |
|             axi_mc_ar_channel_0                                                                       |                            xdma_ddr3_mig_7series_0_0_mig_7series_v4_2_axi_mc_ar_channel |        121 |        121 |       0 |    0 |    93 |      0 |      0 |          0 |
|               (axi_mc_ar_channel_0)                                                                   |                            xdma_ddr3_mig_7series_0_0_mig_7series_v4_2_axi_mc_ar_channel |          1 |          1 |       0 |    0 |    48 |      0 |      0 |          0 |
|               ar_cmd_fsm_0                                                                            |                               xdma_ddr3_mig_7series_0_0_mig_7series_v4_2_axi_mc_cmd_fsm |         66 |         66 |       0 |    0 |     1 |      0 |      0 |          0 |
|               axi_mc_cmd_translator_0                                                                 |        xdma_ddr3_mig_7series_0_0_mig_7series_v4_2_axi_mc_cmd_translator__parameterized0 |         55 |         55 |       0 |    0 |    44 |      0 |      0 |          0 |
|                 axi_mc_incr_cmd_0                                                                     |              xdma_ddr3_mig_7series_0_0_mig_7series_v4_2_axi_mc_incr_cmd__parameterized0 |         48 |         48 |       0 |    0 |    36 |      0 |      0 |          0 |
|                 axi_mc_wrap_cmd_0                                                                     |              xdma_ddr3_mig_7series_0_0_mig_7series_v4_2_axi_mc_wrap_cmd__parameterized0 |          7 |          7 |       0 |    0 |     8 |      0 |      0 |          0 |
|             axi_mc_aw_channel_0                                                                       |                            xdma_ddr3_mig_7series_0_0_mig_7series_v4_2_axi_mc_aw_channel |        120 |        120 |       0 |    0 |    91 |      0 |      0 |          0 |
|               (axi_mc_aw_channel_0)                                                                   |                            xdma_ddr3_mig_7series_0_0_mig_7series_v4_2_axi_mc_aw_channel |          0 |          0 |       0 |    0 |    46 |      0 |      0 |          0 |
|               aw_cmd_fsm_0                                                                            |                            xdma_ddr3_mig_7series_0_0_mig_7series_v4_2_axi_mc_wr_cmd_fsm |         71 |         71 |       0 |    0 |     1 |      0 |      0 |          0 |
|               axi_mc_cmd_translator_0                                                                 |                        xdma_ddr3_mig_7series_0_0_mig_7series_v4_2_axi_mc_cmd_translator |         50 |         50 |       0 |    0 |    44 |      0 |      0 |          0 |
|                 axi_mc_incr_cmd_0                                                                     |                              xdma_ddr3_mig_7series_0_0_mig_7series_v4_2_axi_mc_incr_cmd |         38 |         38 |       0 |    0 |    36 |      0 |      0 |          0 |
|                 axi_mc_wrap_cmd_0                                                                     |                              xdma_ddr3_mig_7series_0_0_mig_7series_v4_2_axi_mc_wrap_cmd |         12 |         12 |       0 |    0 |     8 |      0 |      0 |          0 |
|             axi_mc_b_channel_0                                                                        |                             xdma_ddr3_mig_7series_0_0_mig_7series_v4_2_axi_mc_b_channel |         13 |          9 |       0 |    4 |     9 |      0 |      0 |          0 |
|               (axi_mc_b_channel_0)                                                                    |                             xdma_ddr3_mig_7series_0_0_mig_7series_v4_2_axi_mc_b_channel |          1 |          1 |       0 |    0 |     5 |      0 |      0 |          0 |
|               bid_fifo_0                                                                              |                                  xdma_ddr3_mig_7series_0_0_mig_7series_v4_2_axi_mc_fifo |         12 |          8 |       0 |    4 |     4 |      0 |      0 |          0 |
|             axi_mc_cmd_arbiter_0                                                                      |                           xdma_ddr3_mig_7series_0_0_mig_7series_v4_2_axi_mc_cmd_arbiter |         27 |         27 |       0 |    0 |    31 |      0 |      0 |          0 |
|             axi_mc_r_channel_0                                                                        |                             xdma_ddr3_mig_7series_0_0_mig_7series_v4_2_axi_mc_r_channel |        158 |         25 |       0 |  133 |    24 |      0 |      0 |          0 |
|               (axi_mc_r_channel_0)                                                                    |                             xdma_ddr3_mig_7series_0_0_mig_7series_v4_2_axi_mc_r_channel |          0 |          0 |       0 |    0 |    12 |      0 |      0 |          0 |
|               rd_data_fifo_0                                                                          |                  xdma_ddr3_mig_7series_0_0_mig_7series_v4_2_axi_mc_fifo__parameterized0 |        137 |          9 |       0 |  128 |     6 |      0 |      0 |          0 |
|               transaction_fifo_0                                                                      |                  xdma_ddr3_mig_7series_0_0_mig_7series_v4_2_axi_mc_fifo__parameterized1 |         21 |         16 |       0 |    5 |     6 |      0 |      0 |          0 |
|             axi_mc_w_channel_0                                                                        |                             xdma_ddr3_mig_7series_0_0_mig_7series_v4_2_axi_mc_w_channel |        147 |        147 |       0 |    0 |   292 |      0 |      0 |          0 |
|           u_ui_top                                                                                    |                                       xdma_ddr3_mig_7series_0_0_mig_7series_v4_2_ui_top |        441 |        245 |     196 |    0 |   551 |      0 |      0 |          0 |
|             ui_cmd0                                                                                   |                                       xdma_ddr3_mig_7series_0_0_mig_7series_v4_2_ui_cmd |         30 |         30 |       0 |    0 |    55 |      0 |      0 |          0 |
|             ui_rd_data0                                                                               |                                   xdma_ddr3_mig_7series_0_0_mig_7series_v4_2_ui_rd_data |        125 |         33 |      92 |    0 |   163 |      0 |      0 |          0 |
|             ui_wr_data0                                                                               |                                   xdma_ddr3_mig_7series_0_0_mig_7series_v4_2_ui_wr_data |        286 |        182 |     104 |    0 |   333 |      0 |      0 |          0 |
|     rst_mig_7series_0_100M                                                                            |                                                      xdma_ddr3_rst_mig_7series_0_100M_0 |         19 |         18 |       0 |    1 |    40 |      0 |      0 |          0 |
|       U0                                                                                              |                                       xdma_ddr3_rst_mig_7series_0_100M_0_proc_sys_reset |         19 |         18 |       0 |    1 |    40 |      0 |      0 |          0 |
|         (U0)                                                                                          |                                       xdma_ddr3_rst_mig_7series_0_100M_0_proc_sys_reset |          0 |          0 |       0 |    0 |     5 |      0 |      0 |          0 |
|         EXT_LPF                                                                                       |                                                  xdma_ddr3_rst_mig_7series_0_100M_0_lpf |          6 |          5 |       0 |    1 |    17 |      0 |      0 |          0 |
|           (EXT_LPF)                                                                                   |                                                  xdma_ddr3_rst_mig_7series_0_100M_0_lpf |          2 |          1 |       0 |    1 |     9 |      0 |      0 |          0 |
|           ACTIVE_HIGH_EXT.ACT_HI_EXT                                                                  |                                             xdma_ddr3_rst_mig_7series_0_100M_0_cdc_sync |          2 |          2 |       0 |    0 |     4 |      0 |      0 |          0 |
|           ACTIVE_LOW_AUX.ACT_LO_AUX                                                                   |                                           xdma_ddr3_rst_mig_7series_0_100M_0_cdc_sync_0 |          2 |          2 |       0 |    0 |     4 |      0 |      0 |          0 |
|         SEQ                                                                                           |                                         xdma_ddr3_rst_mig_7series_0_100M_0_sequence_psr |         13 |         13 |       0 |    0 |    18 |      0 |      0 |          0 |
|           (SEQ)                                                                                       |                                         xdma_ddr3_rst_mig_7series_0_100M_0_sequence_psr |          8 |          8 |       0 |    0 |    12 |      0 |      0 |          0 |
|           SEQ_COUNTER                                                                                 |                                              xdma_ddr3_rst_mig_7series_0_100M_0_upcnt_n |          5 |          5 |       0 |    0 |     6 |      0 |      0 |          0 |
|     util_ds_buf                                                                                       |                                                                 xdma_ddr3_util_ds_buf_0 |          0 |          0 |       0 |    0 |     0 |      0 |      0 |          0 |
|       (util_ds_buf)                                                                                   |                                                                 xdma_ddr3_util_ds_buf_0 |          0 |          0 |       0 |    0 |     0 |      0 |      0 |          0 |
|       U0                                                                                              |                                                     xdma_ddr3_util_ds_buf_0_util_ds_buf |          0 |          0 |       0 |    0 |     0 |      0 |      0 |          0 |
|     xdma_0                                                                                            |                                                                      xdma_ddr3_xdma_0_0 |      22389 |      19846 |    2528 |   15 | 23754 |     34 |      1 |          0 |
|       (xdma_0)                                                                                        |                                                                      xdma_ddr3_xdma_0_0 |          0 |          0 |       0 |    0 |     0 |      0 |      0 |          0 |
|       inst                                                                                            |                                                             xdma_ddr3_xdma_0_0_core_top |      22389 |      19846 |    2528 |   15 | 23754 |     34 |      1 |          0 |
|         (inst)                                                                                        |                                                             xdma_ddr3_xdma_0_0_core_top |        884 |        884 |       0 |    0 |     2 |      0 |      0 |          0 |
|         ram_top                                                                                       |                                            xdma_ddr3_xdma_0_0_xdma_v4_1_14_udma_ram_top |          0 |          0 |       0 |    0 |     1 |     16 |      0 |          0 |
|           (ram_top)                                                                                   |                                            xdma_ddr3_xdma_0_0_xdma_v4_1_14_udma_ram_top |          0 |          0 |       0 |    0 |     0 |      0 |      0 |          0 |
|           C2H_PCIE_DSC_CPLD_RAM                                                                       |                    xdma_ddr3_xdma_0_0_xdma_v4_1_14_mem_simple_dport_ram__parameterized5 |          0 |          0 |       0 |    0 |     0 |      4 |      0 |          0 |
|           MASTER_READ_BRAM                                                                            |                     xdma_ddr3_xdma_0_0_xdma_v4_1_14_dma_xpm_sdpram_wrap__parameterized1 |          0 |          0 |       0 |    0 |     0 |      2 |      0 |          0 |
|             (MASTER_READ_BRAM)                                                                        |                     xdma_ddr3_xdma_0_0_xdma_v4_1_14_dma_xpm_sdpram_wrap__parameterized1 |          0 |          0 |       0 |    0 |     0 |      0 |      0 |          0 |
|             xpm_memory_sdpram_inst_loop[0].xpm_memory_sdpram_inst                                     |                                    xdma_ddr3_xdma_0_0_xpm_memory_sdpram__parameterized1 |          0 |          0 |       0 |    0 |     0 |      2 |      0 |          0 |
|               (xpm_memory_sdpram_inst_loop[0].xpm_memory_sdpram_inst)                                 |                                    xdma_ddr3_xdma_0_0_xpm_memory_sdpram__parameterized1 |          0 |          0 |       0 |    0 |     0 |      0 |      0 |          0 |
|               xpm_memory_base_inst                                                                    |                                      xdma_ddr3_xdma_0_0_xpm_memory_base__parameterized1 |          0 |          0 |       0 |    0 |     0 |      2 |      0 |          0 |
|           gen_c2h_bram.C2H_DAT0_FIFO                                                                  |                          xdma_ddr3_xdma_0_0_xdma_v4_1_14_dma_xpm_sdpram_wrap__xdcDup__5 |          0 |          0 |       0 |    0 |     0 |      2 |      0 |          0 |
|             (gen_c2h_bram.C2H_DAT0_FIFO)                                                              |                          xdma_ddr3_xdma_0_0_xdma_v4_1_14_dma_xpm_sdpram_wrap__xdcDup__5 |          0 |          0 |       0 |    0 |     0 |      0 |      0 |          0 |
|             xpm_memory_sdpram_inst_loop[0].xpm_memory_sdpram_inst                                     |                                                xdma_ddr3_xdma_0_0_xpm_memory_sdpram__14 |          0 |          0 |       0 |    0 |     0 |      1 |      0 |          0 |
|               (xpm_memory_sdpram_inst_loop[0].xpm_memory_sdpram_inst)                                 |                                                xdma_ddr3_xdma_0_0_xpm_memory_sdpram__14 |          0 |          0 |       0 |    0 |     0 |      0 |      0 |          0 |
|               xpm_memory_base_inst                                                                    |                                                  xdma_ddr3_xdma_0_0_xpm_memory_base__14 |          0 |          0 |       0 |    0 |     0 |      1 |      0 |          0 |
|             xpm_memory_sdpram_inst_loop[1].xpm_memory_sdpram_inst                                     |                                                xdma_ddr3_xdma_0_0_xpm_memory_sdpram__15 |          0 |          0 |       0 |    0 |     0 |      1 |      0 |          0 |
|               (xpm_memory_sdpram_inst_loop[1].xpm_memory_sdpram_inst)                                 |                                                xdma_ddr3_xdma_0_0_xpm_memory_sdpram__15 |          0 |          0 |       0 |    0 |     0 |      0 |      0 |          0 |
|               xpm_memory_base_inst                                                                    |                                                  xdma_ddr3_xdma_0_0_xpm_memory_base__15 |          0 |          0 |       0 |    0 |     0 |      1 |      0 |          0 |
|           gen_c2h_bram.C2H_DAT1_FIFO                                                                  |                          xdma_ddr3_xdma_0_0_xdma_v4_1_14_dma_xpm_sdpram_wrap__xdcDup__6 |          0 |          0 |       0 |    0 |     0 |      2 |      0 |          0 |
|             (gen_c2h_bram.C2H_DAT1_FIFO)                                                              |                          xdma_ddr3_xdma_0_0_xdma_v4_1_14_dma_xpm_sdpram_wrap__xdcDup__6 |          0 |          0 |       0 |    0 |     0 |      0 |      0 |          0 |
|             xpm_memory_sdpram_inst_loop[0].xpm_memory_sdpram_inst                                     |                                                xdma_ddr3_xdma_0_0_xpm_memory_sdpram__12 |          0 |          0 |       0 |    0 |     0 |      1 |      0 |          0 |
|               (xpm_memory_sdpram_inst_loop[0].xpm_memory_sdpram_inst)                                 |                                                xdma_ddr3_xdma_0_0_xpm_memory_sdpram__12 |          0 |          0 |       0 |    0 |     0 |      0 |      0 |          0 |
|               xpm_memory_base_inst                                                                    |                                                  xdma_ddr3_xdma_0_0_xpm_memory_base__12 |          0 |          0 |       0 |    0 |     0 |      1 |      0 |          0 |
|             xpm_memory_sdpram_inst_loop[1].xpm_memory_sdpram_inst                                     |                                                xdma_ddr3_xdma_0_0_xpm_memory_sdpram__13 |          0 |          0 |       0 |    0 |     0 |      1 |      0 |          0 |
|               (xpm_memory_sdpram_inst_loop[1].xpm_memory_sdpram_inst)                                 |                                                xdma_ddr3_xdma_0_0_xpm_memory_sdpram__13 |          0 |          0 |       0 |    0 |     0 |      0 |      0 |          0 |
|               xpm_memory_base_inst                                                                    |                                                  xdma_ddr3_xdma_0_0_xpm_memory_base__13 |          0 |          0 |       0 |    0 |     0 |      1 |      0 |          0 |
|           gen_h2c_bram.H2C_DAT0_FIFO                                                                  |                          xdma_ddr3_xdma_0_0_xdma_v4_1_14_dma_xpm_sdpram_wrap__xdcDup__1 |          0 |          0 |       0 |    0 |     1 |      2 |      0 |          0 |
|             (gen_h2c_bram.H2C_DAT0_FIFO)                                                              |                          xdma_ddr3_xdma_0_0_xdma_v4_1_14_dma_xpm_sdpram_wrap__xdcDup__1 |          0 |          0 |       0 |    0 |     1 |      0 |      0 |          0 |
|             xpm_memory_sdpram_inst_loop[0].xpm_memory_sdpram_inst                                     |                                                xdma_ddr3_xdma_0_0_xpm_memory_sdpram__22 |          0 |          0 |       0 |    0 |     0 |      1 |      0 |          0 |
|               (xpm_memory_sdpram_inst_loop[0].xpm_memory_sdpram_inst)                                 |                                                xdma_ddr3_xdma_0_0_xpm_memory_sdpram__22 |          0 |          0 |       0 |    0 |     0 |      0 |      0 |          0 |
|               xpm_memory_base_inst                                                                    |                                                  xdma_ddr3_xdma_0_0_xpm_memory_base__22 |          0 |          0 |       0 |    0 |     0 |      1 |      0 |          0 |
|             xpm_memory_sdpram_inst_loop[1].xpm_memory_sdpram_inst                                     |                                                    xdma_ddr3_xdma_0_0_xpm_memory_sdpram |          0 |          0 |       0 |    0 |     0 |      1 |      0 |          0 |
|               (xpm_memory_sdpram_inst_loop[1].xpm_memory_sdpram_inst)                                 |                                                    xdma_ddr3_xdma_0_0_xpm_memory_sdpram |          0 |          0 |       0 |    0 |     0 |      0 |      0 |          0 |
|               xpm_memory_base_inst                                                                    |                                                      xdma_ddr3_xdma_0_0_xpm_memory_base |          0 |          0 |       0 |    0 |     0 |      1 |      0 |          0 |
|           gen_h2c_bram.H2C_DAT1_FIFO                                                                  |                          xdma_ddr3_xdma_0_0_xdma_v4_1_14_dma_xpm_sdpram_wrap__xdcDup__2 |          0 |          0 |       0 |    0 |     0 |      2 |      0 |          0 |
|             (gen_h2c_bram.H2C_DAT1_FIFO)                                                              |                          xdma_ddr3_xdma_0_0_xdma_v4_1_14_dma_xpm_sdpram_wrap__xdcDup__2 |          0 |          0 |       0 |    0 |     0 |      0 |      0 |          0 |
|             xpm_memory_sdpram_inst_loop[0].xpm_memory_sdpram_inst                                     |                                                xdma_ddr3_xdma_0_0_xpm_memory_sdpram__20 |          0 |          0 |       0 |    0 |     0 |      1 |      0 |          0 |
|               (xpm_memory_sdpram_inst_loop[0].xpm_memory_sdpram_inst)                                 |                                                xdma_ddr3_xdma_0_0_xpm_memory_sdpram__20 |          0 |          0 |       0 |    0 |     0 |      0 |      0 |          0 |
|               xpm_memory_base_inst                                                                    |                                                  xdma_ddr3_xdma_0_0_xpm_memory_base__20 |          0 |          0 |       0 |    0 |     0 |      1 |      0 |          0 |
|             xpm_memory_sdpram_inst_loop[1].xpm_memory_sdpram_inst                                     |                                                xdma_ddr3_xdma_0_0_xpm_memory_sdpram__21 |          0 |          0 |       0 |    0 |     0 |      1 |      0 |          0 |
|               (xpm_memory_sdpram_inst_loop[1].xpm_memory_sdpram_inst)                                 |                                                xdma_ddr3_xdma_0_0_xpm_memory_sdpram__21 |          0 |          0 |       0 |    0 |     0 |      0 |      0 |          0 |
|               xpm_memory_base_inst                                                                    |                                                  xdma_ddr3_xdma_0_0_xpm_memory_base__21 |          0 |          0 |       0 |    0 |     0 |      1 |      0 |          0 |
|           mas_bridge_ram_write_512.MASTER_WRITE_FIFO                                                  |                     xdma_ddr3_xdma_0_0_xdma_v4_1_14_dma_xpm_sdpram_wrap__parameterized0 |          0 |          0 |       0 |    0 |     0 |      2 |      0 |          0 |
|             (mas_bridge_ram_write_512.MASTER_WRITE_FIFO)                                              |                     xdma_ddr3_xdma_0_0_xdma_v4_1_14_dma_xpm_sdpram_wrap__parameterized0 |          0 |          0 |       0 |    0 |     0 |      0 |      0 |          0 |
|             xpm_memory_sdpram_inst_loop[0].xpm_memory_sdpram_inst                                     |                                    xdma_ddr3_xdma_0_0_xpm_memory_sdpram__parameterized0 |          0 |          0 |       0 |    0 |     0 |      2 |      0 |          0 |
|               (xpm_memory_sdpram_inst_loop[0].xpm_memory_sdpram_inst)                                 |                                    xdma_ddr3_xdma_0_0_xpm_memory_sdpram__parameterized0 |          0 |          0 |       0 |    0 |     0 |      0 |      0 |          0 |
|               xpm_memory_base_inst                                                                    |                                      xdma_ddr3_xdma_0_0_xpm_memory_base__parameterized0 |          0 |          0 |       0 |    0 |     0 |      2 |      0 |          0 |
|         udma_wrapper                                                                                  |                                            xdma_ddr3_xdma_0_0_xdma_v4_1_14_udma_wrapper |      18714 |      16280 |    2432 |    2 | 19085 |      8 |      0 |          0 |
|           (udma_wrapper)                                                                              |                                            xdma_ddr3_xdma_0_0_xdma_v4_1_14_udma_wrapper |          0 |          0 |       0 |    0 |    33 |      0 |      0 |          0 |
|           dma_top                                                                                     |                                                xdma_ddr3_xdma_0_0_xdma_v4_1_14_udma_top |      18714 |      16280 |    2432 |    2 | 19052 |      8 |      0 |          0 |
|             (dma_top)                                                                                 |                                                xdma_ddr3_xdma_0_0_xdma_v4_1_14_udma_top |        268 |         27 |     241 |    0 |    34 |      0 |      0 |          0 |
|             axi4mm_bridge_top_inst                                                                    |                                       xdma_ddr3_xdma_0_0_xdma_v4_1_14_axi4mm_bridge_top |       1255 |       1115 |     140 |    0 |  1394 |      0 |      0 |          0 |
|               axi4mm_axi_mm_master_top_inst                                                           |                           xdma_ddr3_xdma_0_0_xdma_v4_1_14_axi4mm_axi_mm_master_top_br_v |       1197 |       1057 |     140 |    0 |  1340 |      0 |      0 |          0 |
|                 (axi4mm_axi_mm_master_top_inst)                                                       |                           xdma_ddr3_xdma_0_0_xdma_v4_1_14_axi4mm_axi_mm_master_top_br_v |         13 |         13 |       0 |    0 |    16 |      0 |      0 |          0 |
|                 axi4mm_axi_mm_master_rd                                                               |                                   xdma_ddr3_xdma_0_0_xdma_v4_1_14_axi_mm_master_rd_br_v |        377 |        315 |      62 |    0 |   437 |      0 |      0 |          0 |
|                 axi4mm_axi_mm_master_wr_inst                                                          |                                   xdma_ddr3_xdma_0_0_xdma_v4_1_14_axi_mm_master_wr_br_v |        308 |        230 |      78 |    0 |   251 |      0 |      0 |          0 |
|                 axi4mm_axi_str_masterbr_rdtlp_inst                                                    |                             xdma_ddr3_xdma_0_0_xdma_v4_1_14_axi_str_masterbr_rdtlp_br_v |        313 |        313 |       0 |    0 |   378 |      0 |      0 |          0 |
|                 axi4mm_axi_str_masterbridge_wrrd_inst                                                 |                              xdma_ddr3_xdma_0_0_xdma_v4_1_14_axi_str_masterbr_wrrd_br_v |        186 |        186 |       0 |    0 |   258 |      0 |      0 |          0 |
|               axi4mm_axi_mm_master_top_soft_dma_inst                                                  |                           xdma_ddr3_xdma_0_0_xdma_v4_1_14_axi4mm_axi_mm_master_top_soft |         58 |         58 |       0 |    0 |    54 |      0 |      0 |          0 |
|             base                                                                                      |                                                xdma_ddr3_xdma_0_0_xdma_v4_1_14_dma_base |       1204 |       1124 |      80 |    0 |  1543 |      1 |      0 |          0 |
|               CFG_INST                                                                                |                                                 xdma_ddr3_xdma_0_0_xdma_v4_1_14_vul_cfg |        368 |        368 |       0 |    0 |   381 |      0 |      0 |          0 |
|               IRQ_INST                                                                                |                                                 xdma_ddr3_xdma_0_0_xdma_v4_1_14_vul_irq |        624 |        624 |       0 |    0 |   902 |      1 |      0 |          0 |
|                 (IRQ_INST)                                                                            |                                                 xdma_ddr3_xdma_0_0_xdma_v4_1_14_vul_irq |        210 |        210 |       0 |    0 |   317 |      0 |      0 |          0 |
|                 arbirq                                                                                |                                xdma_ddr3_xdma_0_0_xdma_v4_1_14_arbblock__parameterized2 |         31 |         31 |       0 |    0 |    20 |      0 |      0 |          0 |
|                   genarb[0].inst                                                                      |                               xdma_ddr3_xdma_0_0_xdma_v4_1_14_arbentity__parameterized8 |          9 |          9 |       0 |    0 |     4 |      0 |      0 |          0 |
|                   genarb[1].inst                                                                      |                               xdma_ddr3_xdma_0_0_xdma_v4_1_14_arbentity__parameterized9 |          5 |          5 |       0 |    0 |     4 |      0 |      0 |          0 |
|                   genarb[2].inst                                                                      |                              xdma_ddr3_xdma_0_0_xdma_v4_1_14_arbentity__parameterized10 |          5 |          5 |       0 |    0 |     4 |      0 |      0 |          0 |
|                   genarb[3].inst                                                                      |                              xdma_ddr3_xdma_0_0_xdma_v4_1_14_arbentity__parameterized11 |          6 |          6 |       0 |    0 |     4 |      0 |      0 |          0 |
|                   genarb[4].inst                                                                      |                              xdma_ddr3_xdma_0_0_xdma_v4_1_14_arbentity__parameterized12 |          6 |          6 |       0 |    0 |     4 |      0 |      0 |          0 |
|                 msix_internal_xdma.msix_ctl                                                           |                              xdma_ddr3_xdma_0_0_xdma_v4_1_14_pcie_userapp_tgt_intr_ctrl |        149 |        149 |       0 |    0 |   292 |      0 |      0 |          0 |
|                 msix_internal_xdma.pf0_msix_table                                                     |                                               xdma_ddr3_xdma_0_0_xdma_v4_1_14_udma_msix |        234 |        234 |       0 |    0 |   269 |      1 |      0 |          0 |
|                 usr_irq_xpm_cdc                                                                       |                                                       xdma_ddr3_xdma_0_0_xpm_cdc_single |          0 |          0 |       0 |    0 |     4 |      0 |      0 |          0 |
|               TAR_BRDG                                                                                |                                                 xdma_ddr3_xdma_0_0_xdma_v4_1_14_vul_tar |         42 |         42 |       0 |    0 |   134 |      0 |      0 |          0 |
|               cq_axilt_slv                                                                            |                                           xdma_ddr3_xdma_0_0_xdma_v4_1_14_dma_axilt_slv |         85 |         45 |      40 |    0 |    63 |      0 |      0 |          0 |
|                 (cq_axilt_slv)                                                                        |                                           xdma_ddr3_xdma_0_0_xdma_v4_1_14_dma_axilt_slv |          6 |          6 |       0 |    0 |    43 |      0 |      0 |          0 |
|                 DAT_FIFO                                                                              |                          xdma_ddr3_xdma_0_0_xdma_v4_1_14_GenericFIFO__parameterized4_75 |         49 |         25 |      24 |    0 |     8 |      0 |      0 |          0 |
|                 REQ_FIFO                                                                              |                          xdma_ddr3_xdma_0_0_xdma_v4_1_14_GenericFIFO__parameterized3_76 |         30 |         14 |      16 |    0 |    12 |      0 |      0 |          0 |
|               usr_axilt_slv                                                                           |                                        xdma_ddr3_xdma_0_0_xdma_v4_1_14_dma_axilt_slv_74 |         85 |         45 |      40 |    0 |    63 |      0 |      0 |          0 |
|                 (usr_axilt_slv)                                                                       |                                        xdma_ddr3_xdma_0_0_xdma_v4_1_14_dma_axilt_slv_74 |          5 |          5 |       0 |    0 |    43 |      0 |      0 |          0 |
|                 DAT_FIFO                                                                              |                             xdma_ddr3_xdma_0_0_xdma_v4_1_14_GenericFIFO__parameterized4 |         31 |          7 |      24 |    0 |     8 |      0 |      0 |          0 |
|                 REQ_FIFO                                                                              |                             xdma_ddr3_xdma_0_0_xdma_v4_1_14_GenericFIFO__parameterized3 |         49 |         33 |      16 |    0 |    12 |      0 |      0 |          0 |
|             dma_enable.aximm.dma_aximm                                                                |                                               xdma_ddr3_xdma_0_0_xdma_v4_1_14_dma_aximm |       1970 |       1664 |     304 |    2 |  1292 |      0 |      0 |          0 |
|               axi4mm_axi_mm_master_rd                                                                 |                               xdma_ddr3_xdma_0_0_xdma_v4_1_14_axi_mm_master_omulti_rd_v |        177 |         85 |      92 |    0 |   176 |      0 |      0 |          0 |
|               axi4mm_axi_mm_master_wr                                                                 |                               xdma_ddr3_xdma_0_0_xdma_v4_1_14_axi_mm_master_omulti_wr_v |       1747 |       1533 |     212 |    2 |   921 |      0 |      0 |          0 |
|                 (axi4mm_axi_mm_master_wr)                                                             |                               xdma_ddr3_xdma_0_0_xdma_v4_1_14_axi_mm_master_omulti_wr_v |       1586 |       1484 |     100 |    2 |   878 |      0 |      0 |          0 |
|                 WPL_FIFO                                                                              |                                         xdma_ddr3_xdma_0_0_xdma_v4_1_14_GenericFIFOHead |         68 |         44 |      24 |    0 |    37 |      0 |      0 |          0 |
|                 WTLP_DAT_FIFO                                                                         |                                          xdma_ddr3_xdma_0_0_xdma_v4_1_14_GenericFIFO_73 |         93 |          5 |      88 |    0 |     6 |      0 |      0 |          0 |
|               axidma_rrq_arb                                                                          |                                          xdma_ddr3_xdma_0_0_xdma_v4_1_14_axidma_dcarb_v |         16 |         16 |       0 |    0 |    91 |      0 |      0 |          0 |
|                 Fifowhead.fifoInfo                                                                    |                                        xdma_ddr3_xdma_0_0_xdma_v4_1_14_GenericFIFOAsync |         13 |         13 |       0 |    0 |    89 |      0 |      0 |          0 |
|                 arbchnls                                                                              |                                             xdma_ddr3_xdma_0_0_xdma_v4_1_14_arbblock_70 |          3 |          3 |       0 |    0 |     2 |      0 |      0 |          0 |
|                   genarb[0].inst                                                                      |                                            xdma_ddr3_xdma_0_0_xdma_v4_1_14_arbentity_71 |          2 |          2 |       0 |    0 |     1 |      0 |      0 |          0 |
|                   genarb[1].inst                                                                      |                            xdma_ddr3_xdma_0_0_xdma_v4_1_14_arbentity__parameterized0_72 |          1 |          1 |       0 |    0 |     1 |      0 |      0 |          0 |
|               axidma_wrq_arb                                                                          |                          xdma_ddr3_xdma_0_0_xdma_v4_1_14_axidma_dcarb_v__parameterized0 |         30 |         30 |       0 |    0 |   104 |      0 |      0 |          0 |
|                 Fifowhead.fifoInfo                                                                    |                        xdma_ddr3_xdma_0_0_xdma_v4_1_14_GenericFIFOAsync__parameterized0 |         26 |         26 |       0 |    0 |   102 |      0 |      0 |          0 |
|                 arbchnls                                                                              |                                             xdma_ddr3_xdma_0_0_xdma_v4_1_14_arbblock_67 |          4 |          4 |       0 |    0 |     2 |      0 |      0 |          0 |
|                   genarb[0].inst                                                                      |                                            xdma_ddr3_xdma_0_0_xdma_v4_1_14_arbentity_68 |          3 |          3 |       0 |    0 |     1 |      0 |      0 |          0 |
|                   genarb[1].inst                                                                      |                            xdma_ddr3_xdma_0_0_xdma_v4_1_14_arbentity__parameterized0_69 |          1 |          1 |       0 |    0 |     1 |      0 |      0 |          0 |
|             dma_enable.vul_dma                                                                        |                                                 xdma_ddr3_xdma_0_0_xdma_v4_1_14_vul_top |       9962 |       8794 |    1168 |    0 | 11086 |      4 |      0 |          0 |
|               (dma_enable.vul_dma)                                                                    |                                                 xdma_ddr3_xdma_0_0_xdma_v4_1_14_vul_top |          0 |          0 |       0 |    0 |    43 |      0 |      0 |          0 |
|               RD                                                                                      |                                xdma_ddr3_xdma_0_0_xdma_v4_1_14_vul_rdwr__parameterized0 |       4741 |       4173 |     568 |    0 |  4710 |      2 |      0 |          0 |
|                 (RD)                                                                                  |                                xdma_ddr3_xdma_0_0_xdma_v4_1_14_vul_rdwr__parameterized0 |        347 |        347 |       0 |    0 |    22 |      0 |      0 |          0 |
|                 gen_rdwr_loop[0].gen_rdwr_eng.RDWR_INST                                               |                            xdma_ddr3_xdma_0_0_xdma_v4_1_14_vul_rdwr_eng__parameterized1 |       1829 |       1545 |     284 |    0 |  2172 |      1 |      0 |          0 |
|                   (gen_rdwr_loop[0].gen_rdwr_eng.RDWR_INST)                                           |                            xdma_ddr3_xdma_0_0_xdma_v4_1_14_vul_rdwr_eng__parameterized1 |       1339 |       1299 |      40 |    0 |  1786 |      1 |      0 |          0 |
|                   DSC_FIFO                                                                            |                      xdma_ddr3_xdma_0_0_xdma_v4_1_14_GenericFIFOHead__parameterized2_64 |        229 |        121 |     108 |    0 |   174 |      0 |      0 |          0 |
|                   RRQ_FIFO                                                                            |                      xdma_ddr3_xdma_0_0_xdma_v4_1_14_GenericFIFOHead__parameterized1_65 |        134 |         66 |      68 |    0 |   106 |      0 |      0 |          0 |
|                   WRQ_FIFO                                                                            |                      xdma_ddr3_xdma_0_0_xdma_v4_1_14_GenericFIFOHead__parameterized3_66 |        127 |         59 |      68 |    0 |   106 |      0 |      0 |          0 |
|                 gen_rdwr_loop[1].gen_rdwr_eng.RDWR_INST                                               |                            xdma_ddr3_xdma_0_0_xdma_v4_1_14_vul_rdwr_eng__parameterized2 |       2567 |       2283 |     284 |    0 |  2516 |      1 |      0 |          0 |
|                   (gen_rdwr_loop[1].gen_rdwr_eng.RDWR_INST)                                           |                            xdma_ddr3_xdma_0_0_xdma_v4_1_14_vul_rdwr_eng__parameterized2 |       1769 |       1729 |      40 |    0 |  2130 |      1 |      0 |          0 |
|                   DSC_FIFO                                                                            |                      xdma_ddr3_xdma_0_0_xdma_v4_1_14_GenericFIFOHead__parameterized2_61 |        230 |        122 |     108 |    0 |   174 |      0 |      0 |          0 |
|                   RRQ_FIFO                                                                            |                      xdma_ddr3_xdma_0_0_xdma_v4_1_14_GenericFIFOHead__parameterized1_62 |        252 |        184 |      68 |    0 |   106 |      0 |      0 |          0 |
|                   WRQ_FIFO                                                                            |                      xdma_ddr3_xdma_0_0_xdma_v4_1_14_GenericFIFOHead__parameterized3_63 |        316 |        248 |      68 |    0 |   106 |      0 |      0 |          0 |
|               WR                                                                                      |                                                xdma_ddr3_xdma_0_0_xdma_v4_1_14_vul_rdwr |       3555 |       3019 |     536 |    0 |  4279 |      2 |      0 |          0 |
|                 (WR)                                                                                  |                                                xdma_ddr3_xdma_0_0_xdma_v4_1_14_vul_rdwr |        236 |        236 |       0 |    0 |     0 |      0 |      0 |          0 |
|                 gen_rdwr_loop[0].gen_rdwr_eng.RDWR_INST                                               |                                            xdma_ddr3_xdma_0_0_xdma_v4_1_14_vul_rdwr_eng |       1547 |       1279 |     268 |    0 |  2004 |      1 |      0 |          0 |
|                   (gen_rdwr_loop[0].gen_rdwr_eng.RDWR_INST)                                           |                                            xdma_ddr3_xdma_0_0_xdma_v4_1_14_vul_rdwr_eng |       1089 |       1049 |      40 |    0 |  1636 |      1 |      0 |          0 |
|                   DSC_FIFO                                                                            |                      xdma_ddr3_xdma_0_0_xdma_v4_1_14_GenericFIFOHead__parameterized2_58 |        227 |        119 |     108 |    0 |   174 |      0 |      0 |          0 |
|                   RRQ_FIFO                                                                            |                      xdma_ddr3_xdma_0_0_xdma_v4_1_14_GenericFIFOHead__parameterized1_59 |        107 |         55 |      52 |    0 |    88 |      0 |      0 |          0 |
|                   WRQ_FIFO                                                                            |                      xdma_ddr3_xdma_0_0_xdma_v4_1_14_GenericFIFOHead__parameterized3_60 |        124 |         56 |      68 |    0 |   106 |      0 |      0 |          0 |
|                 gen_rdwr_loop[1].gen_rdwr_eng.RDWR_INST                                               |                            xdma_ddr3_xdma_0_0_xdma_v4_1_14_vul_rdwr_eng__parameterized0 |       1780 |       1512 |     268 |    0 |  2275 |      1 |      0 |          0 |
|                   (gen_rdwr_loop[1].gen_rdwr_eng.RDWR_INST)                                           |                            xdma_ddr3_xdma_0_0_xdma_v4_1_14_vul_rdwr_eng__parameterized0 |       1033 |        993 |      40 |    0 |  1907 |      1 |      0 |          0 |
|                   DSC_FIFO                                                                            |                         xdma_ddr3_xdma_0_0_xdma_v4_1_14_GenericFIFOHead__parameterized2 |        230 |        122 |     108 |    0 |   174 |      0 |      0 |          0 |
|                   RRQ_FIFO                                                                            |                      xdma_ddr3_xdma_0_0_xdma_v4_1_14_GenericFIFOHead__parameterized1_57 |        273 |        221 |      52 |    0 |    88 |      0 |      0 |          0 |
|                   WRQ_FIFO                                                                            |                         xdma_ddr3_xdma_0_0_xdma_v4_1_14_GenericFIFOHead__parameterized3 |        244 |        176 |      68 |    0 |   106 |      0 |      0 |          0 |
|               dsc_eng.DSC                                                                             |                                             xdma_ddr3_xdma_0_0_xdma_v4_1_14_vul_dsc_eng |       1666 |       1602 |      64 |    0 |  2054 |      0 |      0 |          0 |
|                 (dsc_eng.DSC)                                                                         |                                             xdma_ddr3_xdma_0_0_xdma_v4_1_14_vul_dsc_eng |       1547 |       1547 |       0 |    0 |  1958 |      0 |      0 |          0 |
|                 RRQ_FIFO                                                                              |                         xdma_ddr3_xdma_0_0_xdma_v4_1_14_GenericFIFOHead__parameterized1 |        119 |         55 |      64 |    0 |    96 |      0 |      0 |          0 |
|             dma_enable.wb_eng.dma_pcie_wb_eng                                                         |                                              xdma_ddr3_xdma_0_0_xdma_v4_1_14_dma_wb_eng |        175 |        131 |      44 |    0 |   109 |      0 |      0 |          0 |
|               (dma_enable.wb_eng.dma_pcie_wb_eng)                                                     |                                              xdma_ddr3_xdma_0_0_xdma_v4_1_14_dma_wb_eng |         62 |         62 |       0 |    0 |     9 |      0 |      0 |          0 |
|               WB_CHNL_FIFO                                                                            |                         xdma_ddr3_xdma_0_0_xdma_v4_1_14_GenericFIFOHead__parameterized0 |         16 |         12 |       4 |    0 |    14 |      0 |      0 |          0 |
|               WB_DAT_FIFO                                                                             |                             xdma_ddr3_xdma_0_0_xdma_v4_1_14_GenericFIFO__parameterized0 |         24 |          4 |      20 |    0 |    34 |      0 |      0 |          0 |
|               axidma_wb_arb                                                                           |                          xdma_ddr3_xdma_0_0_xdma_v4_1_14_axidma_dcarb_v__parameterized1 |         73 |         53 |      20 |    0 |    52 |      0 |      0 |          0 |
|                 Fifowhead.fifoInfo                                                                    |                        xdma_ddr3_xdma_0_0_xdma_v4_1_14_GenericFIFOAsync__parameterized1 |         47 |         27 |      20 |    0 |    40 |      0 |      0 |          0 |
|                 arbchnls                                                                              |                                xdma_ddr3_xdma_0_0_xdma_v4_1_14_arbblock__parameterized0 |         26 |         26 |       0 |    0 |    12 |      0 |      0 |          0 |
|                   genarb[0].inst                                                                      |                               xdma_ddr3_xdma_0_0_xdma_v4_1_14_arbentity__parameterized1 |          5 |          5 |       0 |    0 |     3 |      0 |      0 |          0 |
|                   genarb[1].inst                                                                      |                               xdma_ddr3_xdma_0_0_xdma_v4_1_14_arbentity__parameterized2 |          5 |          5 |       0 |    0 |     3 |      0 |      0 |          0 |
|                   genarb[2].inst                                                                      |                               xdma_ddr3_xdma_0_0_xdma_v4_1_14_arbentity__parameterized3 |          7 |          7 |       0 |    0 |     3 |      0 |      0 |          0 |
|                   genarb[3].inst                                                                      |                               xdma_ddr3_xdma_0_0_xdma_v4_1_14_arbentity__parameterized4 |          9 |          9 |       0 |    0 |     3 |      0 |      0 |          0 |
|             dma_pcie_req                                                                              |                                            xdma_ddr3_xdma_0_0_xdma_v4_1_14_dma_pcie_req |       3861 |       3406 |     455 |    0 |  3574 |      3 |      0 |          0 |
|               (dma_pcie_req)                                                                          |                                            xdma_ddr3_xdma_0_0_xdma_v4_1_14_dma_pcie_req |          7 |          7 |       0 |    0 |    13 |      0 |      0 |          0 |
|               TAG_FIFO_EVEN                                                                           |                             xdma_ddr3_xdma_0_0_xdma_v4_1_14_GenericFIFO__parameterized1 |         19 |         15 |       4 |    0 |    17 |      0 |      0 |          0 |
|               TAG_FIFO_ODD                                                                            |                          xdma_ddr3_xdma_0_0_xdma_v4_1_14_GenericFIFO__parameterized1_56 |         21 |         17 |       4 |    0 |    17 |      0 |      0 |          0 |
|               axidma_rrq_arb                                                                          |                          xdma_ddr3_xdma_0_0_xdma_v4_1_14_axidma_dcarb_v__parameterized2 |        150 |         74 |      76 |    0 |   112 |      0 |      0 |          0 |
|                 Fifowhead.fifoInfo                                                                    |                        xdma_ddr3_xdma_0_0_xdma_v4_1_14_GenericFIFOAsync__parameterized2 |        150 |         74 |      76 |    0 |   106 |      0 |      0 |          0 |
|                 arbchnls                                                                              |                                xdma_ddr3_xdma_0_0_xdma_v4_1_14_arbblock__parameterized1 |          0 |          0 |       0 |    0 |     6 |      0 |      0 |          0 |
|                   genarb[0].inst                                                                      |                               xdma_ddr3_xdma_0_0_xdma_v4_1_14_arbentity__parameterized5 |          0 |          0 |       0 |    0 |     2 |      0 |      0 |          0 |
|                   genarb[1].inst                                                                      |                               xdma_ddr3_xdma_0_0_xdma_v4_1_14_arbentity__parameterized6 |          0 |          0 |       0 |    0 |     2 |      0 |      0 |          0 |
|                   genarb[2].inst                                                                      |                               xdma_ddr3_xdma_0_0_xdma_v4_1_14_arbentity__parameterized7 |          0 |          0 |       0 |    0 |     2 |      0 |      0 |          0 |
|               axidma_wrq_arb                                                                          |                          xdma_ddr3_xdma_0_0_xdma_v4_1_14_axidma_dcarb_v__parameterized3 |        155 |         87 |      68 |    0 |   105 |      0 |      0 |          0 |
|                 Fifowhead.fifoInfo                                                                    |                        xdma_ddr3_xdma_0_0_xdma_v4_1_14_GenericFIFOAsync__parameterized3 |        153 |         85 |      68 |    0 |   103 |      0 |      0 |          0 |
|                 arbchnls                                                                              |                                                xdma_ddr3_xdma_0_0_xdma_v4_1_14_arbblock |          2 |          2 |       0 |    0 |     2 |      0 |      0 |          0 |
|                   genarb[0].inst                                                                      |                                               xdma_ddr3_xdma_0_0_xdma_v4_1_14_arbentity |          1 |          1 |       0 |    0 |     1 |      0 |      0 |          0 |
|                   genarb[1].inst                                                                      |                               xdma_ddr3_xdma_0_0_xdma_v4_1_14_arbentity__parameterized0 |          1 |          1 |       0 |    0 |     1 |      0 |      0 |          0 |
|               dma_pcie_rc                                                                             |                                             xdma_ddr3_xdma_0_0_xdma_v4_1_14_dma_pcie_rc |       1076 |        939 |     137 |    0 |  1521 |      3 |      0 |          0 |
|                 (dma_pcie_rc)                                                                         |                                             xdma_ddr3_xdma_0_0_xdma_v4_1_14_dma_pcie_rc |        951 |        914 |      37 |    0 |  1360 |      0 |      0 |          0 |
|                 u_dma_rc_mem_pfch                                                                     |                                         xdma_ddr3_xdma_0_0_xdma_v4_1_14_dma_rc_mem_pfch |        125 |         25 |     100 |    0 |   161 |      0 |      0 |          0 |
|                 u_mem_rc                                                                              |                                    xdma_ddr3_xdma_0_0_xdma_v4_1_14_mem_simple_dport_ram |          0 |          0 |       0 |    0 |     0 |      3 |      0 |          0 |
|               dma_pcie_rq                                                                             |                                             xdma_ddr3_xdma_0_0_xdma_v4_1_14_dma_pcie_rq |       2433 |       2267 |     166 |    0 |  1789 |      0 |      0 |          0 |
|                 (dma_pcie_rq)                                                                         |                                             xdma_ddr3_xdma_0_0_xdma_v4_1_14_dma_pcie_rq |       1748 |       1738 |      10 |    0 |  1483 |      0 |      0 |          0 |
|                 RQ_FIFO                                                                               |                                        xdma_ddr3_xdma_0_0_xdma_v4_1_14_GenericFIFOHead2 |        455 |        455 |       0 |    0 |   289 |      0 |      0 |          0 |
|                 WTLP_DAT_FIFO                                                                         |                                             xdma_ddr3_xdma_0_0_xdma_v4_1_14_GenericFIFO |        134 |         46 |      88 |    0 |     6 |      0 |      0 |          0 |
|                 WTLP_HDR_FIFO                                                                         |                             xdma_ddr3_xdma_0_0_xdma_v4_1_14_GenericFIFO__parameterized2 |         96 |         28 |      68 |    0 |    11 |      0 |      0 |          0 |
|             reset_cntrlr                                                                              |                            xdma_ddr3_xdma_0_0_xdma_v4_1_14_axi4mm_axi_pcie_reset_cntrlr |          2 |          2 |       0 |    0 |     4 |      0 |      0 |          0 |
|             xdma_v4_1_14_axi_str_cq_if_inst                                                           |                                           xdma_ddr3_xdma_0_0_xdma_v4_1_14_axi_str_cq_if |          8 |          8 |       0 |    0 |    10 |      0 |      0 |          0 |
|             xdma_v4_1_14_axi_str_rq_if_inst                                                           |                                           xdma_ddr3_xdma_0_0_xdma_v4_1_14_axi_str_rq_if |          9 |          9 |       0 |    0 |     6 |      0 |      0 |          0 |
|         xdma_ddr3_xdma_0_0_pcie2_to_pcie3_wrapper_i                                                   |                                               xdma_ddr3_xdma_0_0_pcie2_to_pcie3_wrapper |       2791 |       2682 |      96 |   13 |  4666 |     10 |      1 |          0 |
|           (xdma_ddr3_xdma_0_0_pcie2_to_pcie3_wrapper_i)                                               |                                               xdma_ddr3_xdma_0_0_pcie2_to_pcie3_wrapper |          2 |          2 |       0 |    0 |     0 |      0 |      0 |          0 |
|           pcie2_ip_i                                                                                  |                                                             xdma_ddr3_xdma_0_0_pcie2_ip |       1434 |       1421 |       0 |   13 |  3073 |      8 |      0 |          0 |
|             (pcie2_ip_i)                                                                              |                                                             xdma_ddr3_xdma_0_0_pcie2_ip |          0 |          0 |       0 |    0 |     0 |      0 |      0 |          0 |
|             inst                                                                                      |                                                   xdma_ddr3_xdma_0_0_pcie2_ip_pcie2_top |       1434 |       1421 |       0 |   13 |  3073 |      8 |      0 |          0 |
|               (inst)                                                                                  |                                                   xdma_ddr3_xdma_0_0_pcie2_ip_pcie2_top |          0 |          0 |       0 |    0 |     0 |      0 |      0 |          0 |
|               inst                                                                                    |                                                    xdma_ddr3_xdma_0_0_pcie2_ip_core_top |       1434 |       1421 |       0 |   13 |  3073 |      8 |      0 |          0 |
|                 (inst)                                                                                |                                                    xdma_ddr3_xdma_0_0_pcie2_ip_core_top |         10 |          4 |       0 |    6 |    12 |      0 |      0 |          0 |
|                 gt_top_i                                                                              |                                                      xdma_ddr3_xdma_0_0_pcie2_ip_gt_top |       1251 |       1244 |       0 |    7 |  2373 |      0 |      0 |          0 |
|                   (gt_top_i)                                                                          |                                                      xdma_ddr3_xdma_0_0_pcie2_ip_gt_top |         41 |         41 |       0 |    0 |     8 |      0 |      0 |          0 |
|                   gt_rx_valid_filter[0].GT_RX_VALID_FILTER_7x_inst                                    |                                       xdma_ddr3_xdma_0_0_pcie2_ip_gt_rx_valid_filter_7x |         19 |         19 |       0 |    0 |    30 |      0 |      0 |          0 |
|                   gt_rx_valid_filter[1].GT_RX_VALID_FILTER_7x_inst                                    |                                    xdma_ddr3_xdma_0_0_pcie2_ip_gt_rx_valid_filter_7x_32 |         17 |         17 |       0 |    0 |    30 |      0 |      0 |          0 |
|                   gt_rx_valid_filter[2].GT_RX_VALID_FILTER_7x_inst                                    |                                    xdma_ddr3_xdma_0_0_pcie2_ip_gt_rx_valid_filter_7x_33 |         17 |         17 |       0 |    0 |    30 |      0 |      0 |          0 |
|                   gt_rx_valid_filter[3].GT_RX_VALID_FILTER_7x_inst                                    |                                    xdma_ddr3_xdma_0_0_pcie2_ip_gt_rx_valid_filter_7x_34 |         18 |         18 |       0 |    0 |    30 |      0 |      0 |          0 |
|                   pipe_wrapper_i                                                                      |                                                xdma_ddr3_xdma_0_0_pcie2_ip_pipe_wrapper |       1139 |       1132 |       0 |    7 |  2245 |      0 |      0 |          0 |
|                     (pipe_wrapper_i)                                                                  |                                                xdma_ddr3_xdma_0_0_pcie2_ip_pipe_wrapper |          2 |          2 |       0 |    0 |     2 |      0 |      0 |          0 |
|                     gtp_pipe_reset.gtp_pipe_reset_i                                                   |                                              xdma_ddr3_xdma_0_0_pcie2_ip_gtp_pipe_reset |         30 |         30 |       0 |    0 |    90 |      0 |      0 |          0 |
|                     pipe_clock_int.pipe_clock_i                                                       |                                                  xdma_ddr3_xdma_0_0_pcie2_ip_pipe_clock |          1 |          1 |       0 |    0 |    19 |      0 |      0 |          0 |
|                     pipe_lane[0].gt_wrapper_i                                                         |                                                  xdma_ddr3_xdma_0_0_pcie2_ip_gt_wrapper |          2 |          2 |       0 |    0 |     0 |      0 |      0 |          0 |
|                     pipe_lane[0].gtp_pipe_drp.gtp_pipe_drp_i                                          |                                                xdma_ddr3_xdma_0_0_pcie2_ip_gtp_pipe_drp |         23 |         23 |       0 |    0 |    65 |      0 |      0 |          0 |
|                     pipe_lane[0].gtp_pipe_rate.gtp_pipe_rate_i                                        |                                               xdma_ddr3_xdma_0_0_pcie2_ip_gtp_pipe_rate |         19 |         19 |       0 |    0 |    39 |      0 |      0 |          0 |
|                     pipe_lane[0].pipe_eq.pipe_eq_i                                                    |                                                     xdma_ddr3_xdma_0_0_pcie2_ip_pipe_eq |        169 |        169 |       0 |    0 |   294 |      0 |      0 |          0 |
|                       (pipe_lane[0].pipe_eq.pipe_eq_i)                                                |                                                     xdma_ddr3_xdma_0_0_pcie2_ip_pipe_eq |        123 |        123 |       0 |    0 |   186 |      0 |      0 |          0 |
|                       rxeq_scan_i                                                                     |                                                xdma_ddr3_xdma_0_0_pcie2_ip_rxeq_scan_55 |         46 |         46 |       0 |    0 |   108 |      0 |      0 |          0 |
|                     pipe_lane[0].pipe_quad.gt_common_enabled.gt_common_int.gt_common_i                |                                                   xdma_ddr3_xdma_0_0_pcie2_ip_gt_common |         59 |         52 |       0 |    7 |    84 |      0 |      0 |          0 |
|                       qpll_drp_i                                                                      |                                                    xdma_ddr3_xdma_0_0_pcie2_ip_qpll_drp |         51 |         51 |       0 |    0 |    82 |      0 |      0 |          0 |
|                       qpll_wrapper_i                                                                  |                                                xdma_ddr3_xdma_0_0_pcie2_ip_qpll_wrapper |          8 |          1 |       0 |    7 |     2 |      0 |      0 |          0 |
|                         (qpll_wrapper_i)                                                              |                                                xdma_ddr3_xdma_0_0_pcie2_ip_qpll_wrapper |          0 |          0 |       0 |    0 |     0 |      0 |      0 |          0 |
|                         cpllPDInst                                                                    |                                             xdma_ddr3_xdma_0_0_pcie2_ip_gtp_cpllpd_ovrd |          8 |          1 |       0 |    7 |     2 |      0 |      0 |          0 |
|                     pipe_lane[0].pipe_sync_i                                                          |                                                   xdma_ddr3_xdma_0_0_pcie2_ip_pipe_sync |          9 |          9 |       0 |    0 |    45 |      0 |      0 |          0 |
|                     pipe_lane[0].pipe_user_i                                                          |                                                   xdma_ddr3_xdma_0_0_pcie2_ip_pipe_user |         38 |         38 |       0 |    0 |    61 |      0 |      0 |          0 |
|                     pipe_lane[1].gt_wrapper_i                                                         |                                               xdma_ddr3_xdma_0_0_pcie2_ip_gt_wrapper_35 |          2 |          2 |       0 |    0 |     0 |      0 |      0 |          0 |
|                     pipe_lane[1].gtp_pipe_drp.gtp_pipe_drp_i                                          |                                             xdma_ddr3_xdma_0_0_pcie2_ip_gtp_pipe_drp_36 |         23 |         23 |       0 |    0 |    65 |      0 |      0 |          0 |
|                     pipe_lane[1].gtp_pipe_rate.gtp_pipe_rate_i                                        |                                            xdma_ddr3_xdma_0_0_pcie2_ip_gtp_pipe_rate_37 |         18 |         18 |       0 |    0 |    39 |      0 |      0 |          0 |
|                     pipe_lane[1].pipe_eq.pipe_eq_i                                                    |                                                  xdma_ddr3_xdma_0_0_pcie2_ip_pipe_eq_38 |        170 |        170 |       0 |    0 |   294 |      0 |      0 |          0 |
|                       (pipe_lane[1].pipe_eq.pipe_eq_i)                                                |                                                  xdma_ddr3_xdma_0_0_pcie2_ip_pipe_eq_38 |        124 |        124 |       0 |    0 |   186 |      0 |      0 |          0 |
|                       rxeq_scan_i                                                                     |                                                xdma_ddr3_xdma_0_0_pcie2_ip_rxeq_scan_54 |         46 |         46 |       0 |    0 |   108 |      0 |      0 |          0 |
|                     pipe_lane[1].pipe_sync_i                                                          |                                                xdma_ddr3_xdma_0_0_pcie2_ip_pipe_sync_39 |          8 |          8 |       0 |    0 |    44 |      0 |      0 |          0 |
|                     pipe_lane[1].pipe_user_i                                                          |                                                xdma_ddr3_xdma_0_0_pcie2_ip_pipe_user_40 |         39 |         39 |       0 |    0 |    61 |      0 |      0 |          0 |
|                     pipe_lane[2].gt_wrapper_i                                                         |                                               xdma_ddr3_xdma_0_0_pcie2_ip_gt_wrapper_41 |          2 |          2 |       0 |    0 |     0 |      0 |      0 |          0 |
|                     pipe_lane[2].gtp_pipe_drp.gtp_pipe_drp_i                                          |                                             xdma_ddr3_xdma_0_0_pcie2_ip_gtp_pipe_drp_42 |         23 |         23 |       0 |    0 |    65 |      0 |      0 |          0 |
|                     pipe_lane[2].gtp_pipe_rate.gtp_pipe_rate_i                                        |                                            xdma_ddr3_xdma_0_0_pcie2_ip_gtp_pipe_rate_43 |         18 |         18 |       0 |    0 |    39 |      0 |      0 |          0 |
|                     pipe_lane[2].pipe_eq.pipe_eq_i                                                    |                                                  xdma_ddr3_xdma_0_0_pcie2_ip_pipe_eq_44 |        170 |        170 |       0 |    0 |   294 |      0 |      0 |          0 |
|                       (pipe_lane[2].pipe_eq.pipe_eq_i)                                                |                                                  xdma_ddr3_xdma_0_0_pcie2_ip_pipe_eq_44 |        124 |        124 |       0 |    0 |   186 |      0 |      0 |          0 |
|                       rxeq_scan_i                                                                     |                                                xdma_ddr3_xdma_0_0_pcie2_ip_rxeq_scan_53 |         46 |         46 |       0 |    0 |   108 |      0 |      0 |          0 |
|                     pipe_lane[2].pipe_sync_i                                                          |                                                xdma_ddr3_xdma_0_0_pcie2_ip_pipe_sync_45 |          8 |          8 |       0 |    0 |    44 |      0 |      0 |          0 |
|                     pipe_lane[2].pipe_user_i                                                          |                                                xdma_ddr3_xdma_0_0_pcie2_ip_pipe_user_46 |         40 |         40 |       0 |    0 |    61 |      0 |      0 |          0 |
|                     pipe_lane[3].gt_wrapper_i                                                         |                                               xdma_ddr3_xdma_0_0_pcie2_ip_gt_wrapper_47 |          3 |          3 |       0 |    0 |     0 |      0 |      0 |          0 |
|                     pipe_lane[3].gtp_pipe_drp.gtp_pipe_drp_i                                          |                                             xdma_ddr3_xdma_0_0_pcie2_ip_gtp_pipe_drp_48 |         23 |         23 |       0 |    0 |    65 |      0 |      0 |          0 |
|                     pipe_lane[3].gtp_pipe_rate.gtp_pipe_rate_i                                        |                                            xdma_ddr3_xdma_0_0_pcie2_ip_gtp_pipe_rate_49 |         18 |         18 |       0 |    0 |    39 |      0 |      0 |          0 |
|                     pipe_lane[3].pipe_eq.pipe_eq_i                                                    |                                                  xdma_ddr3_xdma_0_0_pcie2_ip_pipe_eq_50 |        170 |        170 |       0 |    0 |   294 |      0 |      0 |          0 |
|                       (pipe_lane[3].pipe_eq.pipe_eq_i)                                                |                                                  xdma_ddr3_xdma_0_0_pcie2_ip_pipe_eq_50 |        125 |        125 |       0 |    0 |   186 |      0 |      0 |          0 |
|                       rxeq_scan_i                                                                     |                                                   xdma_ddr3_xdma_0_0_pcie2_ip_rxeq_scan |         45 |         45 |       0 |    0 |   108 |      0 |      0 |          0 |
|                     pipe_lane[3].pipe_sync_i                                                          |                                                xdma_ddr3_xdma_0_0_pcie2_ip_pipe_sync_51 |          8 |          8 |       0 |    0 |    44 |      0 |      0 |          0 |
|                     pipe_lane[3].pipe_user_i                                                          |                                                xdma_ddr3_xdma_0_0_pcie2_ip_pipe_user_52 |         39 |         39 |       0 |    0 |    61 |      0 |      0 |          0 |
|                     qpll_reset.qpll_reset_i                                                           |                                                  xdma_ddr3_xdma_0_0_pcie2_ip_qpll_reset |          5 |          5 |       0 |    0 |    37 |      0 |      0 |          0 |
|                 pcie_top_i                                                                            |                                                    xdma_ddr3_xdma_0_0_pcie2_ip_pcie_top |        173 |        173 |       0 |    0 |   684 |      8 |      0 |          0 |
|                   (pcie_top_i)                                                                        |                                                    xdma_ddr3_xdma_0_0_pcie2_ip_pcie_top |          1 |          1 |       0 |    0 |    16 |      0 |      0 |          0 |
|                   axi_basic_top                                                                       |                                               xdma_ddr3_xdma_0_0_pcie2_ip_axi_basic_top |        161 |        161 |       0 |    0 |   470 |      0 |      0 |          0 |
|                     rx_inst                                                                           |                                                xdma_ddr3_xdma_0_0_pcie2_ip_axi_basic_rx |        137 |        137 |       0 |    0 |   306 |      0 |      0 |          0 |
|                       rx_null_gen_inst                                                                |                                       xdma_ddr3_xdma_0_0_pcie2_ip_axi_basic_rx_null_gen |         28 |         28 |       0 |    0 |    13 |      0 |      0 |          0 |
|                       rx_pipeline_inst                                                                |                                       xdma_ddr3_xdma_0_0_pcie2_ip_axi_basic_rx_pipeline |        109 |        109 |       0 |    0 |   293 |      0 |      0 |          0 |
|                     tx_inst                                                                           |                                                xdma_ddr3_xdma_0_0_pcie2_ip_axi_basic_tx |         24 |         24 |       0 |    0 |   164 |      0 |      0 |          0 |
|                       thrtl_ctl_enabled.tx_thrl_ctl_inst                                              |                                      xdma_ddr3_xdma_0_0_pcie2_ip_axi_basic_tx_thrtl_ctl |         20 |         20 |       0 |    0 |    26 |      0 |      0 |          0 |
|                       tx_pipeline_inst                                                                |                                       xdma_ddr3_xdma_0_0_pcie2_ip_axi_basic_tx_pipeline |          4 |          4 |       0 |    0 |   138 |      0 |      0 |          0 |
|                   pcie_7x_i                                                                           |                                                     xdma_ddr3_xdma_0_0_pcie2_ip_pcie_7x |         11 |         11 |       0 |    0 |     0 |      8 |      0 |          0 |
|                     (pcie_7x_i)                                                                       |                                                     xdma_ddr3_xdma_0_0_pcie2_ip_pcie_7x |         11 |         11 |       0 |    0 |     0 |      0 |      0 |          0 |
|                     pcie_bram_top                                                                     |                                            xdma_ddr3_xdma_0_0_pcie2_ip_pcie_bram_top_7x |          0 |          0 |       0 |    0 |     0 |      8 |      0 |          0 |
|                       pcie_brams_rx                                                                   |                                               xdma_ddr3_xdma_0_0_pcie2_ip_pcie_brams_7x |          0 |          0 |       0 |    0 |     0 |      4 |      0 |          0 |
|                         brams[0].ram                                                                  |                                             xdma_ddr3_xdma_0_0_pcie2_ip_pcie_bram_7x_24 |          0 |          0 |       0 |    0 |     0 |      1 |      0 |          0 |
|                           use_tdp.ramb36                                                              |                                 xdma_ddr3_xdma_0_0_xil_internal_svlib_BRAM_TDP_MACRO_31 |          0 |          0 |       0 |    0 |     0 |      1 |      0 |          0 |
|                         brams[1].ram                                                                  |                                             xdma_ddr3_xdma_0_0_pcie2_ip_pcie_bram_7x_25 |          0 |          0 |       0 |    0 |     0 |      1 |      0 |          0 |
|                           use_tdp.ramb36                                                              |                                 xdma_ddr3_xdma_0_0_xil_internal_svlib_BRAM_TDP_MACRO_30 |          0 |          0 |       0 |    0 |     0 |      1 |      0 |          0 |
|                         brams[2].ram                                                                  |                                             xdma_ddr3_xdma_0_0_pcie2_ip_pcie_bram_7x_26 |          0 |          0 |       0 |    0 |     0 |      1 |      0 |          0 |
|                           use_tdp.ramb36                                                              |                                 xdma_ddr3_xdma_0_0_xil_internal_svlib_BRAM_TDP_MACRO_29 |          0 |          0 |       0 |    0 |     0 |      1 |      0 |          0 |
|                         brams[3].ram                                                                  |                                             xdma_ddr3_xdma_0_0_pcie2_ip_pcie_bram_7x_27 |          0 |          0 |       0 |    0 |     0 |      1 |      0 |          0 |
|                           use_tdp.ramb36                                                              |                                 xdma_ddr3_xdma_0_0_xil_internal_svlib_BRAM_TDP_MACRO_28 |          0 |          0 |       0 |    0 |     0 |      1 |      0 |          0 |
|                       pcie_brams_tx                                                                   |                                            xdma_ddr3_xdma_0_0_pcie2_ip_pcie_brams_7x_17 |          0 |          0 |       0 |    0 |     0 |      4 |      0 |          0 |
|                         brams[0].ram                                                                  |                                                xdma_ddr3_xdma_0_0_pcie2_ip_pcie_bram_7x |          0 |          0 |       0 |    0 |     0 |      1 |      0 |          0 |
|                           use_tdp.ramb36                                                              |                                 xdma_ddr3_xdma_0_0_xil_internal_svlib_BRAM_TDP_MACRO_23 |          0 |          0 |       0 |    0 |     0 |      1 |      0 |          0 |
|                         brams[1].ram                                                                  |                                             xdma_ddr3_xdma_0_0_pcie2_ip_pcie_bram_7x_18 |          0 |          0 |       0 |    0 |     0 |      1 |      0 |          0 |
|                           use_tdp.ramb36                                                              |                                 xdma_ddr3_xdma_0_0_xil_internal_svlib_BRAM_TDP_MACRO_22 |          0 |          0 |       0 |    0 |     0 |      1 |      0 |          0 |
|                         brams[2].ram                                                                  |                                             xdma_ddr3_xdma_0_0_pcie2_ip_pcie_bram_7x_19 |          0 |          0 |       0 |    0 |     0 |      1 |      0 |          0 |
|                           use_tdp.ramb36                                                              |                                 xdma_ddr3_xdma_0_0_xil_internal_svlib_BRAM_TDP_MACRO_21 |          0 |          0 |       0 |    0 |     0 |      1 |      0 |          0 |
|                         brams[3].ram                                                                  |                                             xdma_ddr3_xdma_0_0_pcie2_ip_pcie_bram_7x_20 |          0 |          0 |       0 |    0 |     0 |      1 |      0 |          0 |
|                           use_tdp.ramb36                                                              |                                    xdma_ddr3_xdma_0_0_xil_internal_svlib_BRAM_TDP_MACRO |          0 |          0 |       0 |    0 |     0 |      1 |      0 |          0 |
|                   pcie_pipe_pipeline_i                                                                |                                          xdma_ddr3_xdma_0_0_pcie2_ip_pcie_pipe_pipeline |          0 |          0 |       0 |    0 |   198 |      0 |      0 |          0 |
|                     pipe_2_lane.pipe_lane_1_i                                                         |                                              xdma_ddr3_xdma_0_0_pcie2_ip_pcie_pipe_lane |          0 |          0 |       0 |    0 |    48 |      0 |      0 |          0 |
|                     pipe_4_lane.pipe_lane_2_i                                                         |                                           xdma_ddr3_xdma_0_0_pcie2_ip_pcie_pipe_lane_14 |          0 |          0 |       0 |    0 |    48 |      0 |      0 |          0 |
|                     pipe_4_lane.pipe_lane_3_i                                                         |                                           xdma_ddr3_xdma_0_0_pcie2_ip_pcie_pipe_lane_15 |          0 |          0 |       0 |    0 |    48 |      0 |      0 |          0 |
|                     pipe_lane_0_i                                                                     |                                           xdma_ddr3_xdma_0_0_pcie2_ip_pcie_pipe_lane_16 |          0 |          0 |       0 |    0 |    48 |      0 |      0 |          0 |
|                     pipe_misc_i                                                                       |                                              xdma_ddr3_xdma_0_0_pcie2_ip_pcie_pipe_misc |          0 |          0 |       0 |    0 |     6 |      0 |      0 |          0 |
|                 phy_lnk_up_cdc                                                                        |                                    xdma_ddr3_xdma_0_0_xpm_cdc_single__parameterized0__2 |          0 |          0 |       0 |    0 |     2 |      0 |      0 |          0 |
|                 pl_received_hot_rst_cdc                                                               |                                       xdma_ddr3_xdma_0_0_xpm_cdc_single__parameterized0 |          0 |          0 |       0 |    0 |     2 |      0 |      0 |          0 |
|           xdma_ddr3_xdma_0_0_axi_stream_intf_i                                                        |                                                      xdma_ddr3_xdma_0_0_axi_stream_intf |       1301 |       1205 |      96 |    0 |  1442 |      2 |      1 |          0 |
|             xdma_ddr3_xdma_0_0_dma_cpl_i                                                              |                                                              xdma_ddr3_xdma_0_0_dma_cpl |         32 |         32 |       0 |    0 |    23 |      0 |      0 |          0 |
|             xdma_ddr3_xdma_0_0_dma_req_i                                                              |                                                              xdma_ddr3_xdma_0_0_dma_req |        346 |        346 |       0 |    0 |   271 |      0 |      0 |          0 |
|             xdma_ddr3_xdma_0_0_rx_demux_i                                                             |                                                             xdma_ddr3_xdma_0_0_rx_demux |        599 |        503 |      96 |    0 |   890 |      2 |      1 |          0 |
|               (xdma_ddr3_xdma_0_0_rx_demux_i)                                                         |                                                             xdma_ddr3_xdma_0_0_rx_demux |        327 |        327 |       0 |    0 |   292 |      0 |      0 |          0 |
|               dma_cpl_fifo_inst                                                                       |                                         xdma_ddr3_xdma_0_0_pcie2_fifo_generator_dma_cpl |         47 |         47 |       0 |    0 |   200 |      2 |      1 |          0 |
|                 (dma_cpl_fifo_inst)                                                                   |                                         xdma_ddr3_xdma_0_0_pcie2_fifo_generator_dma_cpl |          0 |          0 |       0 |    0 |     0 |      0 |      0 |          0 |
|                 U0                                                                                    |                                               xdma_ddr3_xdma_0_0_fifo_generator_v13_1_4 |         47 |         47 |       0 |    0 |   200 |      2 |      1 |          0 |
|                   (U0)                                                                                |                                               xdma_ddr3_xdma_0_0_fifo_generator_v13_1_4 |          0 |          0 |       0 |    0 |     0 |      0 |      0 |          0 |
|                   inst_fifo_gen                                                                       |                                         xdma_ddr3_xdma_0_0_fifo_generator_v13_1_4_synth |         47 |         47 |       0 |    0 |   200 |      2 |      1 |          0 |
|                     gaxis_fifo.gaxisf.axisf                                                           |                                                   xdma_ddr3_xdma_0_0_fifo_generator_top |         47 |         47 |       0 |    0 |   200 |      2 |      1 |          0 |
|                       grf.rf                                                                          |                                               xdma_ddr3_xdma_0_0_fifo_generator_ramfifo |         47 |         47 |       0 |    0 |   200 |      2 |      1 |          0 |
|                         gntv_or_sync_fifo.gl0.rd                                                      |                                                             xdma_ddr3_xdma_0_0_rd_logic |         25 |         25 |       0 |    0 |    25 |      0 |      0 |          0 |
|                           gr1.gr1_int.rfwft                                                           |                                                              xdma_ddr3_xdma_0_0_rd_fwft |         10 |         10 |       0 |    0 |    11 |      0 |      0 |          0 |
|                           grss.rsts                                                                   |                                                   xdma_ddr3_xdma_0_0_rd_status_flags_ss |          0 |          0 |       0 |    0 |     2 |      0 |      0 |          0 |
|                           rpntr                                                                       |                                                          xdma_ddr3_xdma_0_0_rd_bin_cntr |         15 |         15 |       0 |    0 |    12 |      0 |      0 |          0 |
|                         gntv_or_sync_fifo.gl0.wr                                                      |                                                             xdma_ddr3_xdma_0_0_wr_logic |          8 |          8 |       0 |    0 |    14 |      0 |      0 |          0 |
|                           gwss.wsts                                                                   |                                                   xdma_ddr3_xdma_0_0_wr_status_flags_ss |          4 |          4 |       0 |    0 |     2 |      0 |      0 |          0 |
|                           wpntr                                                                       |                                                          xdma_ddr3_xdma_0_0_wr_bin_cntr |          4 |          4 |       0 |    0 |    12 |      0 |      0 |          0 |
|                         gntv_or_sync_fifo.mem                                                         |                                                               xdma_ddr3_xdma_0_0_memory |          0 |          0 |       0 |    0 |   129 |      2 |      1 |          0 |
|                           (gntv_or_sync_fifo.mem)                                                     |                                                               xdma_ddr3_xdma_0_0_memory |          0 |          0 |       0 |    0 |   129 |      0 |      0 |          0 |
|                           gbm.gbmg.gbmga.ngecc.bmg                                                    |                                                   xdma_ddr3_xdma_0_0_blk_mem_gen_v8_3_6 |          0 |          0 |       0 |    0 |     0 |      2 |      1 |          0 |
|                             inst_blk_mem_gen                                                          |                                             xdma_ddr3_xdma_0_0_blk_mem_gen_v8_3_6_synth |          0 |          0 |       0 |    0 |     0 |      2 |      1 |          0 |
|                               gnbram.gnativebmg.native_blk_mem_gen                                    |                                   xdma_ddr3_xdma_0_0_blk_mem_gen_v8_3_6_blk_mem_gen_top |          0 |          0 |       0 |    0 |     0 |      2 |      1 |          0 |
|                                 valid.cstr                                                            |                          xdma_ddr3_xdma_0_0_blk_mem_gen_v8_3_6_blk_mem_gen_generic_cstr |          0 |          0 |       0 |    0 |     0 |      2 |      1 |          0 |
|                                   ramloop[0].ram.r                                                    |                            xdma_ddr3_xdma_0_0_blk_mem_gen_v8_3_6_blk_mem_gen_prim_width |          0 |          0 |       0 |    0 |     0 |      0 |      1 |          0 |
|                                     prim_noinit.ram                                                   |                          xdma_ddr3_xdma_0_0_blk_mem_gen_v8_3_6_blk_mem_gen_prim_wrapper |          0 |          0 |       0 |    0 |     0 |      0 |      1 |          0 |
|                                   ramloop[1].ram.r                                                    |            xdma_ddr3_xdma_0_0_blk_mem_gen_v8_3_6_blk_mem_gen_prim_width__parameterized0 |          0 |          0 |       0 |    0 |     0 |      1 |      0 |          0 |
|                                     prim_noinit.ram                                                   |          xdma_ddr3_xdma_0_0_blk_mem_gen_v8_3_6_blk_mem_gen_prim_wrapper__parameterized0 |          0 |          0 |       0 |    0 |     0 |      1 |      0 |          0 |
|                                   ramloop[2].ram.r                                                    |            xdma_ddr3_xdma_0_0_blk_mem_gen_v8_3_6_blk_mem_gen_prim_width__parameterized1 |          0 |          0 |       0 |    0 |     0 |      1 |      0 |          0 |
|                                     prim_noinit.ram                                                   |          xdma_ddr3_xdma_0_0_blk_mem_gen_v8_3_6_blk_mem_gen_prim_wrapper__parameterized1 |          0 |          0 |       0 |    0 |     0 |      1 |      0 |          0 |
|                         rstblk                                                                        |                                                    xdma_ddr3_xdma_0_0_reset_blk_ramfifo |         14 |         14 |       0 |    0 |    32 |      0 |      0 |          0 |
|                           (rstblk)                                                                    |                                                    xdma_ddr3_xdma_0_0_reset_blk_ramfifo |         10 |         10 |       0 |    0 |    21 |      0 |      0 |          0 |
|                           ngwrdrst.grst.g7serrst.gsckt_wrst.garst_sync[1].arst_sync_inst              |                                                    xdma_ddr3_xdma_0_0_synchronizer_ff_3 |          0 |          0 |       0 |    0 |     1 |      0 |      0 |          0 |
|                           ngwrdrst.grst.g7serrst.gsckt_wrst.garst_sync[2].arst_sync_inst              |                                                    xdma_ddr3_xdma_0_0_synchronizer_ff_4 |          0 |          0 |       0 |    0 |     1 |      0 |      0 |          0 |
|                           ngwrdrst.grst.g7serrst.gsckt_wrst.garst_sync[3].arst_sync_inst              |                                                    xdma_ddr3_xdma_0_0_synchronizer_ff_5 |          1 |          1 |       0 |    0 |     1 |      0 |      0 |          0 |
|                           ngwrdrst.grst.g7serrst.gsckt_wrst.gcc_rst.garst_sync_cc[1].rd_rst_wr_inst   |                                                    xdma_ddr3_xdma_0_0_synchronizer_ff_6 |          0 |          0 |       0 |    0 |     1 |      0 |      0 |          0 |
|                           ngwrdrst.grst.g7serrst.gsckt_wrst.gcc_rst.garst_sync_cc[2].rd_rst_wr_inst   |                                                    xdma_ddr3_xdma_0_0_synchronizer_ff_7 |          0 |          0 |       0 |    0 |     1 |      0 |      0 |          0 |
|                           ngwrdrst.grst.g7serrst.gwrrd_rst_sync_stage[1].rrst_inst                    |                                                    xdma_ddr3_xdma_0_0_synchronizer_ff_8 |          0 |          0 |       0 |    0 |     1 |      0 |      0 |          0 |
|                           ngwrdrst.grst.g7serrst.gwrrd_rst_sync_stage[1].wrst_inst                    |                                                    xdma_ddr3_xdma_0_0_synchronizer_ff_9 |          0 |          0 |       0 |    0 |     1 |      0 |      0 |          0 |
|                           ngwrdrst.grst.g7serrst.gwrrd_rst_sync_stage[2].rrst_inst                    |                                                   xdma_ddr3_xdma_0_0_synchronizer_ff_10 |          1 |          1 |       0 |    0 |     1 |      0 |      0 |          0 |
|                           ngwrdrst.grst.g7serrst.gwrrd_rst_sync_stage[2].wrst_inst                    |                                                   xdma_ddr3_xdma_0_0_synchronizer_ff_11 |          1 |          1 |       0 |    0 |     1 |      0 |      0 |          0 |
|                           ngwrdrst.grst.g7serrst.gwrrd_rst_sync_stage[3].rrst_inst                    |                                                   xdma_ddr3_xdma_0_0_synchronizer_ff_12 |          0 |          0 |       0 |    0 |     1 |      0 |      0 |          0 |
|                           ngwrdrst.grst.g7serrst.gwrrd_rst_sync_stage[3].wrst_inst                    |                                                   xdma_ddr3_xdma_0_0_synchronizer_ff_13 |          1 |          1 |       0 |    0 |     1 |      0 |      0 |          0 |
|               tgt_brdg_fifo_inst                                                                      |                                        xdma_ddr3_xdma_0_0_pcie2_fifo_generator_tgt_brdg |        130 |         34 |      96 |    0 |   316 |      0 |      0 |          0 |
|                 (tgt_brdg_fifo_inst)                                                                  |                                        xdma_ddr3_xdma_0_0_pcie2_fifo_generator_tgt_brdg |          0 |          0 |       0 |    0 |     0 |      0 |      0 |          0 |
|                 U0                                                                                    |                               xdma_ddr3_xdma_0_0_fifo_generator_v13_1_4__parameterized1 |        130 |         34 |      96 |    0 |   316 |      0 |      0 |          0 |
|                   (U0)                                                                                |                               xdma_ddr3_xdma_0_0_fifo_generator_v13_1_4__parameterized1 |          0 |          0 |       0 |    0 |     0 |      0 |      0 |          0 |
|                   inst_fifo_gen                                                                       |                         xdma_ddr3_xdma_0_0_fifo_generator_v13_1_4_synth__parameterized0 |        130 |         34 |      96 |    0 |   316 |      0 |      0 |          0 |
|                     gaxis_fifo.gaxisf.axisf                                                           |                                   xdma_ddr3_xdma_0_0_fifo_generator_top__parameterized0 |        130 |         34 |      96 |    0 |   316 |      0 |      0 |          0 |
|                       grf.rf                                                                          |                               xdma_ddr3_xdma_0_0_fifo_generator_ramfifo__parameterized0 |        130 |         34 |      96 |    0 |   316 |      0 |      0 |          0 |
|                         gntv_or_sync_fifo.gl0.rd                                                      |                                             xdma_ddr3_xdma_0_0_rd_logic__parameterized0 |         19 |         19 |       0 |    0 |    18 |      0 |      0 |          0 |
|                           gr1.gr1_int.rfwft                                                           |                                              xdma_ddr3_xdma_0_0_rd_fwft__parameterized0 |          9 |          9 |       0 |    0 |     8 |      0 |      0 |          0 |
|                           grss.rsts                                                                   |                                   xdma_ddr3_xdma_0_0_rd_status_flags_ss__parameterized0 |          0 |          0 |       0 |    0 |     2 |      0 |      0 |          0 |
|                           rpntr                                                                       |                                          xdma_ddr3_xdma_0_0_rd_bin_cntr__parameterized0 |         10 |         10 |       0 |    0 |     8 |      0 |      0 |          0 |
|                         gntv_or_sync_fifo.gl0.wr                                                      |                                             xdma_ddr3_xdma_0_0_wr_logic__parameterized0 |          7 |          7 |       0 |    0 |    10 |      0 |      0 |          0 |
|                           gwss.wsts                                                                   |                                   xdma_ddr3_xdma_0_0_wr_status_flags_ss__parameterized0 |          4 |          4 |       0 |    0 |     2 |      0 |      0 |          0 |
|                           wpntr                                                                       |                                          xdma_ddr3_xdma_0_0_wr_bin_cntr__parameterized0 |          3 |          3 |       0 |    0 |     8 |      0 |      0 |          0 |
|                         gntv_or_sync_fifo.mem                                                         |                                               xdma_ddr3_xdma_0_0_memory__parameterized0 |         96 |          0 |      96 |    0 |   268 |      0 |      0 |          0 |
|                           (gntv_or_sync_fifo.mem)                                                     |                                               xdma_ddr3_xdma_0_0_memory__parameterized0 |          0 |          0 |       0 |    0 |   134 |      0 |      0 |          0 |
|                           gdm.dm_gen.dm                                                               |                                                                 xdma_ddr3_xdma_0_0_dmem |         96 |          0 |      96 |    0 |   134 |      0 |      0 |          0 |
|                         rstblk                                                                        |                                    xdma_ddr3_xdma_0_0_reset_blk_ramfifo__parameterized0 |          8 |          8 |       0 |    0 |    20 |      0 |      0 |          0 |
|                           (rstblk)                                                                    |                                    xdma_ddr3_xdma_0_0_reset_blk_ramfifo__parameterized0 |          4 |          4 |       0 |    0 |    16 |      0 |      0 |          0 |
|                           ngwrdrst.grst.g7serrst.gwrrd_rst_sync_stage[1].rrst_inst                    |                                                      xdma_ddr3_xdma_0_0_synchronizer_ff |          1 |          1 |       0 |    0 |     1 |      0 |      0 |          0 |
|                           ngwrdrst.grst.g7serrst.gwrrd_rst_sync_stage[1].wrst_inst                    |                                                    xdma_ddr3_xdma_0_0_synchronizer_ff_0 |          1 |          1 |       0 |    0 |     1 |      0 |      0 |          0 |
|                           ngwrdrst.grst.g7serrst.gwrrd_rst_sync_stage[2].rrst_inst                    |                                                    xdma_ddr3_xdma_0_0_synchronizer_ff_1 |          1 |          1 |       0 |    0 |     1 |      0 |      0 |          0 |
|                           ngwrdrst.grst.g7serrst.gwrrd_rst_sync_stage[2].wrst_inst                    |                                                    xdma_ddr3_xdma_0_0_synchronizer_ff_2 |          1 |          1 |       0 |    0 |     1 |      0 |      0 |          0 |
|               xdma_ddr3_xdma_0_0_rx_destraddler_inst                                                  |                                                       xdma_ddr3_xdma_0_0_rx_destraddler |         95 |         95 |       0 |    0 |    82 |      0 |      0 |          0 |
|             xdma_ddr3_xdma_0_0_tgt_cpl_i                                                              |                                                              xdma_ddr3_xdma_0_0_tgt_cpl |        158 |        158 |       0 |    0 |    84 |      0 |      0 |          0 |
|             xdma_ddr3_xdma_0_0_tgt_req_i                                                              |                                                              xdma_ddr3_xdma_0_0_tgt_req |        101 |        101 |       0 |    0 |    38 |      0 |      0 |          0 |
|             xdma_ddr3_xdma_0_0_tx_mux_i                                                               |                                                               xdma_ddr3_xdma_0_0_tx_mux |         65 |         65 |       0 |    0 |   136 |      0 |      0 |          0 |
|           xdma_ddr3_xdma_0_0_cfg_sideband_i                                                           |                                                         xdma_ddr3_xdma_0_0_cfg_sideband |         54 |         54 |       0 |    0 |   151 |      0 |      0 |          0 |
|     xdma_0_axi_periph                                                                                 |                                                           xdma_ddr3_xdma_0_axi_periph_0 |        182 |        182 |       0 |    0 |   133 |      0 |      0 |          0 |
|       (xdma_0_axi_periph)                                                                             |                                                           xdma_ddr3_xdma_0_axi_periph_0 |          0 |          0 |       0 |    0 |     0 |      0 |      0 |          0 |
|       xbar                                                                                            |                                                                        xdma_ddr3_xbar_0 |        182 |        182 |       0 |    0 |   133 |      0 |      0 |          0 |
|         (xbar)                                                                                        |                                                                        xdma_ddr3_xbar_0 |          0 |          0 |       0 |    0 |     0 |      0 |      0 |          0 |
|         inst                                                                                          |                                      xdma_ddr3_xbar_0_axi_crossbar_v2_1_26_axi_crossbar |        182 |        182 |       0 |    0 |   133 |      0 |      0 |          0 |
|           (inst)                                                                                      |                                      xdma_ddr3_xbar_0_axi_crossbar_v2_1_26_axi_crossbar |          0 |          0 |       0 |    0 |     0 |      0 |      0 |          0 |
|           gen_sasd.crossbar_sasd_0                                                                    |                                     xdma_ddr3_xbar_0_axi_crossbar_v2_1_26_crossbar_sasd |        182 |        182 |       0 |    0 |   133 |      0 |      0 |          0 |
|             (gen_sasd.crossbar_sasd_0)                                                                |                                     xdma_ddr3_xbar_0_axi_crossbar_v2_1_26_crossbar_sasd |          6 |          6 |       0 |    0 |     9 |      0 |      0 |          0 |
|             addr_arbiter_inst                                                                         |                                 xdma_ddr3_xbar_0_axi_crossbar_v2_1_26_addr_arbiter_sasd |         81 |         81 |       0 |    0 |    41 |      0 |      0 |          0 |
|             gen_decerr.decerr_slave_inst                                                              |                                      xdma_ddr3_xbar_0_axi_crossbar_v2_1_26_decerr_slave |          9 |          9 |       0 |    0 |     4 |      0 |      0 |          0 |
|             reg_slice_r                                                                               |                         xdma_ddr3_xbar_0_axi_register_slice_v2_1_25_axic_register_slice |         78 |         78 |       0 |    0 |    74 |      0 |      0 |          0 |
|             splitter_ar                                                                               |                          xdma_ddr3_xbar_0_axi_crossbar_v2_1_26_splitter__parameterized0 |          3 |          3 |       0 |    0 |     2 |      0 |      0 |          0 |
|             splitter_aw                                                                               |                                          xdma_ddr3_xbar_0_axi_crossbar_v2_1_26_splitter |          5 |          5 |       0 |    0 |     3 |      0 |      0 |          0 |
+-------------------------------------------------------------------------------------------------------+-----------------------------------------------------------------------------------------+------------+------------+---------+------+-------+--------+--------+------------+


