Copyright 1986-2021 Xilinx, Inc. All Rights Reserved.
---------------------------------------------------------------------------------------------------------------
| Tool Version : Vivado v.2021.2 (win64) Build 3367213 Tue Oct 19 02:48:09 MDT 2021
| Date         : Tue Aug 25 13:41:05 2026
| Host         : DESKTOP-27KRDOC running 64-bit major release  (build 9200)
| Command      : report_utilization -hierarchical -file C:/A7_M2/EXAMPLES/XDMA_DDR3/scripts/util_full_hier.rpt
| Design       : xdma_ddr3_core_top
| Device       : xc7a200tfbg484-2
| Speed File   : -2
| Design State : Routed
---------------------------------------------------------------------------------------------------------------

Utilization Design Information

Table of Contents
-----------------
1. Utilization by Hierarchy

1. Utilization by Hierarchy
---------------------------

+-------------------------------------------------------------------------------------------------------+-----------------------------------------------------------------------------------------+------------+------------+---------+------+-------+--------+--------+------------+
|                                                Instance                                               |                                          Module                                         | Total LUTs | Logic LUTs | LUTRAMs | SRLs |  FFs  | RAMB36 | RAMB18 | DSP Blocks |
+-------------------------------------------------------------------------------------------------------+-----------------------------------------------------------------------------------------+------------+------------+---------+------+-------+--------+--------+------------+
| xdma_ddr3_core_top                                                                                    |                                                                                   (top) |      33720 |      29090 |    4136 |  494 | 38545 |     36 |      1 |          0 |
|   (xdma_ddr3_core_top)                                                                                |                                                                                   (top) |          0 |          0 |       0 |    0 |     0 |      0 |      0 |          0 |
|   u_tdot                                                                                              |                                                                               tdot_axi4 |          0 |          0 |       0 |    0 |     0 |      0 |      0 |          0 |
|     (u_tdot)                                                                                          |                                                                               tdot_axi4 |          0 |          0 |       0 |    0 |     0 |      0 |      0 |          0 |
|     u_core                                                                                            |                                                                     compute_dot_par_raw |          0 |          0 |       0 |    0 |     0 |      0 |      0 |          0 |
|   xdma_ddr3_i                                                                                         |                                                                               xdma_ddr3 |      33720 |      29090 |    4136 |  494 | 38545 |     36 |      1 |          0 |
|     (xdma_ddr3_i)                                                                                     |                                                                               xdma_ddr3 |          0 |          0 |       0 |    0 |     0 |      0 |      0 |          0 |
|     axi_bram_ctrl_0                                                                                   |                                                             xdma_ddr3_axi_bram_ctrl_0_0 |        268 |        268 |       0 |    0 |   344 |      0 |      0 |          0 |
|       (axi_bram_ctrl_0)                                                                               |                                                             xdma_ddr3_axi_bram_ctrl_0_0 |          0 |          0 |       0 |    0 |     0 |      0 |      0 |          0 |
|       U0                                                                                              |                                               xdma_ddr3_axi_bram_ctrl_0_0_axi_bram_ctrl |        268 |        268 |       0 |    0 |   344 |      0 |      0 |          0 |
|         gext_inst.abcv4_0_ext_inst                                                                    |                                           xdma_ddr3_axi_bram_ctrl_0_0_axi_bram_ctrl_top |        268 |        268 |       0 |    0 |   344 |      0 |      0 |          0 |
|           GEN_AXI4.I_FULL_AXI                                                                         |                                                    xdma_ddr3_axi_bram_ctrl_0_0_full_axi |        268 |        268 |       0 |    0 |   344 |      0 |      0 |          0 |
|             I_RD_CHNL                                                                                 |                                                     xdma_ddr3_axi_bram_ctrl_0_0_rd_chnl |        172 |        172 |       0 |    0 |   203 |      0 |      0 |          0 |
|               (I_RD_CHNL)                                                                             |                                                     xdma_ddr3_axi_bram_ctrl_0_0_rd_chnl |        153 |        153 |       0 |    0 |   203 |      0 |      0 |          0 |
|               GEN_NO_RD_CMD_OPT.I_WRAP_BRST                                                           |                                                 xdma_ddr3_axi_bram_ctrl_0_0_wrap_brst_0 |         21 |         21 |       0 |    0 |     0 |      0 |      0 |          0 |
|             I_WR_CHNL                                                                                 |                                                     xdma_ddr3_axi_bram_ctrl_0_0_wr_chnl |         96 |         96 |       0 |    0 |   141 |      0 |      0 |          0 |
|               (I_WR_CHNL)                                                                             |                                                     xdma_ddr3_axi_bram_ctrl_0_0_wr_chnl |         58 |         58 |       0 |    0 |   129 |      0 |      0 |          0 |
|               I_WRAP_BRST                                                                             |                                                   xdma_ddr3_axi_bram_ctrl_0_0_wrap_brst |         40 |         40 |       0 |    0 |    12 |      0 |      0 |          0 |
|     axi_bram_ctrl_0_bram                                                                              |                                                        xdma_ddr3_axi_bram_ctrl_0_bram_0 |          0 |          0 |       0 |    0 |     0 |      2 |      0 |          0 |
|       U0                                                                                              |                                     xdma_ddr3_axi_bram_ctrl_0_bram_0_blk_mem_gen_v8_4_5 |          0 |          0 |       0 |    0 |     0 |      2 |      0 |          0 |
|         inst_blk_mem_gen                                                                              |                               xdma_ddr3_axi_bram_ctrl_0_bram_0_blk_mem_gen_v8_4_5_synth |          0 |          0 |       0 |    0 |     0 |      2 |      0 |          0 |
|           gnbram.gnative_mem_map_bmg.native_mem_map_blk_mem_gen                                       |                                        xdma_ddr3_axi_bram_ctrl_0_bram_0_blk_mem_gen_top |          0 |          0 |       0 |    0 |     0 |      2 |      0 |          0 |
|             valid.cstr                                                                                |                               xdma_ddr3_axi_bram_ctrl_0_bram_0_blk_mem_gen_generic_cstr |          0 |          0 |       0 |    0 |     0 |      2 |      0 |          0 |
|               ramloop[0].ram.r                                                                        |                                 xdma_ddr3_axi_bram_ctrl_0_bram_0_blk_mem_gen_prim_width |          0 |          0 |       0 |    0 |     0 |      1 |      0 |          0 |
|                 prim_noinit.ram                                                                       |                               xdma_ddr3_axi_bram_ctrl_0_bram_0_blk_mem_gen_prim_wrapper |          0 |          0 |       0 |    0 |     0 |      1 |      0 |          0 |
|               ramloop[1].ram.r                                                                        |                 xdma_ddr3_axi_bram_ctrl_0_bram_0_blk_mem_gen_prim_width__parameterized0 |          0 |          0 |       0 |    0 |     0 |      1 |      0 |          0 |
|                 prim_noinit.ram                                                                       |               xdma_ddr3_axi_bram_ctrl_0_bram_0_blk_mem_gen_prim_wrapper__parameterized0 |          0 |          0 |       0 |    0 |     0 |      1 |      0 |          0 |
|     axi_gpio_0                                                                                        |                                                                  xdma_ddr3_axi_gpio_0_0 |         36 |         36 |       0 |    0 |    44 |      0 |      0 |          0 |
|       U0                                                                                              |                                                         xdma_ddr3_axi_gpio_0_0_axi_gpio |         36 |         36 |       0 |    0 |    44 |      0 |      0 |          0 |
|         (U0)                                                                                          |                                                         xdma_ddr3_axi_gpio_0_0_axi_gpio |          0 |          0 |       0 |    0 |     6 |      0 |      0 |          0 |
|         AXI_LITE_IPIF_I                                                                               |                                                    xdma_ddr3_axi_gpio_0_0_axi_lite_ipif |         25 |         25 |       0 |    0 |    30 |      0 |      0 |          0 |
|           I_SLAVE_ATTACHMENT                                                                          |                                                 xdma_ddr3_axi_gpio_0_0_slave_attachment |         25 |         25 |       0 |    0 |    30 |      0 |      0 |          0 |
|             (I_SLAVE_ATTACHMENT)                                                                      |                                                 xdma_ddr3_axi_gpio_0_0_slave_attachment |         16 |         16 |       0 |    0 |    24 |      0 |      0 |          0 |
|             I_DECODER                                                                                 |                                                  xdma_ddr3_axi_gpio_0_0_address_decoder |          9 |          9 |       0 |    0 |     6 |      0 |      0 |          0 |
|               (I_DECODER)                                                                             |                                                  xdma_ddr3_axi_gpio_0_0_address_decoder |          7 |          7 |       0 |    0 |     6 |      0 |      0 |          0 |
|               MEM_DECODE_GEN[0].PER_CE_GEN[0].MULTIPLE_CES_THIS_CS_GEN.CE_I                           |                                                        xdma_ddr3_axi_gpio_0_0_pselect_f |          1 |          1 |       0 |    0 |     0 |      0 |      0 |          0 |
|               MEM_DECODE_GEN[0].PER_CE_GEN[2].MULTIPLE_CES_THIS_CS_GEN.CE_I                           |                                        xdma_ddr3_axi_gpio_0_0_pselect_f__parameterized1 |          1 |          1 |       0 |    0 |     0 |      0 |      0 |          0 |
|         gpio_core_1                                                                                   |                                                        xdma_ddr3_axi_gpio_0_0_GPIO_Core |         11 |         11 |       0 |    0 |     8 |      0 |      0 |          0 |
|     axi_smc                                                                                           |                                                                     xdma_ddr3_axi_smc_0 |       7001 |       5494 |    1232 |  275 | 10025 |      0 |      0 |          0 |
|       (axi_smc)                                                                                       |                                                                     xdma_ddr3_axi_smc_0 |          0 |          0 |       0 |    0 |     0 |      0 |      0 |          0 |
|       inst                                                                                            |                                                             xdma_ddr3_axi_smc_0_bd_a1ba |       7001 |       5494 |    1232 |  275 | 10025 |      0 |      0 |          0 |
|         clk_map                                                                                       |                                                 xdma_ddr3_axi_smc_0_clk_map_imp_1QFEA8G |         39 |         36 |       0 |    3 |    82 |      0 |      0 |          0 |
|           psr0                                                                                        |                                                      xdma_ddr3_axi_smc_0_bd_a1ba_psr0_0 |         13 |         12 |       0 |    1 |    22 |      0 |      0 |          0 |
|             U0                                                                                        |                                                  xdma_ddr3_axi_smc_0_proc_sys_reset_525 |         13 |         12 |       0 |    1 |    22 |      0 |      0 |          0 |
|               (U0)                                                                                    |                                                  xdma_ddr3_axi_smc_0_proc_sys_reset_525 |          0 |          0 |       0 |    0 |     1 |      0 |      0 |          0 |
|               EXT_LPF                                                                                 |                                                             xdma_ddr3_axi_smc_0_lpf_526 |          3 |          2 |       0 |    1 |     6 |      0 |      0 |          0 |
|                 (EXT_LPF)                                                                             |                                                             xdma_ddr3_axi_smc_0_lpf_526 |          3 |          2 |       0 |    1 |     2 |      0 |      0 |          0 |
|                 ACTIVE_LOW_AUX.ACT_LO_AUX                                                             |                                                        xdma_ddr3_axi_smc_0_cdc_sync_529 |          0 |          0 |       0 |    0 |     4 |      0 |      0 |          0 |
|               SEQ                                                                                     |                                                    xdma_ddr3_axi_smc_0_sequence_psr_527 |         10 |         10 |       0 |    0 |    15 |      0 |      0 |          0 |
|                 (SEQ)                                                                                 |                                                    xdma_ddr3_axi_smc_0_sequence_psr_527 |          5 |          5 |       0 |    0 |     9 |      0 |      0 |          0 |
|                 SEQ_COUNTER                                                                           |                                                         xdma_ddr3_axi_smc_0_upcnt_n_528 |          5 |          5 |       0 |    0 |     6 |      0 |      0 |          0 |
|           psr_aclk                                                                                    |                                                  xdma_ddr3_axi_smc_0_bd_a1ba_psr_aclk_0 |         13 |         12 |       0 |    1 |    30 |      0 |      0 |          0 |
|             U0                                                                                        |                                                  xdma_ddr3_axi_smc_0_proc_sys_reset_519 |         13 |         12 |       0 |    1 |    30 |      0 |      0 |          0 |
|               (U0)                                                                                    |                                                  xdma_ddr3_axi_smc_0_proc_sys_reset_519 |          0 |          0 |       0 |    0 |     1 |      0 |      0 |          0 |
|               EXT_LPF                                                                                 |                                                             xdma_ddr3_axi_smc_0_lpf_520 |          3 |          2 |       0 |    1 |    14 |      0 |      0 |          0 |
|                 (EXT_LPF)                                                                             |                                                             xdma_ddr3_axi_smc_0_lpf_520 |          2 |          1 |       0 |    1 |     6 |      0 |      0 |          0 |
|                 ACTIVE_LOW_AUX.ACT_LO_AUX                                                             |                                                        xdma_ddr3_axi_smc_0_cdc_sync_523 |          0 |          0 |       0 |    0 |     4 |      0 |      0 |          0 |
|                 ACTIVE_LOW_EXT.ACT_LO_EXT                                                             |                                                        xdma_ddr3_axi_smc_0_cdc_sync_524 |          1 |          1 |       0 |    0 |     4 |      0 |      0 |          0 |
|               SEQ                                                                                     |                                                    xdma_ddr3_axi_smc_0_sequence_psr_521 |         10 |         10 |       0 |    0 |    15 |      0 |      0 |          0 |
|                 (SEQ)                                                                                 |                                                    xdma_ddr3_axi_smc_0_sequence_psr_521 |          5 |          5 |       0 |    0 |     9 |      0 |      0 |          0 |
|                 SEQ_COUNTER                                                                           |                                                         xdma_ddr3_axi_smc_0_upcnt_n_522 |          5 |          5 |       0 |    0 |     6 |      0 |      0 |          0 |
|           psr_aclk1                                                                                   |                                                 xdma_ddr3_axi_smc_0_bd_a1ba_psr_aclk1_0 |         13 |         12 |       0 |    1 |    30 |      0 |      0 |          0 |
|             U0                                                                                        |                                                      xdma_ddr3_axi_smc_0_proc_sys_reset |         13 |         12 |       0 |    1 |    30 |      0 |      0 |          0 |
|               (U0)                                                                                    |                                                      xdma_ddr3_axi_smc_0_proc_sys_reset |          0 |          0 |       0 |    0 |     1 |      0 |      0 |          0 |
|               EXT_LPF                                                                                 |                                                                 xdma_ddr3_axi_smc_0_lpf |          3 |          2 |       0 |    1 |    14 |      0 |      0 |          0 |
|                 (EXT_LPF)                                                                             |                                                                 xdma_ddr3_axi_smc_0_lpf |          2 |          1 |       0 |    1 |     6 |      0 |      0 |          0 |
|                 ACTIVE_LOW_AUX.ACT_LO_AUX                                                             |                                                            xdma_ddr3_axi_smc_0_cdc_sync |          0 |          0 |       0 |    0 |     4 |      0 |      0 |          0 |
|                 ACTIVE_LOW_EXT.ACT_LO_EXT                                                             |                                                        xdma_ddr3_axi_smc_0_cdc_sync_518 |          1 |          1 |       0 |    0 |     4 |      0 |      0 |          0 |
|               SEQ                                                                                     |                                                        xdma_ddr3_axi_smc_0_sequence_psr |         10 |         10 |       0 |    0 |    15 |      0 |      0 |          0 |
|                 (SEQ)                                                                                 |                                                        xdma_ddr3_axi_smc_0_sequence_psr |          5 |          5 |       0 |    0 |     9 |      0 |      0 |          0 |
|                 SEQ_COUNTER                                                                           |                                                             xdma_ddr3_axi_smc_0_upcnt_n |          5 |          5 |       0 |    0 |     6 |      0 |      0 |          0 |
|         m00_exit_pipeline                                                                             |                                        xdma_ddr3_axi_smc_0_m00_exit_pipeline_imp_6QWP6Z |        191 |        176 |       0 |   15 |   410 |      0 |      0 |          0 |
|           m00_exit                                                                                    |                                                      xdma_ddr3_axi_smc_0_bd_a1ba_m00e_0 |        191 |        176 |       0 |   15 |   410 |      0 |      0 |          0 |
|             inst                                                                                      |                                                 xdma_ddr3_axi_smc_0_sc_exit_v1_0_12_top |        191 |        176 |       0 |   15 |   410 |      0 |      0 |          0 |
|               (inst)                                                                                  |                                                 xdma_ddr3_axi_smc_0_sc_exit_v1_0_12_top |          1 |          1 |       0 |    0 |     2 |      0 |      0 |          0 |
|               ar_reg                                                                                  |                                    xdma_ddr3_axi_smc_0_sc_util_v1_0_4_axi_reg_stall_496 |         16 |         16 |       0 |    0 |    40 |      0 |      0 |          0 |
|               aw_reg                                                                                  |                                    xdma_ddr3_axi_smc_0_sc_util_v1_0_4_axi_reg_stall_497 |         17 |         17 |       0 |    0 |    40 |      0 |      0 |          0 |
|               b_reg                                                                                   |                                    xdma_ddr3_axi_smc_0_sc_util_v1_0_4_axi_reg_stall_498 |          9 |          9 |       0 |    0 |     8 |      0 |      0 |          0 |
|               exit_inst                                                                               |                                                xdma_ddr3_axi_smc_0_sc_exit_v1_0_12_exit |         63 |         48 |       0 |   15 |    33 |      0 |      0 |          0 |
|                 (exit_inst)                                                                           |                                                xdma_ddr3_axi_smc_0_sc_exit_v1_0_12_exit |          0 |          0 |       0 |    0 |     1 |      0 |      0 |          0 |
|                 gen_r_cmd_fifo.r_cmd_fifo                                                             |                                xdma_ddr3_axi_smc_0_sc_util_v1_0_4_axic_reg_srl_fifo_501 |         44 |         32 |       0 |   12 |    21 |      0 |      0 |          0 |
|                   (gen_r_cmd_fifo.r_cmd_fifo)                                                         |                                xdma_ddr3_axi_smc_0_sc_util_v1_0_4_axic_reg_srl_fifo_501 |         20 |         20 |       0 |    0 |    21 |      0 |      0 |          0 |
|                   gen_srls[11].srl_nx1                                                                |                                          xdma_ddr3_axi_smc_0_sc_util_v1_0_4_srl_rtl_506 |          2 |          1 |       0 |    1 |     0 |      0 |      0 |          0 |
|                   gen_srls[12].srl_nx1                                                                |                                          xdma_ddr3_axi_smc_0_sc_util_v1_0_4_srl_rtl_507 |          2 |          1 |       0 |    1 |     0 |      0 |      0 |          0 |
|                   gen_srls[13].srl_nx1                                                                |                                          xdma_ddr3_axi_smc_0_sc_util_v1_0_4_srl_rtl_508 |          2 |          1 |       0 |    1 |     0 |      0 |      0 |          0 |
|                   gen_srls[14].srl_nx1                                                                |                                          xdma_ddr3_axi_smc_0_sc_util_v1_0_4_srl_rtl_509 |          2 |          1 |       0 |    1 |     0 |      0 |      0 |          0 |
|                   gen_srls[15].srl_nx1                                                                |                                          xdma_ddr3_axi_smc_0_sc_util_v1_0_4_srl_rtl_510 |          2 |          1 |       0 |    1 |     0 |      0 |      0 |          0 |
|                   gen_srls[16].srl_nx1                                                                |                                          xdma_ddr3_axi_smc_0_sc_util_v1_0_4_srl_rtl_511 |          2 |          1 |       0 |    1 |     0 |      0 |      0 |          0 |
|                   gen_srls[17].srl_nx1                                                                |                                          xdma_ddr3_axi_smc_0_sc_util_v1_0_4_srl_rtl_512 |          3 |          2 |       0 |    1 |     0 |      0 |      0 |          0 |
|                   gen_srls[1].srl_nx1                                                                 |                                          xdma_ddr3_axi_smc_0_sc_util_v1_0_4_srl_rtl_513 |          2 |          1 |       0 |    1 |     0 |      0 |      0 |          0 |
|                   gen_srls[2].srl_nx1                                                                 |                                          xdma_ddr3_axi_smc_0_sc_util_v1_0_4_srl_rtl_514 |          2 |          1 |       0 |    1 |     0 |      0 |      0 |          0 |
|                   gen_srls[3].srl_nx1                                                                 |                                          xdma_ddr3_axi_smc_0_sc_util_v1_0_4_srl_rtl_515 |          2 |          1 |       0 |    1 |     0 |      0 |      0 |          0 |
|                   gen_srls[4].srl_nx1                                                                 |                                          xdma_ddr3_axi_smc_0_sc_util_v1_0_4_srl_rtl_516 |          2 |          1 |       0 |    1 |     0 |      0 |      0 |          0 |
|                   gen_srls[8].srl_nx1                                                                 |                                          xdma_ddr3_axi_smc_0_sc_util_v1_0_4_srl_rtl_517 |          2 |          1 |       0 |    1 |     0 |      0 |      0 |          0 |
|                 gen_w_cmd_fifo.w_cmd_fifo                                                             |                xdma_ddr3_axi_smc_0_sc_util_v1_0_4_axic_reg_srl_fifo__parameterized0_502 |         19 |         16 |       0 |    3 |    11 |      0 |      0 |          0 |
|                   (gen_w_cmd_fifo.w_cmd_fifo)                                                         |                xdma_ddr3_axi_smc_0_sc_util_v1_0_4_axic_reg_srl_fifo__parameterized0_502 |         16 |         16 |       0 |    0 |    11 |      0 |      0 |          0 |
|                   gen_srls[1].srl_nx1                                                                 |                          xdma_ddr3_axi_smc_0_sc_util_v1_0_4_srl_rtl__parameterized0_503 |          1 |          0 |       0 |    1 |     0 |      0 |      0 |          0 |
|                   gen_srls[2].srl_nx1                                                                 |                          xdma_ddr3_axi_smc_0_sc_util_v1_0_4_srl_rtl__parameterized0_504 |          1 |          0 |       0 |    1 |     0 |      0 |      0 |          0 |
|                   gen_srls[3].srl_nx1                                                                 |                          xdma_ddr3_axi_smc_0_sc_util_v1_0_4_srl_rtl__parameterized0_505 |          2 |          1 |       0 |    1 |     0 |      0 |      0 |          0 |
|               r_reg                                                                                   |                                    xdma_ddr3_axi_smc_0_sc_util_v1_0_4_axi_reg_stall_499 |         42 |         42 |       0 |    0 |   134 |      0 |      0 |          0 |
|               w_reg                                                                                   |                                    xdma_ddr3_axi_smc_0_sc_util_v1_0_4_axi_reg_stall_500 |         42 |         42 |       0 |    0 |   150 |      0 |      0 |          0 |
|               xpm_cdc_async_rst_inst                                                                  |                                                xdma_ddr3_axi_smc_0_xpm_cdc_async_rst__1 |          1 |          1 |       0 |    0 |     3 |      0 |      0 |          0 |
|         m00_nodes                                                                                     |                                                xdma_ddr3_axi_smc_0_m00_nodes_imp_K33E07 |        767 |        499 |     266 |    2 |   823 |      0 |      0 |          0 |
|           m00_ar_node                                                                                 |                                                    xdma_ddr3_axi_smc_0_bd_a1ba_m00arn_0 |        104 |         76 |      28 |    0 |    89 |      0 |      0 |          0 |
|             inst                                                                                      |                                                 xdma_ddr3_axi_smc_0_sc_node_v1_0_14_top |        104 |         76 |      28 |    0 |    89 |      0 |      0 |          0 |
|               (inst)                                                                                  |                                                 xdma_ddr3_axi_smc_0_sc_node_v1_0_14_top |          3 |          3 |       0 |    0 |     1 |      0 |      0 |          0 |
|               inst_mi_handler                                                                         |                                          xdma_ddr3_axi_smc_0_sc_node_v1_0_14_mi_handler |         87 |         59 |      28 |    0 |    74 |      0 |      0 |          0 |
|                 (inst_mi_handler)                                                                     |                                          xdma_ddr3_axi_smc_0_sc_node_v1_0_14_mi_handler |          0 |          0 |       0 |    0 |     2 |      0 |      0 |          0 |
|                 gen_normal_area.gen_node_prog_full.inst_node_prog_full                                |                                     xdma_ddr3_axi_smc_0_sc_node_v1_0_14_fifo__xdcDup__1 |         33 |         33 |       0 |    0 |    21 |      0 |      0 |          0 |
|                   gen_xpm_memory_fifo.inst_fifo                                                       |                           xdma_ddr3_axi_smc_0_sc_util_v1_0_4_xpm_memory_fifo__xdcDup__1 |         33 |         33 |       0 |    0 |    21 |      0 |      0 |          0 |
|                     (gen_xpm_memory_fifo.inst_fifo)                                                   |                           xdma_ddr3_axi_smc_0_sc_util_v1_0_4_xpm_memory_fifo__xdcDup__1 |          5 |          5 |       0 |    0 |     3 |      0 |      0 |          0 |
|                     gen_mem_rep[0].inst_rd_addrb                                                      |                          xdma_ddr3_axi_smc_0_sc_util_v1_0_4_counter__parameterized0_493 |          6 |          6 |       0 |    0 |     6 |      0 |      0 |          0 |
|                     gen_mem_rep[0].inst_wr_addra                                                      |                          xdma_ddr3_axi_smc_0_sc_util_v1_0_4_counter__parameterized0_494 |          4 |          4 |       0 |    0 |     6 |      0 |      0 |          0 |
|                     gen_wr.inst_wr_addra_p1                                                           |                          xdma_ddr3_axi_smc_0_sc_util_v1_0_4_counter__parameterized1_495 |         18 |         18 |       0 |    0 |     6 |      0 |      0 |          0 |
|                 gen_normal_area.inst_fifo_node_payld                                                  |                     xdma_ddr3_axi_smc_0_sc_node_v1_0_14_fifo__parameterized0__xdcDup__1 |         54 |         26 |      28 |    0 |    50 |      0 |      0 |          0 |
|                   gen_xpm_memory_fifo.inst_fifo                                                       |           xdma_ddr3_axi_smc_0_sc_util_v1_0_4_xpm_memory_fifo__parameterized0__xdcDup__1 |         54 |         26 |      28 |    0 |    50 |      0 |      0 |          0 |
|                     (gen_xpm_memory_fifo.inst_fifo)                                                   |           xdma_ddr3_axi_smc_0_sc_util_v1_0_4_xpm_memory_fifo__parameterized0__xdcDup__1 |          4 |          4 |       0 |    0 |     3 |      0 |      0 |          0 |
|                     gen_mem_rep[0].inst_rd_addrb                                                      |                          xdma_ddr3_axi_smc_0_sc_util_v1_0_4_counter__parameterized0_490 |          6 |          6 |       0 |    0 |     6 |      0 |      0 |          0 |
|                     gen_mem_rep[0].inst_wr_addra                                                      |                          xdma_ddr3_axi_smc_0_sc_util_v1_0_4_counter__parameterized0_491 |          4 |          4 |       0 |    0 |     6 |      0 |      0 |          0 |
|                     gen_mem_rep[0].inst_xpm_memory                                                    |                                   xdma_ddr3_axi_smc_0_xpm_memory_sdpram__parameterized0 |         28 |          0 |      28 |    0 |    29 |      0 |      0 |          0 |
|                       xpm_memory_base_inst                                                            |                                     xdma_ddr3_axi_smc_0_xpm_memory_base__parameterized0 |         28 |          0 |      28 |    0 |    29 |      0 |      0 |          0 |
|                     gen_wr.inst_wr_addra_p1                                                           |                          xdma_ddr3_axi_smc_0_sc_util_v1_0_4_counter__parameterized1_492 |         13 |         13 |       0 |    0 |     6 |      0 |      0 |          0 |
|                 inst_ingress                                                                          |                                         xdma_ddr3_axi_smc_0_sc_node_v1_0_14_ingress_487 |          0 |          0 |       0 |    0 |     1 |      0 |      0 |          0 |
|                   inst_pipeline_valid                                                                 |                         xdma_ddr3_axi_smc_0_sc_util_v1_0_4_pipeline__parameterized3_489 |          0 |          0 |       0 |    0 |     1 |      0 |      0 |          0 |
|               inst_si_handler                                                                         |                                      xdma_ddr3_axi_smc_0_sc_node_v1_0_14_si_handler_483 |         13 |         13 |       0 |    0 |    11 |      0 |      0 |          0 |
|                 (inst_si_handler)                                                                     |                                      xdma_ddr3_axi_smc_0_sc_node_v1_0_14_si_handler_483 |          0 |          0 |       0 |    0 |     1 |      0 |      0 |          0 |
|                 gen_si_handler.gen_arbiter_rr_normal_area.inst_arbiter                                |                                      xdma_ddr3_axi_smc_0_sc_node_v1_0_14_arb_alg_rr_484 |          9 |          9 |       0 |    0 |     4 |      0 |      0 |          0 |
|                 gen_si_handler.gen_request_counters.gen_req_counter[0].inst_req_counter               |                                          xdma_ddr3_axi_smc_0_sc_util_v1_0_4_counter_485 |          2 |          2 |       0 |    0 |     3 |      0 |      0 |          0 |
|                 gen_si_handler.gen_request_counters.gen_req_counter[1].inst_req_counter               |                                          xdma_ddr3_axi_smc_0_sc_util_v1_0_4_counter_486 |          2 |          2 |       0 |    0 |     3 |      0 |      0 |          0 |
|               s_sc_xpm_cdc_async_rst_inst                                                             |                                               xdma_ddr3_axi_smc_0_xpm_cdc_async_rst__47 |          1 |          1 |       0 |    0 |     3 |      0 |      0 |          0 |
|           m00_aw_node                                                                                 |                                                    xdma_ddr3_axi_smc_0_bd_a1ba_m00awn_0 |        114 |         92 |      20 |    2 |    91 |      0 |      0 |          0 |
|             inst                                                                                      |                                 xdma_ddr3_axi_smc_0_sc_node_v1_0_14_top__parameterized0 |        114 |         92 |      20 |    2 |    91 |      0 |      0 |          0 |
|               (inst)                                                                                  |                                 xdma_ddr3_axi_smc_0_sc_node_v1_0_14_top__parameterized0 |          3 |          3 |       0 |    0 |     1 |      0 |      0 |          0 |
|               inst_mi_handler                                                                         |                          xdma_ddr3_axi_smc_0_sc_node_v1_0_14_mi_handler__parameterized0 |         79 |         59 |      20 |    0 |    66 |      0 |      0 |          0 |
|                 (inst_mi_handler)                                                                     |                          xdma_ddr3_axi_smc_0_sc_node_v1_0_14_mi_handler__parameterized0 |          0 |          0 |       0 |    0 |     2 |      0 |      0 |          0 |
|                 gen_normal_area.gen_node_prog_full.inst_node_prog_full                                |                                     xdma_ddr3_axi_smc_0_sc_node_v1_0_14_fifo__xdcDup__2 |         33 |         33 |       0 |    0 |    21 |      0 |      0 |          0 |
|                   gen_xpm_memory_fifo.inst_fifo                                                       |                           xdma_ddr3_axi_smc_0_sc_util_v1_0_4_xpm_memory_fifo__xdcDup__2 |         33 |         33 |       0 |    0 |    21 |      0 |      0 |          0 |
|                     (gen_xpm_memory_fifo.inst_fifo)                                                   |                           xdma_ddr3_axi_smc_0_sc_util_v1_0_4_xpm_memory_fifo__xdcDup__2 |          5 |          5 |       0 |    0 |     3 |      0 |      0 |          0 |
|                     gen_mem_rep[0].inst_rd_addrb                                                      |                          xdma_ddr3_axi_smc_0_sc_util_v1_0_4_counter__parameterized0_480 |          6 |          6 |       0 |    0 |     6 |      0 |      0 |          0 |
|                     gen_mem_rep[0].inst_wr_addra                                                      |                          xdma_ddr3_axi_smc_0_sc_util_v1_0_4_counter__parameterized0_481 |          4 |          4 |       0 |    0 |     6 |      0 |      0 |          0 |
|                     gen_wr.inst_wr_addra_p1                                                           |                          xdma_ddr3_axi_smc_0_sc_util_v1_0_4_counter__parameterized1_482 |         18 |         18 |       0 |    0 |     6 |      0 |      0 |          0 |
|                 gen_normal_area.inst_fifo_node_payld                                                  |                                xdma_ddr3_axi_smc_0_sc_node_v1_0_14_fifo__parameterized0 |         47 |         27 |      20 |    0 |    42 |      0 |      0 |          0 |
|                   gen_xpm_memory_fifo.inst_fifo                                                       |                      xdma_ddr3_axi_smc_0_sc_util_v1_0_4_xpm_memory_fifo__parameterized0 |         47 |         27 |      20 |    0 |    42 |      0 |      0 |          0 |
|                     (gen_xpm_memory_fifo.inst_fifo)                                                   |                      xdma_ddr3_axi_smc_0_sc_util_v1_0_4_xpm_memory_fifo__parameterized0 |          4 |          4 |       0 |    0 |     3 |      0 |      0 |          0 |
|                     gen_mem_rep[0].inst_rd_addrb                                                      |                          xdma_ddr3_axi_smc_0_sc_util_v1_0_4_counter__parameterized0_477 |          6 |          6 |       0 |    0 |     6 |      0 |      0 |          0 |
|                     gen_mem_rep[0].inst_wr_addra                                                      |                          xdma_ddr3_axi_smc_0_sc_util_v1_0_4_counter__parameterized0_478 |          4 |          4 |       0 |    0 |     6 |      0 |      0 |          0 |
|                     gen_mem_rep[0].inst_xpm_memory                                                    |                                xdma_ddr3_axi_smc_0_xpm_memory_sdpram__parameterized0__2 |         20 |          0 |      20 |    0 |    21 |      0 |      0 |          0 |
|                       xpm_memory_base_inst                                                            |                                  xdma_ddr3_axi_smc_0_xpm_memory_base__parameterized0__2 |         20 |          0 |      20 |    0 |    21 |      0 |      0 |          0 |
|                     gen_wr.inst_wr_addra_p1                                                           |                          xdma_ddr3_axi_smc_0_sc_util_v1_0_4_counter__parameterized1_479 |         13 |         13 |       0 |    0 |     6 |      0 |      0 |          0 |
|                 inst_ingress                                                                          |                         xdma_ddr3_axi_smc_0_sc_node_v1_0_14_ingress__parameterized0_474 |          0 |          0 |       0 |    0 |     1 |      0 |      0 |          0 |
|                   inst_pipeline_valid                                                                 |                         xdma_ddr3_axi_smc_0_sc_util_v1_0_4_pipeline__parameterized3_476 |          0 |          0 |       0 |    0 |     1 |      0 |      0 |          0 |
|               inst_si_handler                                                                         |                      xdma_ddr3_axi_smc_0_sc_node_v1_0_14_si_handler__parameterized0_467 |         31 |         29 |       0 |    2 |    21 |      0 |      0 |          0 |
|                 (inst_si_handler)                                                                     |                      xdma_ddr3_axi_smc_0_sc_node_v1_0_14_si_handler__parameterized0_467 |          0 |          0 |       0 |    0 |     1 |      0 |      0 |          0 |
|                 gen_m_axis_arb_fifo.inst_axis_arb_fifo                                                |                xdma_ddr3_axi_smc_0_sc_util_v1_0_4_axic_reg_srl_fifo__parameterized1_468 |         17 |         15 |       0 |    2 |    10 |      0 |      0 |          0 |
|                   (gen_m_axis_arb_fifo.inst_axis_arb_fifo)                                            |                xdma_ddr3_axi_smc_0_sc_util_v1_0_4_axic_reg_srl_fifo__parameterized1_468 |         15 |         15 |       0 |    0 |    10 |      0 |      0 |          0 |
|                   gen_srls[0].srl_nx1                                                                 |                          xdma_ddr3_axi_smc_0_sc_util_v1_0_4_srl_rtl__parameterized0_472 |          1 |          0 |       0 |    1 |     0 |      0 |      0 |          0 |
|                   gen_srls[1].srl_nx1                                                                 |                          xdma_ddr3_axi_smc_0_sc_util_v1_0_4_srl_rtl__parameterized0_473 |          2 |          1 |       0 |    1 |     0 |      0 |      0 |          0 |
|                 gen_si_handler.gen_arbiter_rr_normal_area.inst_arbiter                                |                                      xdma_ddr3_axi_smc_0_sc_node_v1_0_14_arb_alg_rr_469 |          9 |          9 |       0 |    0 |     4 |      0 |      0 |          0 |
|                 gen_si_handler.gen_request_counters.gen_req_counter[0].inst_req_counter               |                                          xdma_ddr3_axi_smc_0_sc_util_v1_0_4_counter_470 |          2 |          2 |       0 |    0 |     3 |      0 |      0 |          0 |
|                 gen_si_handler.gen_request_counters.gen_req_counter[1].inst_req_counter               |                                          xdma_ddr3_axi_smc_0_sc_util_v1_0_4_counter_471 |          3 |          3 |       0 |    0 |     3 |      0 |      0 |          0 |
|               s_sc_xpm_cdc_async_rst_inst                                                             |                                               xdma_ddr3_axi_smc_0_xpm_cdc_async_rst__45 |          1 |          1 |       0 |    0 |     3 |      0 |      0 |          0 |
|           m00_b_node                                                                                  |                                                     xdma_ddr3_axi_smc_0_bd_a1ba_m00bn_0 |         91 |         81 |      10 |    0 |    70 |      0 |      0 |          0 |
|             inst                                                                                      |                                 xdma_ddr3_axi_smc_0_sc_node_v1_0_14_top__parameterized1 |         91 |         81 |      10 |    0 |    70 |      0 |      0 |          0 |
|               (inst)                                                                                  |                                 xdma_ddr3_axi_smc_0_sc_node_v1_0_14_top__parameterized1 |          3 |          3 |       0 |    0 |     1 |      0 |      0 |          0 |
|               inst_mi_handler                                                                         |                          xdma_ddr3_axi_smc_0_sc_node_v1_0_14_mi_handler__parameterized1 |         87 |         77 |      10 |    0 |    65 |      0 |      0 |          0 |
|                 (inst_mi_handler)                                                                     |                          xdma_ddr3_axi_smc_0_sc_node_v1_0_14_mi_handler__parameterized1 |          0 |          0 |       0 |    0 |     2 |      0 |      0 |          0 |
|                 gen_normal_area.gen_fifo_req.inst_fifo_req                                            |                     xdma_ddr3_axi_smc_0_sc_node_v1_0_14_fifo__parameterized1__xdcDup__1 |         33 |         29 |       4 |    0 |    23 |      0 |      0 |          0 |
|                   gen_xpm_memory_fifo.inst_fifo                                                       |           xdma_ddr3_axi_smc_0_sc_util_v1_0_4_xpm_memory_fifo__parameterized1__xdcDup__1 |         33 |         29 |       4 |    0 |    23 |      0 |      0 |          0 |
|                     (gen_xpm_memory_fifo.inst_fifo)                                                   |           xdma_ddr3_axi_smc_0_sc_util_v1_0_4_xpm_memory_fifo__parameterized1__xdcDup__1 |          5 |          5 |       0 |    0 |     3 |      0 |      0 |          0 |
|                     gen_mem_rep[0].inst_rd_addrb                                                      |                          xdma_ddr3_axi_smc_0_sc_util_v1_0_4_counter__parameterized0_464 |          6 |          6 |       0 |    0 |     6 |      0 |      0 |          0 |
|                     gen_mem_rep[0].inst_wr_addra                                                      |                          xdma_ddr3_axi_smc_0_sc_util_v1_0_4_counter__parameterized0_465 |          5 |          5 |       0 |    0 |     6 |      0 |      0 |          0 |
|                     gen_mem_rep[0].inst_xpm_memory                                                    |                                   xdma_ddr3_axi_smc_0_xpm_memory_sdpram__parameterized1 |          4 |          0 |       4 |    0 |     2 |      0 |      0 |          0 |
|                       xpm_memory_base_inst                                                            |                                     xdma_ddr3_axi_smc_0_xpm_memory_base__parameterized1 |          4 |          0 |       4 |    0 |     2 |      0 |      0 |          0 |
|                     gen_wr.inst_wr_addra_p1                                                           |                          xdma_ddr3_axi_smc_0_sc_util_v1_0_4_counter__parameterized1_466 |         14 |         14 |       0 |    0 |     6 |      0 |      0 |          0 |
|                 gen_normal_area.inst_fifo_node_payld                                                  |                                xdma_ddr3_axi_smc_0_sc_node_v1_0_14_fifo__parameterized2 |         42 |         36 |       6 |    0 |    29 |      0 |      0 |          0 |
|                   gen_xpm_memory_fifo.inst_fifo                                                       |                      xdma_ddr3_axi_smc_0_sc_util_v1_0_4_xpm_memory_fifo__parameterized2 |         42 |         36 |       6 |    0 |    29 |      0 |      0 |          0 |
|                     (gen_xpm_memory_fifo.inst_fifo)                                                   |                      xdma_ddr3_axi_smc_0_sc_util_v1_0_4_xpm_memory_fifo__parameterized2 |          4 |          4 |       0 |    0 |     4 |      0 |      0 |          0 |
|                     gen_mem_rep[0].inst_rd_addrb                                                      |                          xdma_ddr3_axi_smc_0_sc_util_v1_0_4_counter__parameterized0_461 |          4 |          4 |       0 |    0 |     6 |      0 |      0 |          0 |
|                     gen_mem_rep[0].inst_wr_addra                                                      |                          xdma_ddr3_axi_smc_0_sc_util_v1_0_4_counter__parameterized0_462 |          5 |          5 |       0 |    0 |     6 |      0 |      0 |          0 |
|                     gen_mem_rep[0].inst_xpm_memory                                                    |                                   xdma_ddr3_axi_smc_0_xpm_memory_sdpram__parameterized2 |          6 |          0 |       6 |    0 |     7 |      0 |      0 |          0 |
|                       xpm_memory_base_inst                                                            |                                     xdma_ddr3_axi_smc_0_xpm_memory_base__parameterized2 |          6 |          0 |       6 |    0 |     7 |      0 |      0 |          0 |
|                     gen_wr.inst_wr_addra_p1                                                           |                          xdma_ddr3_axi_smc_0_sc_util_v1_0_4_counter__parameterized1_463 |         23 |         23 |       0 |    0 |     6 |      0 |      0 |          0 |
|                 gen_normal_area.inst_fifo_send                                                        |                      xdma_ddr3_axi_smc_0_sc_node_v1_0_14_reg_slice3__parameterized0_460 |         12 |         12 |       0 |    0 |    11 |      0 |      0 |          0 |
|               inst_si_handler                                                                         |                      xdma_ddr3_axi_smc_0_sc_node_v1_0_14_si_handler__parameterized1_459 |          1 |          1 |       0 |    0 |     1 |      0 |      0 |          0 |
|               s_sc_xpm_cdc_async_rst_inst                                                             |                                               xdma_ddr3_axi_smc_0_xpm_cdc_async_rst__43 |          1 |          1 |       0 |    0 |     3 |      0 |      0 |          0 |
|           m00_r_node                                                                                  |                                                     xdma_ddr3_axi_smc_0_bd_a1ba_m00rn_0 |        182 |         82 |     100 |    0 |   349 |      0 |      0 |          0 |
|             inst                                                                                      |                                 xdma_ddr3_axi_smc_0_sc_node_v1_0_14_top__parameterized2 |        182 |         82 |     100 |    0 |   349 |      0 |      0 |          0 |
|               (inst)                                                                                  |                                 xdma_ddr3_axi_smc_0_sc_node_v1_0_14_top__parameterized2 |          3 |          3 |       0 |    0 |     1 |      0 |      0 |          0 |
|               inst_mi_handler                                                                         |                          xdma_ddr3_axi_smc_0_sc_node_v1_0_14_mi_handler__parameterized2 |        178 |         78 |     100 |    0 |   344 |      0 |      0 |          0 |
|                 (inst_mi_handler)                                                                     |                          xdma_ddr3_axi_smc_0_sc_node_v1_0_14_mi_handler__parameterized2 |          0 |          0 |       0 |    0 |     2 |      0 |      0 |          0 |
|                 gen_normal_area.gen_fi_regulator.inst_fi_regulator                                    |                                    xdma_ddr3_axi_smc_0_sc_node_v1_0_14_fi_regulator_449 |          1 |          1 |       0 |    0 |     2 |      0 |      0 |          0 |
|                 gen_normal_area.gen_fifo_req.inst_fifo_req                                            |                     xdma_ddr3_axi_smc_0_sc_node_v1_0_14_fifo__parameterized3__xdcDup__1 |         30 |         26 |       4 |    0 |    23 |      0 |      0 |          0 |
|                   gen_xpm_memory_fifo.inst_fifo                                                       |           xdma_ddr3_axi_smc_0_sc_util_v1_0_4_xpm_memory_fifo__parameterized3__xdcDup__1 |         30 |         26 |       4 |    0 |    23 |      0 |      0 |          0 |
|                     (gen_xpm_memory_fifo.inst_fifo)                                                   |           xdma_ddr3_axi_smc_0_sc_util_v1_0_4_xpm_memory_fifo__parameterized3__xdcDup__1 |          5 |          5 |       0 |    0 |     3 |      0 |      0 |          0 |
|                     gen_mem_rep[0].inst_rd_addrb                                                      |                          xdma_ddr3_axi_smc_0_sc_util_v1_0_4_counter__parameterized0_456 |          6 |          6 |       0 |    0 |     6 |      0 |      0 |          0 |
|                     gen_mem_rep[0].inst_wr_addra                                                      |                          xdma_ddr3_axi_smc_0_sc_util_v1_0_4_counter__parameterized0_457 |          4 |          4 |       0 |    0 |     6 |      0 |      0 |          0 |
|                     gen_mem_rep[0].inst_xpm_memory                                                    |                               xdma_ddr3_axi_smc_0_xpm_memory_sdpram__parameterized1__13 |          4 |          0 |       4 |    0 |     2 |      0 |      0 |          0 |
|                       xpm_memory_base_inst                                                            |                                 xdma_ddr3_axi_smc_0_xpm_memory_base__parameterized1__13 |          4 |          0 |       4 |    0 |     2 |      0 |      0 |          0 |
|                     gen_wr.inst_wr_addra_p1                                                           |                          xdma_ddr3_axi_smc_0_sc_util_v1_0_4_counter__parameterized1_458 |         12 |         12 |       0 |    0 |     6 |      0 |      0 |          0 |
|                 gen_normal_area.gen_upsizer.inst_upsizer                                              |                                         xdma_ddr3_axi_smc_0_sc_node_v1_0_14_upsizer_450 |         10 |         10 |       0 |    0 |   150 |      0 |      0 |          0 |
|                   (gen_normal_area.gen_upsizer.inst_upsizer)                                          |                                         xdma_ddr3_axi_smc_0_sc_node_v1_0_14_upsizer_450 |          9 |          9 |       0 |    0 |   145 |      0 |      0 |          0 |
|                   inst_upsizer_target_pipeline                                                        |                         xdma_ddr3_axi_smc_0_sc_util_v1_0_4_pipeline__parameterized7_455 |          1 |          1 |       0 |    0 |     5 |      0 |      0 |          0 |
|                 gen_normal_area.inst_fifo_node_payld                                                  |                                xdma_ddr3_axi_smc_0_sc_node_v1_0_14_fifo__parameterized4 |        125 |         29 |      96 |    0 |   156 |      0 |      0 |          0 |
|                   gen_xpm_memory_fifo.inst_fifo                                                       |                      xdma_ddr3_axi_smc_0_sc_util_v1_0_4_xpm_memory_fifo__parameterized4 |        125 |         29 |      96 |    0 |   156 |      0 |      0 |          0 |
|                     (gen_xpm_memory_fifo.inst_fifo)                                                   |                      xdma_ddr3_axi_smc_0_sc_util_v1_0_4_xpm_memory_fifo__parameterized4 |          5 |          5 |       0 |    0 |     4 |      0 |      0 |          0 |
|                     gen_mem_rep[0].inst_rd_addrb                                                      |                          xdma_ddr3_axi_smc_0_sc_util_v1_0_4_counter__parameterized0_452 |          4 |          4 |       0 |    0 |     6 |      0 |      0 |          0 |
|                     gen_mem_rep[0].inst_wr_addra                                                      |                          xdma_ddr3_axi_smc_0_sc_util_v1_0_4_counter__parameterized0_453 |          4 |          4 |       0 |    0 |     6 |      0 |      0 |          0 |
|                     gen_mem_rep[0].inst_xpm_memory                                                    |                                   xdma_ddr3_axi_smc_0_xpm_memory_sdpram__parameterized3 |         96 |          0 |      96 |    0 |   134 |      0 |      0 |          0 |
|                       xpm_memory_base_inst                                                            |                                     xdma_ddr3_axi_smc_0_xpm_memory_base__parameterized3 |         96 |          0 |      96 |    0 |   134 |      0 |      0 |          0 |
|                     gen_wr.inst_wr_addra_p1                                                           |                          xdma_ddr3_axi_smc_0_sc_util_v1_0_4_counter__parameterized1_454 |         17 |         17 |       0 |    0 |     6 |      0 |      0 |          0 |
|                 gen_normal_area.inst_fifo_send                                                        |                      xdma_ddr3_axi_smc_0_sc_node_v1_0_14_reg_slice3__parameterized0_451 |         12 |         12 |       0 |    0 |    11 |      0 |      0 |          0 |
|               inst_si_handler                                                                         |                      xdma_ddr3_axi_smc_0_sc_node_v1_0_14_si_handler__parameterized2_448 |          1 |          1 |       0 |    0 |     1 |      0 |      0 |          0 |
|               s_sc_xpm_cdc_async_rst_inst                                                             |                                               xdma_ddr3_axi_smc_0_xpm_cdc_async_rst__41 |          1 |          1 |       0 |    0 |     3 |      0 |      0 |          0 |
|           m00_w_node                                                                                  |                                                     xdma_ddr3_axi_smc_0_bd_a1ba_m00wn_0 |        277 |        169 |     108 |    0 |   224 |      0 |      0 |          0 |
|             inst                                                                                      |                                 xdma_ddr3_axi_smc_0_sc_node_v1_0_14_top__parameterized3 |        277 |        169 |     108 |    0 |   224 |      0 |      0 |          0 |
|               (inst)                                                                                  |                                 xdma_ddr3_axi_smc_0_sc_node_v1_0_14_top__parameterized3 |          3 |          3 |       0 |    0 |     1 |      0 |      0 |          0 |
|               inst_mi_handler                                                                         |                          xdma_ddr3_axi_smc_0_sc_node_v1_0_14_mi_handler__parameterized3 |        242 |        138 |     104 |    0 |   196 |      0 |      0 |          0 |
|                 (inst_mi_handler)                                                                     |                          xdma_ddr3_axi_smc_0_sc_node_v1_0_14_mi_handler__parameterized3 |          0 |          0 |       0 |    0 |     2 |      0 |      0 |          0 |
|                 gen_normal_area.gen_downsizer.inst_downsizer                                          |                                       xdma_ddr3_axi_smc_0_sc_node_v1_0_14_downsizer_438 |          1 |          1 |       0 |    0 |     3 |      0 |      0 |          0 |
|                 gen_normal_area.gen_node_prog_full.inst_node_prog_full                                |                                     xdma_ddr3_axi_smc_0_sc_node_v1_0_14_fifo__xdcDup__3 |         36 |         36 |       0 |    0 |    21 |      0 |      0 |          0 |
|                   gen_xpm_memory_fifo.inst_fifo                                                       |                           xdma_ddr3_axi_smc_0_sc_util_v1_0_4_xpm_memory_fifo__xdcDup__3 |         36 |         36 |       0 |    0 |    21 |      0 |      0 |          0 |
|                     (gen_xpm_memory_fifo.inst_fifo)                                                   |                           xdma_ddr3_axi_smc_0_sc_util_v1_0_4_xpm_memory_fifo__xdcDup__3 |          5 |          5 |       0 |    0 |     3 |      0 |      0 |          0 |
|                     gen_mem_rep[0].inst_rd_addrb                                                      |                          xdma_ddr3_axi_smc_0_sc_util_v1_0_4_counter__parameterized0_445 |          5 |          5 |       0 |    0 |     6 |      0 |      0 |          0 |
|                     gen_mem_rep[0].inst_wr_addra                                                      |                          xdma_ddr3_axi_smc_0_sc_util_v1_0_4_counter__parameterized0_446 |          5 |          5 |       0 |    0 |     6 |      0 |      0 |          0 |
|                     gen_wr.inst_wr_addra_p1                                                           |                          xdma_ddr3_axi_smc_0_sc_util_v1_0_4_counter__parameterized1_447 |         21 |         21 |       0 |    0 |     6 |      0 |      0 |          0 |
|                 gen_normal_area.inst_fifo_node_payld                                                  |                                xdma_ddr3_axi_smc_0_sc_node_v1_0_14_fifo__parameterized6 |        205 |        101 |     104 |    0 |   168 |      0 |      0 |          0 |
|                   gen_xpm_memory_fifo.inst_fifo                                                       |                      xdma_ddr3_axi_smc_0_sc_util_v1_0_4_xpm_memory_fifo__parameterized6 |        205 |        101 |     104 |    0 |   168 |      0 |      0 |          0 |
|                     (gen_xpm_memory_fifo.inst_fifo)                                                   |                      xdma_ddr3_axi_smc_0_sc_util_v1_0_4_xpm_memory_fifo__parameterized6 |         79 |         79 |       0 |    0 |     3 |      0 |      0 |          0 |
|                     gen_mem_rep[0].inst_rd_addrb                                                      |                          xdma_ddr3_axi_smc_0_sc_util_v1_0_4_counter__parameterized0_442 |          5 |          5 |       0 |    0 |     6 |      0 |      0 |          0 |
|                     gen_mem_rep[0].inst_wr_addra                                                      |                          xdma_ddr3_axi_smc_0_sc_util_v1_0_4_counter__parameterized0_443 |          4 |          4 |       0 |    0 |     6 |      0 |      0 |          0 |
|                     gen_mem_rep[0].inst_xpm_memory                                                    |                                   xdma_ddr3_axi_smc_0_xpm_memory_sdpram__parameterized5 |        104 |          0 |     104 |    0 |   147 |      0 |      0 |          0 |
|                       xpm_memory_base_inst                                                            |                                     xdma_ddr3_axi_smc_0_xpm_memory_base__parameterized5 |        104 |          0 |     104 |    0 |   147 |      0 |      0 |          0 |
|                     gen_wr.inst_wr_addra_p1                                                           |                          xdma_ddr3_axi_smc_0_sc_util_v1_0_4_counter__parameterized1_444 |         13 |         13 |       0 |    0 |     6 |      0 |      0 |          0 |
|                 inst_ingress                                                                          |                         xdma_ddr3_axi_smc_0_sc_node_v1_0_14_ingress__parameterized3_439 |          0 |          0 |       0 |    0 |     2 |      0 |      0 |          0 |
|                   inst_pipeline_recv                                                                  |                         xdma_ddr3_axi_smc_0_sc_util_v1_0_4_pipeline__parameterized4_440 |          0 |          0 |       0 |    0 |     1 |      0 |      0 |          0 |
|                   inst_pipeline_valid                                                                 |                         xdma_ddr3_axi_smc_0_sc_util_v1_0_4_pipeline__parameterized3_441 |          0 |          0 |       0 |    0 |     1 |      0 |      0 |          0 |
|               inst_si_handler                                                                         |               xdma_ddr3_axi_smc_0_sc_node_v1_0_14_si_handler__parameterized3__xdcDup__1 |         31 |         27 |       4 |    0 |    24 |      0 |      0 |          0 |
|                 (inst_si_handler)                                                                     |               xdma_ddr3_axi_smc_0_sc_node_v1_0_14_si_handler__parameterized3__xdcDup__1 |          0 |          0 |       0 |    0 |     1 |      0 |      0 |          0 |
|                 gen_si_handler.gen_axis_packet_slave_normal_area.inst_allow_transfer_late             |                         xdma_ddr3_axi_smc_0_sc_util_v1_0_4_pipeline__parameterized3_431 |          2 |          2 |       0 |    0 |     1 |      0 |      0 |          0 |
|                 gen_si_handler.gen_request_fifos.gen_req_fifo[0].inst_req_fifo                        |                     xdma_ddr3_axi_smc_0_sc_node_v1_0_14_fifo__parameterized5__xdcDup__1 |         15 |         13 |       2 |    0 |    11 |      0 |      0 |          0 |
|                   gen_xpm_memory_fifo.inst_fifo                                                       |           xdma_ddr3_axi_smc_0_sc_util_v1_0_4_xpm_memory_fifo__parameterized5__xdcDup__1 |         15 |         13 |       2 |    0 |    11 |      0 |      0 |          0 |
|                     (gen_xpm_memory_fifo.inst_fifo)                                                   |           xdma_ddr3_axi_smc_0_sc_util_v1_0_4_xpm_memory_fifo__parameterized5__xdcDup__1 |          3 |          3 |       0 |    0 |     2 |      0 |      0 |          0 |
|                     gen_mem_rep[0].inst_rd_addrb                                                      |                          xdma_ddr3_axi_smc_0_sc_util_v1_0_4_counter__parameterized3_435 |          3 |          3 |       0 |    0 |     3 |      0 |      0 |          0 |
|                     gen_mem_rep[0].inst_wr_addra                                                      |                          xdma_ddr3_axi_smc_0_sc_util_v1_0_4_counter__parameterized3_436 |          2 |          2 |       0 |    0 |     3 |      0 |      0 |          0 |
|                     gen_mem_rep[0].inst_xpm_memory                                                    |                                   xdma_ddr3_axi_smc_0_xpm_memory_sdpram__parameterized4 |          2 |          0 |       2 |    0 |     0 |      0 |      0 |          0 |
|                       xpm_memory_base_inst                                                            |                                     xdma_ddr3_axi_smc_0_xpm_memory_base__parameterized4 |          2 |          0 |       2 |    0 |     0 |      0 |      0 |          0 |
|                     gen_wr.inst_wr_addra_p1                                                           |                          xdma_ddr3_axi_smc_0_sc_util_v1_0_4_counter__parameterized4_437 |          6 |          6 |       0 |    0 |     3 |      0 |      0 |          0 |
|                 gen_si_handler.gen_request_fifos.gen_req_fifo[1].inst_req_fifo                        |                     xdma_ddr3_axi_smc_0_sc_node_v1_0_14_fifo__parameterized5__xdcDup__2 |         15 |         13 |       2 |    0 |    11 |      0 |      0 |          0 |
|                   gen_xpm_memory_fifo.inst_fifo                                                       |           xdma_ddr3_axi_smc_0_sc_util_v1_0_4_xpm_memory_fifo__parameterized5__xdcDup__2 |         15 |         13 |       2 |    0 |    11 |      0 |      0 |          0 |
|                     (gen_xpm_memory_fifo.inst_fifo)                                                   |           xdma_ddr3_axi_smc_0_sc_util_v1_0_4_xpm_memory_fifo__parameterized5__xdcDup__2 |          3 |          3 |       0 |    0 |     2 |      0 |      0 |          0 |
|                     gen_mem_rep[0].inst_rd_addrb                                                      |                          xdma_ddr3_axi_smc_0_sc_util_v1_0_4_counter__parameterized3_432 |          3 |          3 |       0 |    0 |     3 |      0 |      0 |          0 |
|                     gen_mem_rep[0].inst_wr_addra                                                      |                          xdma_ddr3_axi_smc_0_sc_util_v1_0_4_counter__parameterized3_433 |          2 |          2 |       0 |    0 |     3 |      0 |      0 |          0 |
|                     gen_mem_rep[0].inst_xpm_memory                                                    |                                xdma_ddr3_axi_smc_0_xpm_memory_sdpram__parameterized4__6 |          2 |          0 |       2 |    0 |     0 |      0 |      0 |          0 |
|                       xpm_memory_base_inst                                                            |                                  xdma_ddr3_axi_smc_0_xpm_memory_base__parameterized4__6 |          2 |          0 |       2 |    0 |     0 |      0 |      0 |          0 |
|                     gen_wr.inst_wr_addra_p1                                                           |                          xdma_ddr3_axi_smc_0_sc_util_v1_0_4_counter__parameterized4_434 |          6 |          6 |       0 |    0 |     3 |      0 |      0 |          0 |
|               s_sc_xpm_cdc_async_rst_inst                                                             |                                               xdma_ddr3_axi_smc_0_xpm_cdc_async_rst__39 |          1 |          1 |       0 |    0 |     3 |      0 |      0 |          0 |
|         m00_sc2axi                                                                                    |                                                    xdma_ddr3_axi_smc_0_bd_a1ba_m00s2a_0 |          0 |          0 |       0 |    0 |     0 |      0 |      0 |          0 |
|           inst                                                                                        |                                                xdma_ddr3_axi_smc_0_sc_sc2axi_v1_0_7_top |          0 |          0 |       0 |    0 |     0 |      0 |      0 |          0 |
|         m01_exit_pipeline                                                                             |                                        xdma_ddr3_axi_smc_0_m01_exit_pipeline_imp_4AK18R |        225 |        210 |       0 |   15 |   506 |      0 |      0 |          0 |
|           m01_exit                                                                                    |                                                      xdma_ddr3_axi_smc_0_bd_a1ba_m01e_0 |        225 |        210 |       0 |   15 |   506 |      0 |      0 |          0 |
|             inst                                                                                      |                                 xdma_ddr3_axi_smc_0_sc_exit_v1_0_12_top__parameterized0 |        225 |        210 |       0 |   15 |   506 |      0 |      0 |          0 |
|               (inst)                                                                                  |                                 xdma_ddr3_axi_smc_0_sc_exit_v1_0_12_top__parameterized0 |          1 |          1 |       0 |    0 |     2 |      0 |      0 |          0 |
|               ar_reg                                                                                  |                                    xdma_ddr3_axi_smc_0_sc_util_v1_0_4_axi_reg_stall_411 |         34 |         34 |       0 |    0 |    88 |      0 |      0 |          0 |
|               aw_reg                                                                                  |                                    xdma_ddr3_axi_smc_0_sc_util_v1_0_4_axi_reg_stall_412 |         34 |         34 |       0 |    0 |    88 |      0 |      0 |          0 |
|               b_reg                                                                                   |                                    xdma_ddr3_axi_smc_0_sc_util_v1_0_4_axi_reg_stall_413 |          9 |          9 |       0 |    0 |     8 |      0 |      0 |          0 |
|               exit_inst                                                                               |                                xdma_ddr3_axi_smc_0_sc_exit_v1_0_12_exit__parameterized0 |         63 |         48 |       0 |   15 |    33 |      0 |      0 |          0 |
|                 (exit_inst)                                                                           |                                xdma_ddr3_axi_smc_0_sc_exit_v1_0_12_exit__parameterized0 |          0 |          0 |       0 |    0 |     1 |      0 |      0 |          0 |
|                 gen_r_cmd_fifo.r_cmd_fifo                                                             |                                    xdma_ddr3_axi_smc_0_sc_util_v1_0_4_axic_reg_srl_fifo |         44 |         32 |       0 |   12 |    21 |      0 |      0 |          0 |
|                   (gen_r_cmd_fifo.r_cmd_fifo)                                                         |                                    xdma_ddr3_axi_smc_0_sc_util_v1_0_4_axic_reg_srl_fifo |         20 |         20 |       0 |    0 |    21 |      0 |      0 |          0 |
|                   gen_srls[11].srl_nx1                                                                |                                          xdma_ddr3_axi_smc_0_sc_util_v1_0_4_srl_rtl_419 |          2 |          1 |       0 |    1 |     0 |      0 |      0 |          0 |
|                   gen_srls[12].srl_nx1                                                                |                                          xdma_ddr3_axi_smc_0_sc_util_v1_0_4_srl_rtl_420 |          2 |          1 |       0 |    1 |     0 |      0 |      0 |          0 |
|                   gen_srls[13].srl_nx1                                                                |                                          xdma_ddr3_axi_smc_0_sc_util_v1_0_4_srl_rtl_421 |          2 |          1 |       0 |    1 |     0 |      0 |      0 |          0 |
|                   gen_srls[14].srl_nx1                                                                |                                          xdma_ddr3_axi_smc_0_sc_util_v1_0_4_srl_rtl_422 |          2 |          1 |       0 |    1 |     0 |      0 |      0 |          0 |
|                   gen_srls[15].srl_nx1                                                                |                                          xdma_ddr3_axi_smc_0_sc_util_v1_0_4_srl_rtl_423 |          2 |          1 |       0 |    1 |     0 |      0 |      0 |          0 |
|                   gen_srls[16].srl_nx1                                                                |                                          xdma_ddr3_axi_smc_0_sc_util_v1_0_4_srl_rtl_424 |          2 |          1 |       0 |    1 |     0 |      0 |      0 |          0 |
|                   gen_srls[17].srl_nx1                                                                |                                          xdma_ddr3_axi_smc_0_sc_util_v1_0_4_srl_rtl_425 |          3 |          2 |       0 |    1 |     0 |      0 |      0 |          0 |
|                   gen_srls[1].srl_nx1                                                                 |                                          xdma_ddr3_axi_smc_0_sc_util_v1_0_4_srl_rtl_426 |          2 |          1 |       0 |    1 |     0 |      0 |      0 |          0 |
|                   gen_srls[2].srl_nx1                                                                 |                                          xdma_ddr3_axi_smc_0_sc_util_v1_0_4_srl_rtl_427 |          2 |          1 |       0 |    1 |     0 |      0 |      0 |          0 |
|                   gen_srls[3].srl_nx1                                                                 |                                          xdma_ddr3_axi_smc_0_sc_util_v1_0_4_srl_rtl_428 |          2 |          1 |       0 |    1 |     0 |      0 |      0 |          0 |
|                   gen_srls[4].srl_nx1                                                                 |                                          xdma_ddr3_axi_smc_0_sc_util_v1_0_4_srl_rtl_429 |          2 |          1 |       0 |    1 |     0 |      0 |      0 |          0 |
|                   gen_srls[8].srl_nx1                                                                 |                                          xdma_ddr3_axi_smc_0_sc_util_v1_0_4_srl_rtl_430 |          2 |          1 |       0 |    1 |     0 |      0 |      0 |          0 |
|                 gen_w_cmd_fifo.w_cmd_fifo                                                             |                    xdma_ddr3_axi_smc_0_sc_util_v1_0_4_axic_reg_srl_fifo__parameterized0 |         19 |         16 |       0 |    3 |    11 |      0 |      0 |          0 |
|                   (gen_w_cmd_fifo.w_cmd_fifo)                                                         |                    xdma_ddr3_axi_smc_0_sc_util_v1_0_4_axic_reg_srl_fifo__parameterized0 |         16 |         16 |       0 |    0 |    11 |      0 |      0 |          0 |
|                   gen_srls[1].srl_nx1                                                                 |                          xdma_ddr3_axi_smc_0_sc_util_v1_0_4_srl_rtl__parameterized0_416 |          1 |          0 |       0 |    1 |     0 |      0 |      0 |          0 |
|                   gen_srls[2].srl_nx1                                                                 |                          xdma_ddr3_axi_smc_0_sc_util_v1_0_4_srl_rtl__parameterized0_417 |          1 |          0 |       0 |    1 |     0 |      0 |      0 |          0 |
|                   gen_srls[3].srl_nx1                                                                 |                          xdma_ddr3_axi_smc_0_sc_util_v1_0_4_srl_rtl__parameterized0_418 |          2 |          1 |       0 |    1 |     0 |      0 |      0 |          0 |
|               r_reg                                                                                   |                                    xdma_ddr3_axi_smc_0_sc_util_v1_0_4_axi_reg_stall_414 |         41 |         41 |       0 |    0 |   134 |      0 |      0 |          0 |
|               w_reg                                                                                   |                                    xdma_ddr3_axi_smc_0_sc_util_v1_0_4_axi_reg_stall_415 |         42 |         42 |       0 |    0 |   150 |      0 |      0 |          0 |
|               xpm_cdc_async_rst_inst                                                                  |                                                xdma_ddr3_axi_smc_0_xpm_cdc_async_rst__2 |          1 |          1 |       0 |    0 |     3 |      0 |      0 |          0 |
|         m01_nodes                                                                                     |                                               xdma_ddr3_axi_smc_0_m01_nodes_imp_1N7T7F5 |        866 |        538 |     326 |    2 |  1203 |      0 |      0 |          0 |
|           m01_ar_node                                                                                 |                                                    xdma_ddr3_axi_smc_0_bd_a1ba_m01arn_0 |        125 |         69 |      56 |    0 |   158 |      0 |      0 |          0 |
|             inst                                                                                      |                                 xdma_ddr3_axi_smc_0_sc_node_v1_0_14_top__parameterized4 |        125 |         69 |      56 |    0 |   158 |      0 |      0 |          0 |
|               (inst)                                                                                  |                                 xdma_ddr3_axi_smc_0_sc_node_v1_0_14_top__parameterized4 |          3 |          3 |       0 |    0 |     2 |      0 |      0 |          0 |
|               inst_mi_handler                                                                         |                          xdma_ddr3_axi_smc_0_sc_node_v1_0_14_mi_handler__parameterized4 |        110 |         54 |      56 |    0 |   139 |      0 |      0 |          0 |
|                 (inst_mi_handler)                                                                     |                          xdma_ddr3_axi_smc_0_sc_node_v1_0_14_mi_handler__parameterized4 |          0 |          0 |       0 |    0 |     2 |      0 |      0 |          0 |
|                 gen_normal_area.gen_fi_regulator.inst_fi_regulator                                    |                                    xdma_ddr3_axi_smc_0_sc_node_v1_0_14_fi_regulator_404 |          1 |          1 |       0 |    0 |     2 |      0 |      0 |          0 |
|                 gen_normal_area.inst_fifo_node_payld                                                  |                     xdma_ddr3_axi_smc_0_sc_node_v1_0_14_fifo__parameterized7__xdcDup__1 |        105 |         49 |      56 |    0 |   129 |      0 |      0 |          0 |
|                   gen_xpm_memory_fifo.inst_fifo                                                       |           xdma_ddr3_axi_smc_0_sc_util_v1_0_4_xpm_memory_fifo__parameterized7__xdcDup__1 |        105 |         49 |      56 |    0 |   129 |      0 |      0 |          0 |
|                     (gen_xpm_memory_fifo.inst_fifo)                                                   |           xdma_ddr3_axi_smc_0_sc_util_v1_0_4_xpm_memory_fifo__parameterized7__xdcDup__1 |          7 |          7 |       0 |    0 |     4 |      0 |      0 |          0 |
|                     gen_async_clocks.inst_cdc_addra_to_rd_clk                                         |                                                    xdma_ddr3_axi_smc_0_xpm_cdc_gray__26 |          6 |          6 |       0 |    0 |    24 |      0 |      0 |          0 |
|                     gen_async_clocks.inst_cdc_addrb_to_wr_clk                                         |                                                        xdma_ddr3_axi_smc_0_xpm_cdc_gray |          6 |          6 |       0 |    0 |    24 |      0 |      0 |          0 |
|                     gen_mem_rep[0].inst_rd_addrb                                                      |                          xdma_ddr3_axi_smc_0_sc_util_v1_0_4_counter__parameterized0_408 |          6 |          6 |       0 |    0 |     6 |      0 |      0 |          0 |
|                     gen_mem_rep[0].inst_wr_addra                                                      |                          xdma_ddr3_axi_smc_0_sc_util_v1_0_4_counter__parameterized0_409 |          4 |          4 |       0 |    0 |     6 |      0 |      0 |          0 |
|                     gen_mem_rep[0].inst_xpm_memory                                                    |                                   xdma_ddr3_axi_smc_0_xpm_memory_sdpram__parameterized6 |         56 |          0 |      56 |    0 |    59 |      0 |      0 |          0 |
|                       xpm_memory_base_inst                                                            |                                     xdma_ddr3_axi_smc_0_xpm_memory_base__parameterized6 |         56 |          0 |      56 |    0 |    59 |      0 |      0 |          0 |
|                     gen_wr.inst_wr_addra_p1                                                           |                          xdma_ddr3_axi_smc_0_sc_util_v1_0_4_counter__parameterized1_410 |         20 |         20 |       0 |    0 |     6 |      0 |      0 |          0 |
|                 inst_ingress                                                                          |                                             xdma_ddr3_axi_smc_0_sc_node_v1_0_14_ingress |          4 |          4 |       0 |    0 |     6 |      0 |      0 |          0 |
|                   inst_incoming_count                                                                 |                          xdma_ddr3_axi_smc_0_sc_util_v1_0_4_counter__parameterized2_405 |          4 |          4 |       0 |    0 |     5 |      0 |      0 |          0 |
|                   inst_pipeline_valid                                                                 |                         xdma_ddr3_axi_smc_0_sc_util_v1_0_4_pipeline__parameterized3_407 |          0 |          0 |       0 |    0 |     1 |      0 |      0 |          0 |
|               inst_si_handler                                                                         |                                          xdma_ddr3_axi_smc_0_sc_node_v1_0_14_si_handler |         10 |         10 |       0 |    0 |    11 |      0 |      0 |          0 |
|                 (inst_si_handler)                                                                     |                                          xdma_ddr3_axi_smc_0_sc_node_v1_0_14_si_handler |          0 |          0 |       0 |    0 |     1 |      0 |      0 |          0 |
|                 gen_si_handler.gen_arbiter_rr_normal_area.inst_arbiter                                |                                      xdma_ddr3_axi_smc_0_sc_node_v1_0_14_arb_alg_rr_401 |          6 |          6 |       0 |    0 |     4 |      0 |      0 |          0 |
|                 gen_si_handler.gen_request_counters.gen_req_counter[0].inst_req_counter               |                                          xdma_ddr3_axi_smc_0_sc_util_v1_0_4_counter_402 |          2 |          2 |       0 |    0 |     3 |      0 |      0 |          0 |
|                 gen_si_handler.gen_request_counters.gen_req_counter[1].inst_req_counter               |                                          xdma_ddr3_axi_smc_0_sc_util_v1_0_4_counter_403 |          2 |          2 |       0 |    0 |     3 |      0 |      0 |          0 |
|               m_sc_xpm_cdc_async_rst_inst                                                             |                                               xdma_ddr3_axi_smc_0_xpm_cdc_async_rst__38 |          1 |          1 |       0 |    0 |     3 |      0 |      0 |          0 |
|               s_sc_xpm_cdc_async_rst_inst                                                             |                                               xdma_ddr3_axi_smc_0_xpm_cdc_async_rst__37 |          1 |          1 |       0 |    0 |     3 |      0 |      0 |          0 |
|           m01_aw_node                                                                                 |                                                    xdma_ddr3_axi_smc_0_bd_a1ba_m01awn_0 |        138 |         84 |      52 |    2 |   163 |      0 |      0 |          0 |
|             inst                                                                                      |                                 xdma_ddr3_axi_smc_0_sc_node_v1_0_14_top__parameterized5 |        138 |         84 |      52 |    2 |   163 |      0 |      0 |          0 |
|               (inst)                                                                                  |                                 xdma_ddr3_axi_smc_0_sc_node_v1_0_14_top__parameterized5 |          3 |          3 |       0 |    0 |     2 |      0 |      0 |          0 |
|               inst_mi_handler                                                                         |                          xdma_ddr3_axi_smc_0_sc_node_v1_0_14_mi_handler__parameterized5 |        106 |         54 |      52 |    0 |   134 |      0 |      0 |          0 |
|                 (inst_mi_handler)                                                                     |                          xdma_ddr3_axi_smc_0_sc_node_v1_0_14_mi_handler__parameterized5 |          0 |          0 |       0 |    0 |     2 |      0 |      0 |          0 |
|                 gen_normal_area.gen_fi_regulator.inst_fi_regulator                                    |                                    xdma_ddr3_axi_smc_0_sc_node_v1_0_14_fi_regulator_394 |          0 |          0 |       0 |    0 |     2 |      0 |      0 |          0 |
|                 gen_normal_area.inst_fifo_node_payld                                                  |                                xdma_ddr3_axi_smc_0_sc_node_v1_0_14_fifo__parameterized7 |        102 |         50 |      52 |    0 |   124 |      0 |      0 |          0 |
|                   gen_xpm_memory_fifo.inst_fifo                                                       |                      xdma_ddr3_axi_smc_0_sc_util_v1_0_4_xpm_memory_fifo__parameterized7 |        102 |         50 |      52 |    0 |   124 |      0 |      0 |          0 |
|                     (gen_xpm_memory_fifo.inst_fifo)                                                   |                      xdma_ddr3_axi_smc_0_sc_util_v1_0_4_xpm_memory_fifo__parameterized7 |          8 |          8 |       0 |    0 |     4 |      0 |      0 |          0 |
|                     gen_async_clocks.inst_cdc_addra_to_rd_clk                                         |                                                    xdma_ddr3_axi_smc_0_xpm_cdc_gray__24 |          6 |          6 |       0 |    0 |    24 |      0 |      0 |          0 |
|                     gen_async_clocks.inst_cdc_addrb_to_wr_clk                                         |                                                    xdma_ddr3_axi_smc_0_xpm_cdc_gray__25 |          6 |          6 |       0 |    0 |    24 |      0 |      0 |          0 |
|                     gen_mem_rep[0].inst_rd_addrb                                                      |                          xdma_ddr3_axi_smc_0_sc_util_v1_0_4_counter__parameterized0_398 |          6 |          6 |       0 |    0 |     6 |      0 |      0 |          0 |
|                     gen_mem_rep[0].inst_wr_addra                                                      |                          xdma_ddr3_axi_smc_0_sc_util_v1_0_4_counter__parameterized0_399 |          4 |          4 |       0 |    0 |     6 |      0 |      0 |          0 |
|                     gen_mem_rep[0].inst_xpm_memory                                                    |                                xdma_ddr3_axi_smc_0_xpm_memory_sdpram__parameterized6__2 |         52 |          0 |      52 |    0 |    54 |      0 |      0 |          0 |
|                       xpm_memory_base_inst                                                            |                                  xdma_ddr3_axi_smc_0_xpm_memory_base__parameterized6__2 |         52 |          0 |      52 |    0 |    54 |      0 |      0 |          0 |
|                     gen_wr.inst_wr_addra_p1                                                           |                          xdma_ddr3_axi_smc_0_sc_util_v1_0_4_counter__parameterized1_400 |         20 |         20 |       0 |    0 |     6 |      0 |      0 |          0 |
|                 inst_ingress                                                                          |                             xdma_ddr3_axi_smc_0_sc_node_v1_0_14_ingress__parameterized0 |          4 |          4 |       0 |    0 |     6 |      0 |      0 |          0 |
|                   inst_incoming_count                                                                 |                          xdma_ddr3_axi_smc_0_sc_util_v1_0_4_counter__parameterized2_395 |          4 |          4 |       0 |    0 |     5 |      0 |      0 |          0 |
|                   inst_pipeline_valid                                                                 |                         xdma_ddr3_axi_smc_0_sc_util_v1_0_4_pipeline__parameterized3_397 |          0 |          0 |       0 |    0 |     1 |      0 |      0 |          0 |
|               inst_si_handler                                                                         |                          xdma_ddr3_axi_smc_0_sc_node_v1_0_14_si_handler__parameterized0 |         27 |         25 |       0 |    2 |    21 |      0 |      0 |          0 |
|                 (inst_si_handler)                                                                     |                          xdma_ddr3_axi_smc_0_sc_node_v1_0_14_si_handler__parameterized0 |          0 |          0 |       0 |    0 |     1 |      0 |      0 |          0 |
|                 gen_m_axis_arb_fifo.inst_axis_arb_fifo                                                |                    xdma_ddr3_axi_smc_0_sc_util_v1_0_4_axic_reg_srl_fifo__parameterized1 |         15 |         13 |       0 |    2 |    10 |      0 |      0 |          0 |
|                   (gen_m_axis_arb_fifo.inst_axis_arb_fifo)                                            |                    xdma_ddr3_axi_smc_0_sc_util_v1_0_4_axic_reg_srl_fifo__parameterized1 |         13 |         13 |       0 |    0 |    10 |      0 |      0 |          0 |
|                   gen_srls[0].srl_nx1                                                                 |                          xdma_ddr3_axi_smc_0_sc_util_v1_0_4_srl_rtl__parameterized0_392 |          1 |          0 |       0 |    1 |     0 |      0 |      0 |          0 |
|                   gen_srls[1].srl_nx1                                                                 |                          xdma_ddr3_axi_smc_0_sc_util_v1_0_4_srl_rtl__parameterized0_393 |          2 |          1 |       0 |    1 |     0 |      0 |      0 |          0 |
|                 gen_si_handler.gen_arbiter_rr_normal_area.inst_arbiter                                |                                      xdma_ddr3_axi_smc_0_sc_node_v1_0_14_arb_alg_rr_389 |          7 |          7 |       0 |    0 |     4 |      0 |      0 |          0 |
|                 gen_si_handler.gen_request_counters.gen_req_counter[0].inst_req_counter               |                                          xdma_ddr3_axi_smc_0_sc_util_v1_0_4_counter_390 |          2 |          2 |       0 |    0 |     3 |      0 |      0 |          0 |
|                 gen_si_handler.gen_request_counters.gen_req_counter[1].inst_req_counter               |                                          xdma_ddr3_axi_smc_0_sc_util_v1_0_4_counter_391 |          3 |          3 |       0 |    0 |     3 |      0 |      0 |          0 |
|               m_sc_xpm_cdc_async_rst_inst                                                             |                                               xdma_ddr3_axi_smc_0_xpm_cdc_async_rst__36 |          1 |          1 |       0 |    0 |     3 |      0 |      0 |          0 |
|               s_sc_xpm_cdc_async_rst_inst                                                             |                                               xdma_ddr3_axi_smc_0_xpm_cdc_async_rst__35 |          1 |          1 |       0 |    0 |     3 |      0 |      0 |          0 |
|           m01_b_node                                                                                  |                                                     xdma_ddr3_axi_smc_0_bd_a1ba_m01bn_0 |        118 |        108 |      10 |    0 |   170 |      0 |      0 |          0 |
|             inst                                                                                      |                                 xdma_ddr3_axi_smc_0_sc_node_v1_0_14_top__parameterized6 |        118 |        108 |      10 |    0 |   170 |      0 |      0 |          0 |
|               (inst)                                                                                  |                                 xdma_ddr3_axi_smc_0_sc_node_v1_0_14_top__parameterized6 |          3 |          3 |       0 |    0 |     2 |      0 |      0 |          0 |
|               inst_mi_handler                                                                         |                          xdma_ddr3_axi_smc_0_sc_node_v1_0_14_mi_handler__parameterized6 |        112 |        102 |      10 |    0 |   161 |      0 |      0 |          0 |
|                 (inst_mi_handler)                                                                     |                          xdma_ddr3_axi_smc_0_sc_node_v1_0_14_mi_handler__parameterized6 |          0 |          0 |       0 |    0 |     2 |      0 |      0 |          0 |
|                 gen_normal_area.gen_fifo_req.inst_fifo_req                                            |                                xdma_ddr3_axi_smc_0_sc_node_v1_0_14_fifo__parameterized8 |         45 |         41 |       4 |    0 |    71 |      0 |      0 |          0 |
|                   gen_xpm_memory_fifo.inst_fifo                                                       |                      xdma_ddr3_axi_smc_0_sc_util_v1_0_4_xpm_memory_fifo__parameterized8 |         45 |         41 |       4 |    0 |    71 |      0 |      0 |          0 |
|                     (gen_xpm_memory_fifo.inst_fifo)                                                   |                      xdma_ddr3_axi_smc_0_sc_util_v1_0_4_xpm_memory_fifo__parameterized8 |          7 |          7 |       0 |    0 |     3 |      0 |      0 |          0 |
|                     gen_async_clocks.inst_cdc_addra_to_rd_clk                                         |                                                    xdma_ddr3_axi_smc_0_xpm_cdc_gray__22 |          6 |          6 |       0 |    0 |    24 |      0 |      0 |          0 |
|                     gen_async_clocks.inst_cdc_addrb_to_wr_clk                                         |                                                    xdma_ddr3_axi_smc_0_xpm_cdc_gray__23 |          6 |          6 |       0 |    0 |    24 |      0 |      0 |          0 |
|                     gen_mem_rep[0].inst_rd_addrb                                                      |                          xdma_ddr3_axi_smc_0_sc_util_v1_0_4_counter__parameterized0_386 |          6 |          6 |       0 |    0 |     6 |      0 |      0 |          0 |
|                     gen_mem_rep[0].inst_wr_addra                                                      |                          xdma_ddr3_axi_smc_0_sc_util_v1_0_4_counter__parameterized0_387 |          5 |          5 |       0 |    0 |     6 |      0 |      0 |          0 |
|                     gen_mem_rep[0].inst_xpm_memory                                                    |                                   xdma_ddr3_axi_smc_0_xpm_memory_sdpram__parameterized7 |          4 |          0 |       4 |    0 |     2 |      0 |      0 |          0 |
|                       xpm_memory_base_inst                                                            |                                     xdma_ddr3_axi_smc_0_xpm_memory_base__parameterized7 |          4 |          0 |       4 |    0 |     2 |      0 |      0 |          0 |
|                     gen_wr.inst_wr_addra_p1                                                           |                          xdma_ddr3_axi_smc_0_sc_util_v1_0_4_counter__parameterized1_388 |         11 |         11 |       0 |    0 |     6 |      0 |      0 |          0 |
|                 gen_normal_area.inst_fifo_node_payld                                                  |                                xdma_ddr3_axi_smc_0_sc_node_v1_0_14_fifo__parameterized9 |         55 |         49 |       6 |    0 |    77 |      0 |      0 |          0 |
|                   gen_xpm_memory_fifo.inst_fifo                                                       |                      xdma_ddr3_axi_smc_0_sc_util_v1_0_4_xpm_memory_fifo__parameterized9 |         55 |         49 |       6 |    0 |    77 |      0 |      0 |          0 |
|                     (gen_xpm_memory_fifo.inst_fifo)                                                   |                      xdma_ddr3_axi_smc_0_sc_util_v1_0_4_xpm_memory_fifo__parameterized9 |          6 |          6 |       0 |    0 |     4 |      0 |      0 |          0 |
|                     gen_async_clocks.inst_cdc_addra_to_rd_clk                                         |                                                    xdma_ddr3_axi_smc_0_xpm_cdc_gray__20 |          6 |          6 |       0 |    0 |    24 |      0 |      0 |          0 |
|                     gen_async_clocks.inst_cdc_addrb_to_wr_clk                                         |                                                    xdma_ddr3_axi_smc_0_xpm_cdc_gray__21 |          6 |          6 |       0 |    0 |    24 |      0 |      0 |          0 |
|                     gen_mem_rep[0].inst_rd_addrb                                                      |                          xdma_ddr3_axi_smc_0_sc_util_v1_0_4_counter__parameterized0_383 |          4 |          4 |       0 |    0 |     6 |      0 |      0 |          0 |
|                     gen_mem_rep[0].inst_wr_addra                                                      |                          xdma_ddr3_axi_smc_0_sc_util_v1_0_4_counter__parameterized0_384 |          5 |          5 |       0 |    0 |     6 |      0 |      0 |          0 |
|                     gen_mem_rep[0].inst_xpm_memory                                                    |                                   xdma_ddr3_axi_smc_0_xpm_memory_sdpram__parameterized8 |          6 |          0 |       6 |    0 |     7 |      0 |      0 |          0 |
|                       xpm_memory_base_inst                                                            |                                     xdma_ddr3_axi_smc_0_xpm_memory_base__parameterized8 |          6 |          0 |       6 |    0 |     7 |      0 |      0 |          0 |
|                     gen_wr.inst_wr_addra_p1                                                           |                          xdma_ddr3_axi_smc_0_sc_util_v1_0_4_counter__parameterized1_385 |         22 |         22 |       0 |    0 |     6 |      0 |      0 |          0 |
|                 gen_normal_area.inst_fifo_send                                                        |                      xdma_ddr3_axi_smc_0_sc_node_v1_0_14_reg_slice3__parameterized0_382 |         12 |         12 |       0 |    0 |    11 |      0 |      0 |          0 |
|               inst_si_handler                                                                         |                          xdma_ddr3_axi_smc_0_sc_node_v1_0_14_si_handler__parameterized1 |          1 |          1 |       0 |    0 |     1 |      0 |      0 |          0 |
|               m_sc_xpm_cdc_async_rst_inst                                                             |                                               xdma_ddr3_axi_smc_0_xpm_cdc_async_rst__34 |          1 |          1 |       0 |    0 |     3 |      0 |      0 |          0 |
|               s_sc_xpm_cdc_async_rst_inst                                                             |                                               xdma_ddr3_axi_smc_0_xpm_cdc_async_rst__33 |          1 |          1 |       0 |    0 |     3 |      0 |      0 |          0 |
|           m01_r_node                                                                                  |                                                     xdma_ddr3_axi_smc_0_bd_a1ba_m01rn_0 |        217 |        117 |     100 |    0 |   449 |      0 |      0 |          0 |
|             inst                                                                                      |                                 xdma_ddr3_axi_smc_0_sc_node_v1_0_14_top__parameterized7 |        217 |        117 |     100 |    0 |   449 |      0 |      0 |          0 |
|               (inst)                                                                                  |                                 xdma_ddr3_axi_smc_0_sc_node_v1_0_14_top__parameterized7 |          3 |          3 |       0 |    0 |     2 |      0 |      0 |          0 |
|               inst_mi_handler                                                                         |                          xdma_ddr3_axi_smc_0_sc_node_v1_0_14_mi_handler__parameterized7 |        211 |        111 |     100 |    0 |   440 |      0 |      0 |          0 |
|                 (inst_mi_handler)                                                                     |                          xdma_ddr3_axi_smc_0_sc_node_v1_0_14_mi_handler__parameterized7 |          0 |          0 |       0 |    0 |     2 |      0 |      0 |          0 |
|                 gen_normal_area.gen_fi_regulator.inst_fi_regulator                                    |                                    xdma_ddr3_axi_smc_0_sc_node_v1_0_14_fi_regulator_373 |          1 |          1 |       0 |    0 |     2 |      0 |      0 |          0 |
|                 gen_normal_area.gen_fifo_req.inst_fifo_req                                            |                               xdma_ddr3_axi_smc_0_sc_node_v1_0_14_fifo__parameterized10 |         44 |         40 |       4 |    0 |    71 |      0 |      0 |          0 |
|                   gen_xpm_memory_fifo.inst_fifo                                                       |                     xdma_ddr3_axi_smc_0_sc_util_v1_0_4_xpm_memory_fifo__parameterized10 |         44 |         40 |       4 |    0 |    71 |      0 |      0 |          0 |
|                     (gen_xpm_memory_fifo.inst_fifo)                                                   |                     xdma_ddr3_axi_smc_0_sc_util_v1_0_4_xpm_memory_fifo__parameterized10 |          7 |          7 |       0 |    0 |     3 |      0 |      0 |          0 |
|                     gen_async_clocks.inst_cdc_addra_to_rd_clk                                         |                                                    xdma_ddr3_axi_smc_0_xpm_cdc_gray__18 |          6 |          6 |       0 |    0 |    24 |      0 |      0 |          0 |
|                     gen_async_clocks.inst_cdc_addrb_to_wr_clk                                         |                                                    xdma_ddr3_axi_smc_0_xpm_cdc_gray__19 |          6 |          6 |       0 |    0 |    24 |      0 |      0 |          0 |
|                     gen_mem_rep[0].inst_rd_addrb                                                      |                          xdma_ddr3_axi_smc_0_sc_util_v1_0_4_counter__parameterized0_379 |          6 |          6 |       0 |    0 |     6 |      0 |      0 |          0 |
|                     gen_mem_rep[0].inst_wr_addra                                                      |                          xdma_ddr3_axi_smc_0_sc_util_v1_0_4_counter__parameterized0_380 |          4 |          4 |       0 |    0 |     6 |      0 |      0 |          0 |
|                     gen_mem_rep[0].inst_xpm_memory                                                    |                                xdma_ddr3_axi_smc_0_xpm_memory_sdpram__parameterized7__1 |          4 |          0 |       4 |    0 |     2 |      0 |      0 |          0 |
|                       xpm_memory_base_inst                                                            |                                  xdma_ddr3_axi_smc_0_xpm_memory_base__parameterized7__1 |          4 |          0 |       4 |    0 |     2 |      0 |      0 |          0 |
|                     gen_wr.inst_wr_addra_p1                                                           |                          xdma_ddr3_axi_smc_0_sc_util_v1_0_4_counter__parameterized1_381 |         11 |         11 |       0 |    0 |     6 |      0 |      0 |          0 |
|                 gen_normal_area.gen_upsizer.inst_upsizer                                              |                                             xdma_ddr3_axi_smc_0_sc_node_v1_0_14_upsizer |         10 |         10 |       0 |    0 |   150 |      0 |      0 |          0 |
|                   (gen_normal_area.gen_upsizer.inst_upsizer)                                          |                                             xdma_ddr3_axi_smc_0_sc_node_v1_0_14_upsizer |          9 |          9 |       0 |    0 |   145 |      0 |      0 |          0 |
|                   inst_upsizer_target_pipeline                                                        |                         xdma_ddr3_axi_smc_0_sc_util_v1_0_4_pipeline__parameterized7_378 |          1 |          1 |       0 |    0 |     5 |      0 |      0 |          0 |
|                 gen_normal_area.inst_fifo_node_payld                                                  |                               xdma_ddr3_axi_smc_0_sc_node_v1_0_14_fifo__parameterized11 |        144 |         48 |      96 |    0 |   204 |      0 |      0 |          0 |
|                   gen_xpm_memory_fifo.inst_fifo                                                       |                     xdma_ddr3_axi_smc_0_sc_util_v1_0_4_xpm_memory_fifo__parameterized11 |        144 |         48 |      96 |    0 |   204 |      0 |      0 |          0 |
|                     (gen_xpm_memory_fifo.inst_fifo)                                                   |                     xdma_ddr3_axi_smc_0_sc_util_v1_0_4_xpm_memory_fifo__parameterized11 |          8 |          8 |       0 |    0 |     4 |      0 |      0 |          0 |
|                     gen_async_clocks.inst_cdc_addra_to_rd_clk                                         |                                                    xdma_ddr3_axi_smc_0_xpm_cdc_gray__16 |          6 |          6 |       0 |    0 |    24 |      0 |      0 |          0 |
|                     gen_async_clocks.inst_cdc_addrb_to_wr_clk                                         |                                                    xdma_ddr3_axi_smc_0_xpm_cdc_gray__17 |          6 |          6 |       0 |    0 |    24 |      0 |      0 |          0 |
|                     gen_mem_rep[0].inst_rd_addrb                                                      |                          xdma_ddr3_axi_smc_0_sc_util_v1_0_4_counter__parameterized0_375 |          4 |          4 |       0 |    0 |     6 |      0 |      0 |          0 |
|                     gen_mem_rep[0].inst_wr_addra                                                      |                          xdma_ddr3_axi_smc_0_sc_util_v1_0_4_counter__parameterized0_376 |          4 |          4 |       0 |    0 |     6 |      0 |      0 |          0 |
|                     gen_mem_rep[0].inst_xpm_memory                                                    |                                   xdma_ddr3_axi_smc_0_xpm_memory_sdpram__parameterized9 |         96 |          0 |      96 |    0 |   134 |      0 |      0 |          0 |
|                       xpm_memory_base_inst                                                            |                                     xdma_ddr3_axi_smc_0_xpm_memory_base__parameterized9 |         96 |          0 |      96 |    0 |   134 |      0 |      0 |          0 |
|                     gen_wr.inst_wr_addra_p1                                                           |                          xdma_ddr3_axi_smc_0_sc_util_v1_0_4_counter__parameterized1_377 |         20 |         20 |       0 |    0 |     6 |      0 |      0 |          0 |
|                 gen_normal_area.inst_fifo_send                                                        |                      xdma_ddr3_axi_smc_0_sc_node_v1_0_14_reg_slice3__parameterized0_374 |         12 |         12 |       0 |    0 |    11 |      0 |      0 |          0 |
|               inst_si_handler                                                                         |                          xdma_ddr3_axi_smc_0_sc_node_v1_0_14_si_handler__parameterized2 |          1 |          1 |       0 |    0 |     1 |      0 |      0 |          0 |
|               m_sc_xpm_cdc_async_rst_inst                                                             |                                               xdma_ddr3_axi_smc_0_xpm_cdc_async_rst__32 |          1 |          1 |       0 |    0 |     3 |      0 |      0 |          0 |
|               s_sc_xpm_cdc_async_rst_inst                                                             |                                               xdma_ddr3_axi_smc_0_xpm_cdc_async_rst__31 |          1 |          1 |       0 |    0 |     3 |      0 |      0 |          0 |
|           m01_w_node                                                                                  |                                                     xdma_ddr3_axi_smc_0_bd_a1ba_m01wn_0 |        270 |        162 |     108 |    0 |   263 |      0 |      0 |          0 |
|             inst                                                                                      |                                 xdma_ddr3_axi_smc_0_sc_node_v1_0_14_top__parameterized8 |        270 |        162 |     108 |    0 |   263 |      0 |      0 |          0 |
|               (inst)                                                                                  |                                 xdma_ddr3_axi_smc_0_sc_node_v1_0_14_top__parameterized8 |          3 |          3 |       0 |    0 |     2 |      0 |      0 |          0 |
|               inst_mi_handler                                                                         |                          xdma_ddr3_axi_smc_0_sc_node_v1_0_14_mi_handler__parameterized8 |        234 |        130 |     104 |    0 |   231 |      0 |      0 |          0 |
|                 (inst_mi_handler)                                                                     |                          xdma_ddr3_axi_smc_0_sc_node_v1_0_14_mi_handler__parameterized8 |          0 |          0 |       0 |    0 |     2 |      0 |      0 |          0 |
|                 gen_normal_area.gen_downsizer.inst_downsizer                                          |                                           xdma_ddr3_axi_smc_0_sc_node_v1_0_14_downsizer |          0 |          0 |       0 |    0 |     3 |      0 |      0 |          0 |
|                 gen_normal_area.gen_fi_regulator.inst_fi_regulator                                    |                                    xdma_ddr3_axi_smc_0_sc_node_v1_0_14_fi_regulator_367 |          1 |          1 |       0 |    0 |     2 |      0 |      0 |          0 |
|                 gen_normal_area.inst_fifo_node_payld                                                  |                               xdma_ddr3_axi_smc_0_sc_node_v1_0_14_fifo__parameterized12 |        229 |        125 |     104 |    0 |   217 |      0 |      0 |          0 |
|                   gen_xpm_memory_fifo.inst_fifo                                                       |                     xdma_ddr3_axi_smc_0_sc_util_v1_0_4_xpm_memory_fifo__parameterized12 |        229 |        125 |     104 |    0 |   217 |      0 |      0 |          0 |
|                     (gen_xpm_memory_fifo.inst_fifo)                                                   |                     xdma_ddr3_axi_smc_0_sc_util_v1_0_4_xpm_memory_fifo__parameterized12 |         84 |         84 |       0 |    0 |     4 |      0 |      0 |          0 |
|                     gen_async_clocks.inst_cdc_addra_to_rd_clk                                         |                                                    xdma_ddr3_axi_smc_0_xpm_cdc_gray__14 |          6 |          6 |       0 |    0 |    24 |      0 |      0 |          0 |
|                     gen_async_clocks.inst_cdc_addrb_to_wr_clk                                         |                                                    xdma_ddr3_axi_smc_0_xpm_cdc_gray__15 |          6 |          6 |       0 |    0 |    24 |      0 |      0 |          0 |
|                     gen_mem_rep[0].inst_rd_addrb                                                      |                          xdma_ddr3_axi_smc_0_sc_util_v1_0_4_counter__parameterized0_370 |          5 |          5 |       0 |    0 |     6 |      0 |      0 |          0 |
|                     gen_mem_rep[0].inst_wr_addra                                                      |                          xdma_ddr3_axi_smc_0_sc_util_v1_0_4_counter__parameterized0_371 |          4 |          4 |       0 |    0 |     6 |      0 |      0 |          0 |
|                     gen_mem_rep[0].inst_xpm_memory                                                    |                                  xdma_ddr3_axi_smc_0_xpm_memory_sdpram__parameterized10 |        104 |          0 |     104 |    0 |   147 |      0 |      0 |          0 |
|                       xpm_memory_base_inst                                                            |                                    xdma_ddr3_axi_smc_0_xpm_memory_base__parameterized10 |        104 |          0 |     104 |    0 |   147 |      0 |      0 |          0 |
|                     gen_wr.inst_wr_addra_p1                                                           |                          xdma_ddr3_axi_smc_0_sc_util_v1_0_4_counter__parameterized1_372 |         20 |         20 |       0 |    0 |     6 |      0 |      0 |          0 |
|                 inst_ingress                                                                          |                             xdma_ddr3_axi_smc_0_sc_node_v1_0_14_ingress__parameterized3 |          4 |          4 |       0 |    0 |     7 |      0 |      0 |          0 |
|                   inst_incoming_count                                                                 |                              xdma_ddr3_axi_smc_0_sc_util_v1_0_4_counter__parameterized2 |          4 |          4 |       0 |    0 |     5 |      0 |      0 |          0 |
|                   inst_pipeline_recv                                                                  |                         xdma_ddr3_axi_smc_0_sc_util_v1_0_4_pipeline__parameterized4_368 |          0 |          0 |       0 |    0 |     1 |      0 |      0 |          0 |
|                   inst_pipeline_valid                                                                 |                         xdma_ddr3_axi_smc_0_sc_util_v1_0_4_pipeline__parameterized3_369 |          0 |          0 |       0 |    0 |     1 |      0 |      0 |          0 |
|               inst_si_handler                                                                         |                          xdma_ddr3_axi_smc_0_sc_node_v1_0_14_si_handler__parameterized3 |         31 |         27 |       4 |    0 |    24 |      0 |      0 |          0 |
|                 (inst_si_handler)                                                                     |                          xdma_ddr3_axi_smc_0_sc_node_v1_0_14_si_handler__parameterized3 |          0 |          0 |       0 |    0 |     1 |      0 |      0 |          0 |
|                 gen_si_handler.gen_axis_packet_slave_normal_area.inst_allow_transfer_late             |                         xdma_ddr3_axi_smc_0_sc_util_v1_0_4_pipeline__parameterized3_362 |          1 |          1 |       0 |    0 |     1 |      0 |      0 |          0 |
|                 gen_si_handler.gen_request_fifos.gen_req_fifo[0].inst_req_fifo                        |                     xdma_ddr3_axi_smc_0_sc_node_v1_0_14_fifo__parameterized5__xdcDup__3 |         15 |         13 |       2 |    0 |    11 |      0 |      0 |          0 |
|                   gen_xpm_memory_fifo.inst_fifo                                                       |           xdma_ddr3_axi_smc_0_sc_util_v1_0_4_xpm_memory_fifo__parameterized5__xdcDup__3 |         15 |         13 |       2 |    0 |    11 |      0 |      0 |          0 |
|                     (gen_xpm_memory_fifo.inst_fifo)                                                   |           xdma_ddr3_axi_smc_0_sc_util_v1_0_4_xpm_memory_fifo__parameterized5__xdcDup__3 |          3 |          3 |       0 |    0 |     2 |      0 |      0 |          0 |
|                     gen_mem_rep[0].inst_rd_addrb                                                      |                          xdma_ddr3_axi_smc_0_sc_util_v1_0_4_counter__parameterized3_364 |          2 |          2 |       0 |    0 |     3 |      0 |      0 |          0 |
|                     gen_mem_rep[0].inst_wr_addra                                                      |                          xdma_ddr3_axi_smc_0_sc_util_v1_0_4_counter__parameterized3_365 |          2 |          2 |       0 |    0 |     3 |      0 |      0 |          0 |
|                     gen_mem_rep[0].inst_xpm_memory                                                    |                                xdma_ddr3_axi_smc_0_xpm_memory_sdpram__parameterized4__5 |          2 |          0 |       2 |    0 |     0 |      0 |      0 |          0 |
|                       xpm_memory_base_inst                                                            |                                  xdma_ddr3_axi_smc_0_xpm_memory_base__parameterized4__5 |          2 |          0 |       2 |    0 |     0 |      0 |      0 |          0 |
|                     gen_wr.inst_wr_addra_p1                                                           |                          xdma_ddr3_axi_smc_0_sc_util_v1_0_4_counter__parameterized4_366 |          6 |          6 |       0 |    0 |     3 |      0 |      0 |          0 |
|                 gen_si_handler.gen_request_fifos.gen_req_fifo[1].inst_req_fifo                        |                                xdma_ddr3_axi_smc_0_sc_node_v1_0_14_fifo__parameterized5 |         15 |         13 |       2 |    0 |    11 |      0 |      0 |          0 |
|                   gen_xpm_memory_fifo.inst_fifo                                                       |                      xdma_ddr3_axi_smc_0_sc_util_v1_0_4_xpm_memory_fifo__parameterized5 |         15 |         13 |       2 |    0 |    11 |      0 |      0 |          0 |
|                     (gen_xpm_memory_fifo.inst_fifo)                                                   |                      xdma_ddr3_axi_smc_0_sc_util_v1_0_4_xpm_memory_fifo__parameterized5 |          3 |          3 |       0 |    0 |     2 |      0 |      0 |          0 |
|                     gen_mem_rep[0].inst_rd_addrb                                                      |                              xdma_ddr3_axi_smc_0_sc_util_v1_0_4_counter__parameterized3 |          3 |          3 |       0 |    0 |     3 |      0 |      0 |          0 |
|                     gen_mem_rep[0].inst_wr_addra                                                      |                          xdma_ddr3_axi_smc_0_sc_util_v1_0_4_counter__parameterized3_363 |          2 |          2 |       0 |    0 |     3 |      0 |      0 |          0 |
|                     gen_mem_rep[0].inst_xpm_memory                                                    |                                xdma_ddr3_axi_smc_0_xpm_memory_sdpram__parameterized4__4 |          2 |          0 |       2 |    0 |     0 |      0 |      0 |          0 |
|                       xpm_memory_base_inst                                                            |                                  xdma_ddr3_axi_smc_0_xpm_memory_base__parameterized4__4 |          2 |          0 |       2 |    0 |     0 |      0 |      0 |          0 |
|                     gen_wr.inst_wr_addra_p1                                                           |                              xdma_ddr3_axi_smc_0_sc_util_v1_0_4_counter__parameterized4 |          6 |          6 |       0 |    0 |     3 |      0 |      0 |          0 |
|               m_sc_xpm_cdc_async_rst_inst                                                             |                                               xdma_ddr3_axi_smc_0_xpm_cdc_async_rst__30 |          1 |          1 |       0 |    0 |     3 |      0 |      0 |          0 |
|               s_sc_xpm_cdc_async_rst_inst                                                             |                                               xdma_ddr3_axi_smc_0_xpm_cdc_async_rst__29 |          1 |          1 |       0 |    0 |     3 |      0 |      0 |          0 |
|         m01_sc2axi                                                                                    |                                                    xdma_ddr3_axi_smc_0_bd_a1ba_m01s2a_0 |          0 |          0 |       0 |    0 |     0 |      0 |      0 |          0 |
|           inst                                                                                        |                                xdma_ddr3_axi_smc_0_sc_sc2axi_v1_0_7_top__parameterized0 |          0 |          0 |       0 |    0 |     0 |      0 |      0 |          0 |
|         s00_axi2sc                                                                                    |                                                    xdma_ddr3_axi_smc_0_bd_a1ba_s00a2s_0 |          0 |          0 |       0 |    0 |     0 |      0 |      0 |          0 |
|           inst                                                                                        |                                                xdma_ddr3_axi_smc_0_sc_axi2sc_v1_0_7_top |          0 |          0 |       0 |    0 |     0 |      0 |      0 |          0 |
|         s00_entry_pipeline                                                                            |                                      xdma_ddr3_axi_smc_0_s00_entry_pipeline_imp_174YGSO |       1516 |       1493 |       0 |   23 |  2487 |      0 |      0 |          0 |
|           s00_mmu                                                                                     |                                                    xdma_ddr3_axi_smc_0_bd_a1ba_s00mmu_0 |        637 |        635 |       0 |    2 |  1278 |      0 |      0 |          0 |
|             inst                                                                                      |                                                  xdma_ddr3_axi_smc_0_sc_mmu_v1_0_10_top |        637 |        635 |       0 |    2 |  1278 |      0 |      0 |          0 |
|               (inst)                                                                                  |                                                  xdma_ddr3_axi_smc_0_sc_mmu_v1_0_10_top |          9 |          9 |       0 |    0 |    29 |      0 |      0 |          0 |
|               ar_reg_stall                                                                            |                                    xdma_ddr3_axi_smc_0_sc_util_v1_0_4_axi_reg_stall_351 |         55 |         55 |       0 |    0 |   160 |      0 |      0 |          0 |
|               ar_sreg                                                                                 |                                    xdma_ddr3_axi_smc_0_sc_util_v1_0_4_axi_reg_stall_352 |         77 |         77 |       0 |    0 |   158 |      0 |      0 |          0 |
|               aw_reg_stall                                                                            |                                    xdma_ddr3_axi_smc_0_sc_util_v1_0_4_axi_reg_stall_353 |         54 |         54 |       0 |    0 |   162 |      0 |      0 |          0 |
|               aw_sreg                                                                                 |                                    xdma_ddr3_axi_smc_0_sc_util_v1_0_4_axi_reg_stall_354 |         79 |         79 |       0 |    0 |   160 |      0 |      0 |          0 |
|               b_sreg                                                                                  |                                    xdma_ddr3_axi_smc_0_sc_util_v1_0_4_axi_reg_stall_355 |         12 |         12 |       0 |    0 |    12 |      0 |      0 |          0 |
|               gen_endpoint.decerr_slave_inst                                                          |                                         xdma_ddr3_axi_smc_0_sc_mmu_v1_0_10_decerr_slave |         34 |         34 |       0 |    0 |    20 |      0 |      0 |          0 |
|               gen_wroute_fifo.wroute_fifo                                                             |                xdma_ddr3_axi_smc_0_sc_util_v1_0_4_axic_reg_srl_fifo__parameterized2_356 |         23 |         21 |       0 |    2 |    10 |      0 |      0 |          0 |
|                 (gen_wroute_fifo.wroute_fifo)                                                         |                xdma_ddr3_axi_smc_0_sc_util_v1_0_4_axic_reg_srl_fifo__parameterized2_356 |         18 |         18 |       0 |    0 |    10 |      0 |      0 |          0 |
|                 gen_srls[0].srl_nx1                                                                   |                          xdma_ddr3_axi_smc_0_sc_util_v1_0_4_srl_rtl__parameterized0_360 |          3 |          2 |       0 |    1 |     0 |      0 |      0 |          0 |
|                 gen_srls[1].srl_nx1                                                                   |                          xdma_ddr3_axi_smc_0_sc_util_v1_0_4_srl_rtl__parameterized0_361 |          2 |          1 |       0 |    1 |     0 |      0 |      0 |          0 |
|               gen_wroute_fifo.wroute_split                                                            |                                     xdma_ddr3_axi_smc_0_sc_util_v1_0_4_axi_splitter_357 |          4 |          4 |       0 |    0 |     2 |      0 |      0 |          0 |
|               r_sreg                                                                                  |                                    xdma_ddr3_axi_smc_0_sc_util_v1_0_4_axi_reg_stall_358 |        207 |        207 |       0 |    0 |   268 |      0 |      0 |          0 |
|               w_sreg                                                                                  |                                    xdma_ddr3_axi_smc_0_sc_util_v1_0_4_axi_reg_stall_359 |         85 |         85 |       0 |    0 |   294 |      0 |      0 |          0 |
|               xpm_cdc_async_rst_inst                                                                  |                                                xdma_ddr3_axi_smc_0_xpm_cdc_async_rst__3 |          1 |          1 |       0 |    0 |     3 |      0 |      0 |          0 |
|           s00_si_converter                                                                            |                                                    xdma_ddr3_axi_smc_0_bd_a1ba_s00sic_0 |        597 |        576 |       0 |   21 |   553 |      0 |      0 |          0 |
|             inst                                                                                      |                                         xdma_ddr3_axi_smc_0_sc_si_converter_v1_0_10_top |        597 |        576 |       0 |   21 |   553 |      0 |      0 |          0 |
|               (inst)                                                                                  |                                         xdma_ddr3_axi_smc_0_sc_si_converter_v1_0_10_top |          1 |          1 |       0 |    0 |     1 |      0 |      0 |          0 |
|               gen_normal.splitter_inst                                                                |                                    xdma_ddr3_axi_smc_0_sc_si_converter_v1_0_10_splitter |        595 |        574 |       0 |   21 |   549 |      0 |      0 |          0 |
|                 (gen_normal.splitter_inst)                                                            |                                    xdma_ddr3_axi_smc_0_sc_si_converter_v1_0_10_splitter |        152 |        152 |       0 |    0 |   200 |      0 |      0 |          0 |
|                 ar_cmd_reg                                                                            |                                    xdma_ddr3_axi_smc_0_sc_util_v1_0_4_axi_reg_stall_324 |        138 |        138 |       0 |    0 |   134 |      0 |      0 |          0 |
|                 aw_cmd_reg                                                                            |                                    xdma_ddr3_axi_smc_0_sc_util_v1_0_4_axi_reg_stall_325 |        118 |        118 |       0 |    0 |   126 |      0 |      0 |          0 |
|                 b_reg                                                                                 |                                    xdma_ddr3_axi_smc_0_sc_util_v1_0_4_axi_reg_stall_326 |         26 |         26 |       0 |    0 |    10 |      0 |      0 |          0 |
|                 gen_rsplitter.gen_rthread_loop[0].r_split_fifo                                        |                    xdma_ddr3_axi_smc_0_sc_util_v1_0_4_axic_reg_srl_fifo__parameterized6 |         18 |         17 |       0 |    1 |    10 |      0 |      0 |          0 |
|                   (gen_rsplitter.gen_rthread_loop[0].r_split_fifo)                                    |                    xdma_ddr3_axi_smc_0_sc_util_v1_0_4_axic_reg_srl_fifo__parameterized6 |         16 |         16 |       0 |    0 |    10 |      0 |      0 |          0 |
|                   gen_srls[0].srl_nx1                                                                 |                                          xdma_ddr3_axi_smc_0_sc_util_v1_0_4_srl_rtl_350 |          3 |          2 |       0 |    1 |     0 |      0 |      0 |          0 |
|                 gen_rsplitter.gen_rthread_loop[1].r_split_fifo                                        |                xdma_ddr3_axi_smc_0_sc_util_v1_0_4_axic_reg_srl_fifo__parameterized6_327 |         19 |         18 |       0 |    1 |    10 |      0 |      0 |          0 |
|                   (gen_rsplitter.gen_rthread_loop[1].r_split_fifo)                                    |                xdma_ddr3_axi_smc_0_sc_util_v1_0_4_axic_reg_srl_fifo__parameterized6_327 |         15 |         15 |       0 |    0 |    10 |      0 |      0 |          0 |
|                   gen_srls[0].srl_nx1                                                                 |                                          xdma_ddr3_axi_smc_0_sc_util_v1_0_4_srl_rtl_349 |          4 |          3 |       0 |    1 |     0 |      0 |      0 |          0 |
|                 gen_wsplitter.gen_wthread_loop[0].b_split_fifo                                        |                    xdma_ddr3_axi_smc_0_sc_util_v1_0_4_axic_reg_srl_fifo__parameterized3 |         13 |         12 |       0 |    1 |     9 |      0 |      0 |          0 |
|                   (gen_wsplitter.gen_wthread_loop[0].b_split_fifo)                                    |                    xdma_ddr3_axi_smc_0_sc_util_v1_0_4_axic_reg_srl_fifo__parameterized3 |         11 |         11 |       0 |    0 |     9 |      0 |      0 |          0 |
|                   gen_srls[0].srl_nx1                                                                 |                          xdma_ddr3_axi_smc_0_sc_util_v1_0_4_srl_rtl__parameterized0_348 |          3 |          2 |       0 |    1 |     0 |      0 |      0 |          0 |
|                 gen_wsplitter.gen_wthread_loop[1].b_split_fifo                                        |                xdma_ddr3_axi_smc_0_sc_util_v1_0_4_axic_reg_srl_fifo__parameterized3_328 |         16 |         15 |       0 |    1 |     9 |      0 |      0 |          0 |
|                   (gen_wsplitter.gen_wthread_loop[1].b_split_fifo)                                    |                xdma_ddr3_axi_smc_0_sc_util_v1_0_4_axic_reg_srl_fifo__parameterized3_328 |         13 |         13 |       0 |    0 |     9 |      0 |      0 |          0 |
|                   gen_srls[0].srl_nx1                                                                 |                          xdma_ddr3_axi_smc_0_sc_util_v1_0_4_srl_rtl__parameterized0_347 |          4 |          3 |       0 |    1 |     0 |      0 |      0 |          0 |
|                 gen_wsplitter.w_split_fifo                                                            |                    xdma_ddr3_axi_smc_0_sc_util_v1_0_4_axic_reg_srl_fifo__parameterized4 |         48 |         40 |       0 |    8 |    16 |      0 |      0 |          0 |
|                   (gen_wsplitter.w_split_fifo)                                                        |                    xdma_ddr3_axi_smc_0_sc_util_v1_0_4_axic_reg_srl_fifo__parameterized4 |         30 |         30 |       0 |    0 |    16 |      0 |      0 |          0 |
|                   gen_srls[0].srl_nx1                                                                 |                          xdma_ddr3_axi_smc_0_sc_util_v1_0_4_srl_rtl__parameterized0_339 |          4 |          3 |       0 |    1 |     0 |      0 |      0 |          0 |
|                   gen_srls[1].srl_nx1                                                                 |                          xdma_ddr3_axi_smc_0_sc_util_v1_0_4_srl_rtl__parameterized0_340 |          2 |          1 |       0 |    1 |     0 |      0 |      0 |          0 |
|                   gen_srls[2].srl_nx1                                                                 |                          xdma_ddr3_axi_smc_0_sc_util_v1_0_4_srl_rtl__parameterized0_341 |          2 |          1 |       0 |    1 |     0 |      0 |      0 |          0 |
|                   gen_srls[3].srl_nx1                                                                 |                          xdma_ddr3_axi_smc_0_sc_util_v1_0_4_srl_rtl__parameterized0_342 |          2 |          1 |       0 |    1 |     0 |      0 |      0 |          0 |
|                   gen_srls[4].srl_nx1                                                                 |                          xdma_ddr3_axi_smc_0_sc_util_v1_0_4_srl_rtl__parameterized0_343 |          2 |          1 |       0 |    1 |     0 |      0 |      0 |          0 |
|                   gen_srls[5].srl_nx1                                                                 |                          xdma_ddr3_axi_smc_0_sc_util_v1_0_4_srl_rtl__parameterized0_344 |          2 |          1 |       0 |    1 |     0 |      0 |      0 |          0 |
|                   gen_srls[6].srl_nx1                                                                 |                          xdma_ddr3_axi_smc_0_sc_util_v1_0_4_srl_rtl__parameterized0_345 |          2 |          1 |       0 |    1 |     0 |      0 |      0 |          0 |
|                   gen_srls[7].srl_nx1                                                                 |                          xdma_ddr3_axi_smc_0_sc_util_v1_0_4_srl_rtl__parameterized0_346 |          3 |          2 |       0 |    1 |     0 |      0 |      0 |          0 |
|                 gen_wsplitter.wsplit_first_offset_fifo                                                |                    xdma_ddr3_axi_smc_0_sc_util_v1_0_4_axic_reg_srl_fifo__parameterized5 |         22 |         18 |       0 |    4 |    12 |      0 |      0 |          0 |
|                   (gen_wsplitter.wsplit_first_offset_fifo)                                            |                    xdma_ddr3_axi_smc_0_sc_util_v1_0_4_axic_reg_srl_fifo__parameterized5 |         14 |         14 |       0 |    0 |    12 |      0 |      0 |          0 |
|                   gen_srls[0].srl_nx1                                                                 |                          xdma_ddr3_axi_smc_0_sc_util_v1_0_4_srl_rtl__parameterized0_335 |          2 |          1 |       0 |    1 |     0 |      0 |      0 |          0 |
|                   gen_srls[1].srl_nx1                                                                 |                          xdma_ddr3_axi_smc_0_sc_util_v1_0_4_srl_rtl__parameterized0_336 |          2 |          1 |       0 |    1 |     0 |      0 |      0 |          0 |
|                   gen_srls[2].srl_nx1                                                                 |                          xdma_ddr3_axi_smc_0_sc_util_v1_0_4_srl_rtl__parameterized0_337 |          2 |          1 |       0 |    1 |     0 |      0 |      0 |          0 |
|                   gen_srls[3].srl_nx1                                                                 |                          xdma_ddr3_axi_smc_0_sc_util_v1_0_4_srl_rtl__parameterized0_338 |          3 |          2 |       0 |    1 |     0 |      0 |      0 |          0 |
|                 gen_wsplitter.wsplit_last_offset_fifo                                                 |                xdma_ddr3_axi_smc_0_sc_util_v1_0_4_axic_reg_srl_fifo__parameterized5_329 |         34 |         29 |       0 |    5 |    13 |      0 |      0 |          0 |
|                   (gen_wsplitter.wsplit_last_offset_fifo)                                             |                xdma_ddr3_axi_smc_0_sc_util_v1_0_4_axic_reg_srl_fifo__parameterized5_329 |         16 |         16 |       0 |    0 |    13 |      0 |      0 |          0 |
|                   gen_srls[0].srl_nx1                                                                 |                          xdma_ddr3_axi_smc_0_sc_util_v1_0_4_srl_rtl__parameterized0_330 |          2 |          1 |       0 |    1 |     0 |      0 |      0 |          0 |
|                   gen_srls[3].srl_nx1                                                                 |                          xdma_ddr3_axi_smc_0_sc_util_v1_0_4_srl_rtl__parameterized0_331 |          3 |          2 |       0 |    1 |     0 |      0 |      0 |          0 |
|                   gen_srls[4].srl_nx1                                                                 |                          xdma_ddr3_axi_smc_0_sc_util_v1_0_4_srl_rtl__parameterized0_332 |          3 |          2 |       0 |    1 |     0 |      0 |      0 |          0 |
|                   gen_srls[5].srl_nx1                                                                 |                          xdma_ddr3_axi_smc_0_sc_util_v1_0_4_srl_rtl__parameterized0_333 |          3 |          2 |       0 |    1 |     0 |      0 |      0 |          0 |
|                   gen_srls[6].srl_nx1                                                                 |                          xdma_ddr3_axi_smc_0_sc_util_v1_0_4_srl_rtl__parameterized0_334 |          8 |          7 |       0 |    1 |     0 |      0 |      0 |          0 |
|               xpm_cdc_async_rst_inst                                                                  |                                                xdma_ddr3_axi_smc_0_xpm_cdc_async_rst__4 |          1 |          1 |       0 |    0 |     3 |      0 |      0 |          0 |
|           s00_transaction_regulator                                                                   |                                                     xdma_ddr3_axi_smc_0_bd_a1ba_s00tr_0 |        287 |        287 |       0 |    0 |   656 |      0 |      0 |          0 |
|             inst                                                                                      |                                 xdma_ddr3_axi_smc_0_sc_transaction_regulator_v1_0_9_top |        287 |        287 |       0 |    0 |   656 |      0 |      0 |          0 |
|               (inst)                                                                                  |                                 xdma_ddr3_axi_smc_0_sc_transaction_regulator_v1_0_9_top |          1 |          1 |       0 |    0 |     1 |      0 |      0 |          0 |
|               gen_endpoint.gen_r_multithread.r_multithread                                            |         xdma_ddr3_axi_smc_0_sc_transaction_regulator_v1_0_9_multithread__parameterized0 |        141 |        141 |       0 |    0 |   323 |      0 |      0 |          0 |
|                 (gen_endpoint.gen_r_multithread.r_multithread)                                        |         xdma_ddr3_axi_smc_0_sc_transaction_regulator_v1_0_9_multithread__parameterized0 |         12 |         12 |       0 |    0 |   130 |      0 |      0 |          0 |
|                 allocate_queue                                                                        |                xdma_ddr3_axi_smc_0_sc_util_v1_0_4_axic_reg_srl_fifo__parameterized7_320 |         15 |         15 |       0 |    0 |    11 |      0 |      0 |          0 |
|                   (allocate_queue)                                                                    |                xdma_ddr3_axi_smc_0_sc_util_v1_0_4_axic_reg_srl_fifo__parameterized7_320 |          9 |          9 |       0 |    0 |     7 |      0 |      0 |          0 |
|                   gen_srls[0].srl_nx1                                                                 |                          xdma_ddr3_axi_smc_0_sc_util_v1_0_4_srl_rtl__parameterized1_322 |          2 |          2 |       0 |    0 |     2 |      0 |      0 |          0 |
|                   gen_srls[1].srl_nx1                                                                 |                          xdma_ddr3_axi_smc_0_sc_util_v1_0_4_srl_rtl__parameterized1_323 |          4 |          4 |       0 |    0 |     2 |      0 |      0 |          0 |
|                 cmd_reg                                                                               |                                    xdma_ddr3_axi_smc_0_sc_util_v1_0_4_axi_reg_stall_321 |        115 |        115 |       0 |    0 |   182 |      0 |      0 |          0 |
|               gen_endpoint.gen_w_multithread.w_multithread                                            |                         xdma_ddr3_axi_smc_0_sc_transaction_regulator_v1_0_9_multithread |        144 |        144 |       0 |    0 |   329 |      0 |      0 |          0 |
|                 (gen_endpoint.gen_w_multithread.w_multithread)                                        |                         xdma_ddr3_axi_smc_0_sc_transaction_regulator_v1_0_9_multithread |         18 |         18 |       0 |    0 |   132 |      0 |      0 |          0 |
|                 allocate_queue                                                                        |                    xdma_ddr3_axi_smc_0_sc_util_v1_0_4_axic_reg_srl_fifo__parameterized7 |         20 |         20 |       0 |    0 |    11 |      0 |      0 |          0 |
|                   (allocate_queue)                                                                    |                    xdma_ddr3_axi_smc_0_sc_util_v1_0_4_axic_reg_srl_fifo__parameterized7 |         14 |         14 |       0 |    0 |     7 |      0 |      0 |          0 |
|                   gen_srls[0].srl_nx1                                                                 |                              xdma_ddr3_axi_smc_0_sc_util_v1_0_4_srl_rtl__parameterized1 |          2 |          2 |       0 |    0 |     2 |      0 |      0 |          0 |
|                   gen_srls[1].srl_nx1                                                                 |                          xdma_ddr3_axi_smc_0_sc_util_v1_0_4_srl_rtl__parameterized1_319 |          4 |          4 |       0 |    0 |     2 |      0 |      0 |          0 |
|                 cmd_reg                                                                               |                                    xdma_ddr3_axi_smc_0_sc_util_v1_0_4_axi_reg_stall_318 |        110 |        110 |       0 |    0 |   186 |      0 |      0 |          0 |
|               xpm_cdc_async_rst_inst                                                                  |                                                xdma_ddr3_axi_smc_0_xpm_cdc_async_rst__5 |          1 |          1 |       0 |    0 |     3 |      0 |      0 |          0 |
|         s00_nodes                                                                                     |                                               xdma_ddr3_axi_smc_0_s00_nodes_imp_13LYLXU |        714 |        394 |     320 |    0 |   756 |      0 |      0 |          0 |
|           s00_ar_node                                                                                 |                                                      xdma_ddr3_axi_smc_0_bd_a1ba_sarn_0 |        141 |         81 |      60 |    0 |   146 |      0 |      0 |          0 |
|             inst                                                                                      |                                 xdma_ddr3_axi_smc_0_sc_node_v1_0_14_top__parameterized9 |        141 |         81 |      60 |    0 |   146 |      0 |      0 |          0 |
|               (inst)                                                                                  |                                 xdma_ddr3_axi_smc_0_sc_node_v1_0_14_top__parameterized9 |          3 |          3 |       0 |    0 |     1 |      0 |      0 |          0 |
|               inst_mi_handler                                                                         |                          xdma_ddr3_axi_smc_0_sc_node_v1_0_14_mi_handler__parameterized9 |        137 |         77 |      60 |    0 |   141 |      0 |      0 |          0 |
|                 (inst_mi_handler)                                                                     |                          xdma_ddr3_axi_smc_0_sc_node_v1_0_14_mi_handler__parameterized9 |          0 |          0 |       0 |    0 |     2 |      0 |      0 |          0 |
|                 gen_normal_area.gen_fifo_req.inst_fifo_req                                            |                     xdma_ddr3_axi_smc_0_sc_node_v1_0_14_fifo__parameterized1__xdcDup__2 |         33 |         29 |       4 |    0 |    23 |      0 |      0 |          0 |
|                   gen_xpm_memory_fifo.inst_fifo                                                       |           xdma_ddr3_axi_smc_0_sc_util_v1_0_4_xpm_memory_fifo__parameterized1__xdcDup__2 |         33 |         29 |       4 |    0 |    23 |      0 |      0 |          0 |
|                     (gen_xpm_memory_fifo.inst_fifo)                                                   |           xdma_ddr3_axi_smc_0_sc_util_v1_0_4_xpm_memory_fifo__parameterized1__xdcDup__2 |          5 |          5 |       0 |    0 |     3 |      0 |      0 |          0 |
|                     gen_mem_rep[0].inst_rd_addrb                                                      |                          xdma_ddr3_axi_smc_0_sc_util_v1_0_4_counter__parameterized0_315 |          6 |          6 |       0 |    0 |     6 |      0 |      0 |          0 |
|                     gen_mem_rep[0].inst_wr_addra                                                      |                          xdma_ddr3_axi_smc_0_sc_util_v1_0_4_counter__parameterized0_316 |          5 |          5 |       0 |    0 |     6 |      0 |      0 |          0 |
|                     gen_mem_rep[0].inst_xpm_memory                                                    |                               xdma_ddr3_axi_smc_0_xpm_memory_sdpram__parameterized1__12 |          4 |          0 |       4 |    0 |     2 |      0 |      0 |          0 |
|                       xpm_memory_base_inst                                                            |                                 xdma_ddr3_axi_smc_0_xpm_memory_base__parameterized1__12 |          4 |          0 |       4 |    0 |     2 |      0 |      0 |          0 |
|                     gen_wr.inst_wr_addra_p1                                                           |                          xdma_ddr3_axi_smc_0_sc_util_v1_0_4_counter__parameterized1_317 |         14 |         14 |       0 |    0 |     6 |      0 |      0 |          0 |
|                 gen_normal_area.inst_fifo_node_payld                                                  |                    xdma_ddr3_axi_smc_0_sc_node_v1_0_14_fifo__parameterized13__xdcDup__1 |         92 |         36 |      56 |    0 |   105 |      0 |      0 |          0 |
|                   gen_xpm_memory_fifo.inst_fifo                                                       |          xdma_ddr3_axi_smc_0_sc_util_v1_0_4_xpm_memory_fifo__parameterized13__xdcDup__1 |         92 |         36 |      56 |    0 |   105 |      0 |      0 |          0 |
|                     (gen_xpm_memory_fifo.inst_fifo)                                                   |          xdma_ddr3_axi_smc_0_sc_util_v1_0_4_xpm_memory_fifo__parameterized13__xdcDup__1 |          4 |          4 |       0 |    0 |     4 |      0 |      0 |          0 |
|                     gen_mem_rep[0].inst_rd_addrb                                                      |                          xdma_ddr3_axi_smc_0_sc_util_v1_0_4_counter__parameterized0_312 |          4 |          4 |       0 |    0 |     6 |      0 |      0 |          0 |
|                     gen_mem_rep[0].inst_wr_addra                                                      |                          xdma_ddr3_axi_smc_0_sc_util_v1_0_4_counter__parameterized0_313 |          5 |          5 |       0 |    0 |     6 |      0 |      0 |          0 |
|                     gen_mem_rep[0].inst_xpm_memory                                                    |                                  xdma_ddr3_axi_smc_0_xpm_memory_sdpram__parameterized11 |         56 |          0 |      56 |    0 |    83 |      0 |      0 |          0 |
|                       xpm_memory_base_inst                                                            |                                    xdma_ddr3_axi_smc_0_xpm_memory_base__parameterized11 |         56 |          0 |      56 |    0 |    83 |      0 |      0 |          0 |
|                     gen_wr.inst_wr_addra_p1                                                           |                          xdma_ddr3_axi_smc_0_sc_util_v1_0_4_counter__parameterized1_314 |         23 |         23 |       0 |    0 |     6 |      0 |      0 |          0 |
|                 gen_normal_area.inst_fifo_send                                                        |                      xdma_ddr3_axi_smc_0_sc_node_v1_0_14_reg_slice3__parameterized0_311 |         12 |         12 |       0 |    0 |    11 |      0 |      0 |          0 |
|               inst_si_handler                                                                         |                          xdma_ddr3_axi_smc_0_sc_node_v1_0_14_si_handler__parameterized4 |          1 |          1 |       0 |    0 |     1 |      0 |      0 |          0 |
|               s_sc_xpm_cdc_async_rst_inst                                                             |                                               xdma_ddr3_axi_smc_0_xpm_cdc_async_rst__27 |          1 |          1 |       0 |    0 |     3 |      0 |      0 |          0 |
|           s00_aw_node                                                                                 |                                                      xdma_ddr3_axi_smc_0_bd_a1ba_sawn_0 |        137 |         81 |      56 |    0 |   140 |      0 |      0 |          0 |
|             inst                                                                                      |                                xdma_ddr3_axi_smc_0_sc_node_v1_0_14_top__parameterized10 |        137 |         81 |      56 |    0 |   140 |      0 |      0 |          0 |
|               (inst)                                                                                  |                                xdma_ddr3_axi_smc_0_sc_node_v1_0_14_top__parameterized10 |          3 |          3 |       0 |    0 |     1 |      0 |      0 |          0 |
|               inst_mi_handler                                                                         |                         xdma_ddr3_axi_smc_0_sc_node_v1_0_14_mi_handler__parameterized10 |        133 |         77 |      56 |    0 |   135 |      0 |      0 |          0 |
|                 (inst_mi_handler)                                                                     |                         xdma_ddr3_axi_smc_0_sc_node_v1_0_14_mi_handler__parameterized10 |          0 |          0 |       0 |    0 |     2 |      0 |      0 |          0 |
|                 gen_normal_area.gen_fifo_req.inst_fifo_req                                            |                     xdma_ddr3_axi_smc_0_sc_node_v1_0_14_fifo__parameterized1__xdcDup__3 |         33 |         29 |       4 |    0 |    23 |      0 |      0 |          0 |
|                   gen_xpm_memory_fifo.inst_fifo                                                       |           xdma_ddr3_axi_smc_0_sc_util_v1_0_4_xpm_memory_fifo__parameterized1__xdcDup__3 |         33 |         29 |       4 |    0 |    23 |      0 |      0 |          0 |
|                     (gen_xpm_memory_fifo.inst_fifo)                                                   |           xdma_ddr3_axi_smc_0_sc_util_v1_0_4_xpm_memory_fifo__parameterized1__xdcDup__3 |          5 |          5 |       0 |    0 |     3 |      0 |      0 |          0 |
|                     gen_mem_rep[0].inst_rd_addrb                                                      |                          xdma_ddr3_axi_smc_0_sc_util_v1_0_4_counter__parameterized0_308 |          6 |          6 |       0 |    0 |     6 |      0 |      0 |          0 |
|                     gen_mem_rep[0].inst_wr_addra                                                      |                          xdma_ddr3_axi_smc_0_sc_util_v1_0_4_counter__parameterized0_309 |          5 |          5 |       0 |    0 |     6 |      0 |      0 |          0 |
|                     gen_mem_rep[0].inst_xpm_memory                                                    |                               xdma_ddr3_axi_smc_0_xpm_memory_sdpram__parameterized1__11 |          4 |          0 |       4 |    0 |     2 |      0 |      0 |          0 |
|                       xpm_memory_base_inst                                                            |                                 xdma_ddr3_axi_smc_0_xpm_memory_base__parameterized1__11 |          4 |          0 |       4 |    0 |     2 |      0 |      0 |          0 |
|                     gen_wr.inst_wr_addra_p1                                                           |                          xdma_ddr3_axi_smc_0_sc_util_v1_0_4_counter__parameterized1_310 |         14 |         14 |       0 |    0 |     6 |      0 |      0 |          0 |
|                 gen_normal_area.inst_fifo_node_payld                                                  |                    xdma_ddr3_axi_smc_0_sc_node_v1_0_14_fifo__parameterized13__xdcDup__2 |         88 |         36 |      52 |    0 |    99 |      0 |      0 |          0 |
|                   gen_xpm_memory_fifo.inst_fifo                                                       |          xdma_ddr3_axi_smc_0_sc_util_v1_0_4_xpm_memory_fifo__parameterized13__xdcDup__2 |         88 |         36 |      52 |    0 |    99 |      0 |      0 |          0 |
|                     (gen_xpm_memory_fifo.inst_fifo)                                                   |          xdma_ddr3_axi_smc_0_sc_util_v1_0_4_xpm_memory_fifo__parameterized13__xdcDup__2 |          4 |          4 |       0 |    0 |     4 |      0 |      0 |          0 |
|                     gen_mem_rep[0].inst_rd_addrb                                                      |                          xdma_ddr3_axi_smc_0_sc_util_v1_0_4_counter__parameterized0_305 |          4 |          4 |       0 |    0 |     6 |      0 |      0 |          0 |
|                     gen_mem_rep[0].inst_wr_addra                                                      |                          xdma_ddr3_axi_smc_0_sc_util_v1_0_4_counter__parameterized0_306 |          5 |          5 |       0 |    0 |     6 |      0 |      0 |          0 |
|                     gen_mem_rep[0].inst_xpm_memory                                                    |                               xdma_ddr3_axi_smc_0_xpm_memory_sdpram__parameterized11__6 |         52 |          0 |      52 |    0 |    77 |      0 |      0 |          0 |
|                       xpm_memory_base_inst                                                            |                                 xdma_ddr3_axi_smc_0_xpm_memory_base__parameterized11__6 |         52 |          0 |      52 |    0 |    77 |      0 |      0 |          0 |
|                     gen_wr.inst_wr_addra_p1                                                           |                          xdma_ddr3_axi_smc_0_sc_util_v1_0_4_counter__parameterized1_307 |         23 |         23 |       0 |    0 |     6 |      0 |      0 |          0 |
|                 gen_normal_area.inst_fifo_send                                                        |                      xdma_ddr3_axi_smc_0_sc_node_v1_0_14_reg_slice3__parameterized0_304 |         12 |         12 |       0 |    0 |    11 |      0 |      0 |          0 |
|               inst_si_handler                                                                         |                      xdma_ddr3_axi_smc_0_sc_node_v1_0_14_si_handler__parameterized5_303 |          1 |          1 |       0 |    0 |     1 |      0 |      0 |          0 |
|               s_sc_xpm_cdc_async_rst_inst                                                             |                                               xdma_ddr3_axi_smc_0_xpm_cdc_async_rst__25 |          1 |          1 |       0 |    0 |     3 |      0 |      0 |          0 |
|           s00_b_node                                                                                  |                                                       xdma_ddr3_axi_smc_0_bd_a1ba_sbn_0 |         84 |         76 |       8 |    0 |    64 |      0 |      0 |          0 |
|             inst                                                                                      |                                xdma_ddr3_axi_smc_0_sc_node_v1_0_14_top__parameterized11 |         84 |         76 |       8 |    0 |    64 |      0 |      0 |          0 |
|               (inst)                                                                                  |                                xdma_ddr3_axi_smc_0_sc_node_v1_0_14_top__parameterized11 |          3 |          3 |       0 |    0 |     1 |      0 |      0 |          0 |
|               inst_mi_handler                                                                         |                         xdma_ddr3_axi_smc_0_sc_node_v1_0_14_mi_handler__parameterized11 |         67 |         59 |       8 |    0 |    49 |      0 |      0 |          0 |
|                 (inst_mi_handler)                                                                     |                         xdma_ddr3_axi_smc_0_sc_node_v1_0_14_mi_handler__parameterized11 |          0 |          0 |       0 |    0 |     2 |      0 |      0 |          0 |
|                 gen_normal_area.gen_node_prog_full.inst_node_prog_full                                |                                     xdma_ddr3_axi_smc_0_sc_node_v1_0_14_fifo__xdcDup__4 |         33 |         33 |       0 |    0 |    21 |      0 |      0 |          0 |
|                   gen_xpm_memory_fifo.inst_fifo                                                       |                           xdma_ddr3_axi_smc_0_sc_util_v1_0_4_xpm_memory_fifo__xdcDup__4 |         33 |         33 |       0 |    0 |    21 |      0 |      0 |          0 |
|                     (gen_xpm_memory_fifo.inst_fifo)                                                   |                           xdma_ddr3_axi_smc_0_sc_util_v1_0_4_xpm_memory_fifo__xdcDup__4 |          5 |          5 |       0 |    0 |     3 |      0 |      0 |          0 |
|                     gen_mem_rep[0].inst_rd_addrb                                                      |                          xdma_ddr3_axi_smc_0_sc_util_v1_0_4_counter__parameterized0_300 |          6 |          6 |       0 |    0 |     6 |      0 |      0 |          0 |
|                     gen_mem_rep[0].inst_wr_addra                                                      |                          xdma_ddr3_axi_smc_0_sc_util_v1_0_4_counter__parameterized0_301 |          4 |          4 |       0 |    0 |     6 |      0 |      0 |          0 |
|                     gen_wr.inst_wr_addra_p1                                                           |                          xdma_ddr3_axi_smc_0_sc_util_v1_0_4_counter__parameterized1_302 |         18 |         18 |       0 |    0 |     6 |      0 |      0 |          0 |
|                 gen_normal_area.inst_fifo_node_payld                                                  |                    xdma_ddr3_axi_smc_0_sc_node_v1_0_14_fifo__parameterized14__xdcDup__1 |         34 |         26 |       8 |    0 |    24 |      0 |      0 |          0 |
|                   gen_xpm_memory_fifo.inst_fifo                                                       |          xdma_ddr3_axi_smc_0_sc_util_v1_0_4_xpm_memory_fifo__parameterized14__xdcDup__1 |         34 |         26 |       8 |    0 |    24 |      0 |      0 |          0 |
|                     (gen_xpm_memory_fifo.inst_fifo)                                                   |          xdma_ddr3_axi_smc_0_sc_util_v1_0_4_xpm_memory_fifo__parameterized14__xdcDup__1 |          4 |          4 |       0 |    0 |     3 |      0 |      0 |          0 |
|                     gen_mem_rep[0].inst_rd_addrb                                                      |                          xdma_ddr3_axi_smc_0_sc_util_v1_0_4_counter__parameterized0_297 |          6 |          6 |       0 |    0 |     6 |      0 |      0 |          0 |
|                     gen_mem_rep[0].inst_wr_addra                                                      |                          xdma_ddr3_axi_smc_0_sc_util_v1_0_4_counter__parameterized0_298 |          4 |          4 |       0 |    0 |     6 |      0 |      0 |          0 |
|                     gen_mem_rep[0].inst_xpm_memory                                                    |                                  xdma_ddr3_axi_smc_0_xpm_memory_sdpram__parameterized12 |          8 |          0 |       8 |    0 |     3 |      0 |      0 |          0 |
|                       xpm_memory_base_inst                                                            |                                    xdma_ddr3_axi_smc_0_xpm_memory_base__parameterized12 |          8 |          0 |       8 |    0 |     3 |      0 |      0 |          0 |
|                     gen_wr.inst_wr_addra_p1                                                           |                          xdma_ddr3_axi_smc_0_sc_util_v1_0_4_counter__parameterized1_299 |         13 |         13 |       0 |    0 |     6 |      0 |      0 |          0 |
|                 inst_ingress                                                                          |                             xdma_ddr3_axi_smc_0_sc_node_v1_0_14_ingress__parameterized6 |          0 |          0 |       0 |    0 |     2 |      0 |      0 |          0 |
|                   inst_pipeline_recv                                                                  |                         xdma_ddr3_axi_smc_0_sc_util_v1_0_4_pipeline__parameterized4_295 |          0 |          0 |       0 |    0 |     1 |      0 |      0 |          0 |
|                   inst_pipeline_valid                                                                 |                         xdma_ddr3_axi_smc_0_sc_util_v1_0_4_pipeline__parameterized3_296 |          0 |          0 |       0 |    0 |     1 |      0 |      0 |          0 |
|               inst_si_handler                                                                         |                      xdma_ddr3_axi_smc_0_sc_node_v1_0_14_si_handler__parameterized6_291 |         13 |         13 |       0 |    0 |    11 |      0 |      0 |          0 |
|                 (inst_si_handler)                                                                     |                      xdma_ddr3_axi_smc_0_sc_node_v1_0_14_si_handler__parameterized6_291 |          0 |          0 |       0 |    0 |     1 |      0 |      0 |          0 |
|                 gen_si_handler.gen_arbiter_rr_normal_area.inst_arbiter                                |                                      xdma_ddr3_axi_smc_0_sc_node_v1_0_14_arb_alg_rr_292 |          9 |          9 |       0 |    0 |     4 |      0 |      0 |          0 |
|                 gen_si_handler.gen_request_counters.gen_req_counter[0].inst_req_counter               |                                          xdma_ddr3_axi_smc_0_sc_util_v1_0_4_counter_293 |          2 |          2 |       0 |    0 |     3 |      0 |      0 |          0 |
|                 gen_si_handler.gen_request_counters.gen_req_counter[1].inst_req_counter               |                                          xdma_ddr3_axi_smc_0_sc_util_v1_0_4_counter_294 |          2 |          2 |       0 |    0 |     3 |      0 |      0 |          0 |
|               s_sc_xpm_cdc_async_rst_inst                                                             |                                               xdma_ddr3_axi_smc_0_xpm_cdc_async_rst__23 |          1 |          1 |       0 |    0 |     3 |      0 |      0 |          0 |
|           s00_r_node                                                                                  |                                                       xdma_ddr3_axi_smc_0_bd_a1ba_srn_0 |        163 |         75 |      88 |    0 |   192 |      0 |      0 |          0 |
|             inst                                                                                      |                                xdma_ddr3_axi_smc_0_sc_node_v1_0_14_top__parameterized12 |        163 |         75 |      88 |    0 |   192 |      0 |      0 |          0 |
|               (inst)                                                                                  |                                xdma_ddr3_axi_smc_0_sc_node_v1_0_14_top__parameterized12 |          3 |          3 |       0 |    0 |     1 |      0 |      0 |          0 |
|               inst_mi_handler                                                                         |                         xdma_ddr3_axi_smc_0_sc_node_v1_0_14_mi_handler__parameterized12 |        146 |         58 |      88 |    0 |   177 |      0 |      0 |          0 |
|                 (inst_mi_handler)                                                                     |                         xdma_ddr3_axi_smc_0_sc_node_v1_0_14_mi_handler__parameterized12 |          0 |          0 |       0 |    0 |     2 |      0 |      0 |          0 |
|                 gen_normal_area.gen_node_prog_full.inst_node_prog_full                                |                                     xdma_ddr3_axi_smc_0_sc_node_v1_0_14_fifo__xdcDup__5 |         33 |         33 |       0 |    0 |    21 |      0 |      0 |          0 |
|                   gen_xpm_memory_fifo.inst_fifo                                                       |                           xdma_ddr3_axi_smc_0_sc_util_v1_0_4_xpm_memory_fifo__xdcDup__5 |         33 |         33 |       0 |    0 |    21 |      0 |      0 |          0 |
|                     (gen_xpm_memory_fifo.inst_fifo)                                                   |                           xdma_ddr3_axi_smc_0_sc_util_v1_0_4_xpm_memory_fifo__xdcDup__5 |          5 |          5 |       0 |    0 |     3 |      0 |      0 |          0 |
|                     gen_mem_rep[0].inst_rd_addrb                                                      |                          xdma_ddr3_axi_smc_0_sc_util_v1_0_4_counter__parameterized0_288 |          6 |          6 |       0 |    0 |     6 |      0 |      0 |          0 |
|                     gen_mem_rep[0].inst_wr_addra                                                      |                          xdma_ddr3_axi_smc_0_sc_util_v1_0_4_counter__parameterized0_289 |          4 |          4 |       0 |    0 |     6 |      0 |      0 |          0 |
|                     gen_wr.inst_wr_addra_p1                                                           |                          xdma_ddr3_axi_smc_0_sc_util_v1_0_4_counter__parameterized1_290 |         18 |         18 |       0 |    0 |     6 |      0 |      0 |          0 |
|                 gen_normal_area.inst_fifo_node_payld                                                  |                    xdma_ddr3_axi_smc_0_sc_node_v1_0_14_fifo__parameterized15__xdcDup__1 |        114 |         26 |      88 |    0 |   153 |      0 |      0 |          0 |
|                   gen_xpm_memory_fifo.inst_fifo                                                       |          xdma_ddr3_axi_smc_0_sc_util_v1_0_4_xpm_memory_fifo__parameterized15__xdcDup__1 |        114 |         26 |      88 |    0 |   153 |      0 |      0 |          0 |
|                     (gen_xpm_memory_fifo.inst_fifo)                                                   |          xdma_ddr3_axi_smc_0_sc_util_v1_0_4_xpm_memory_fifo__parameterized15__xdcDup__1 |          4 |          4 |       0 |    0 |     3 |      0 |      0 |          0 |
|                     gen_mem_rep[0].inst_rd_addrb                                                      |                          xdma_ddr3_axi_smc_0_sc_util_v1_0_4_counter__parameterized0_285 |          6 |          6 |       0 |    0 |     6 |      0 |      0 |          0 |
|                     gen_mem_rep[0].inst_wr_addra                                                      |                          xdma_ddr3_axi_smc_0_sc_util_v1_0_4_counter__parameterized0_286 |          4 |          4 |       0 |    0 |     6 |      0 |      0 |          0 |
|                     gen_mem_rep[0].inst_xpm_memory                                                    |                                  xdma_ddr3_axi_smc_0_xpm_memory_sdpram__parameterized13 |         88 |          0 |      88 |    0 |   132 |      0 |      0 |          0 |
|                       xpm_memory_base_inst                                                            |                                    xdma_ddr3_axi_smc_0_xpm_memory_base__parameterized13 |         88 |          0 |      88 |    0 |   132 |      0 |      0 |          0 |
|                     gen_wr.inst_wr_addra_p1                                                           |                          xdma_ddr3_axi_smc_0_sc_util_v1_0_4_counter__parameterized1_287 |         13 |         13 |       0 |    0 |     6 |      0 |      0 |          0 |
|                 inst_ingress                                                                          |                             xdma_ddr3_axi_smc_0_sc_node_v1_0_14_ingress__parameterized7 |          0 |          0 |       0 |    0 |     1 |      0 |      0 |          0 |
|                   inst_pipeline_valid                                                                 |                         xdma_ddr3_axi_smc_0_sc_util_v1_0_4_pipeline__parameterized3_284 |          0 |          0 |       0 |    0 |     1 |      0 |      0 |          0 |
|               inst_si_handler                                                                         |                          xdma_ddr3_axi_smc_0_sc_node_v1_0_14_si_handler__parameterized7 |         13 |         13 |       0 |    0 |    11 |      0 |      0 |          0 |
|                 (inst_si_handler)                                                                     |                          xdma_ddr3_axi_smc_0_sc_node_v1_0_14_si_handler__parameterized7 |          0 |          0 |       0 |    0 |     1 |      0 |      0 |          0 |
|                 gen_si_handler.gen_arbiter_rr_normal_area.inst_arbiter                                |                                      xdma_ddr3_axi_smc_0_sc_node_v1_0_14_arb_alg_rr_281 |          9 |          9 |       0 |    0 |     4 |      0 |      0 |          0 |
|                 gen_si_handler.gen_request_counters.gen_req_counter[0].inst_req_counter               |                                          xdma_ddr3_axi_smc_0_sc_util_v1_0_4_counter_282 |          2 |          2 |       0 |    0 |     3 |      0 |      0 |          0 |
|                 gen_si_handler.gen_request_counters.gen_req_counter[1].inst_req_counter               |                                          xdma_ddr3_axi_smc_0_sc_util_v1_0_4_counter_283 |          2 |          2 |       0 |    0 |     3 |      0 |      0 |          0 |
|               s_sc_xpm_cdc_async_rst_inst                                                             |                                               xdma_ddr3_axi_smc_0_xpm_cdc_async_rst__21 |          1 |          1 |       0 |    0 |     3 |      0 |      0 |          0 |
|           s00_w_node                                                                                  |                                                       xdma_ddr3_axi_smc_0_bd_a1ba_swn_0 |        191 |         83 |     108 |    0 |   214 |      0 |      0 |          0 |
|             inst                                                                                      |                                xdma_ddr3_axi_smc_0_sc_node_v1_0_14_top__parameterized13 |        191 |         83 |     108 |    0 |   214 |      0 |      0 |          0 |
|               (inst)                                                                                  |                                xdma_ddr3_axi_smc_0_sc_node_v1_0_14_top__parameterized13 |          3 |          3 |       0 |    0 |     1 |      0 |      0 |          0 |
|               inst_mi_handler                                                                         |                         xdma_ddr3_axi_smc_0_sc_node_v1_0_14_mi_handler__parameterized13 |        186 |         78 |     108 |    0 |   209 |      0 |      0 |          0 |
|                 (inst_mi_handler)                                                                     |                         xdma_ddr3_axi_smc_0_sc_node_v1_0_14_mi_handler__parameterized13 |          0 |          0 |       0 |    0 |     2 |      0 |      0 |          0 |
|                 gen_normal_area.gen_fifo_req.inst_fifo_req                                            |                     xdma_ddr3_axi_smc_0_sc_node_v1_0_14_fifo__parameterized1__xdcDup__4 |         34 |         30 |       4 |    0 |    24 |      0 |      0 |          0 |
|                   gen_xpm_memory_fifo.inst_fifo                                                       |           xdma_ddr3_axi_smc_0_sc_util_v1_0_4_xpm_memory_fifo__parameterized1__xdcDup__4 |         34 |         30 |       4 |    0 |    24 |      0 |      0 |          0 |
|                     (gen_xpm_memory_fifo.inst_fifo)                                                   |           xdma_ddr3_axi_smc_0_sc_util_v1_0_4_xpm_memory_fifo__parameterized1__xdcDup__4 |          6 |          6 |       0 |    0 |     3 |      0 |      0 |          0 |
|                     gen_mem_rep[0].inst_rd_addrb                                                      |                          xdma_ddr3_axi_smc_0_sc_util_v1_0_4_counter__parameterized0_278 |          6 |          6 |       0 |    0 |     6 |      0 |      0 |          0 |
|                     gen_mem_rep[0].inst_wr_addra                                                      |                          xdma_ddr3_axi_smc_0_sc_util_v1_0_4_counter__parameterized0_279 |          5 |          5 |       0 |    0 |     6 |      0 |      0 |          0 |
|                     gen_mem_rep[0].inst_xpm_memory                                                    |                               xdma_ddr3_axi_smc_0_xpm_memory_sdpram__parameterized1__10 |          4 |          0 |       4 |    0 |     3 |      0 |      0 |          0 |
|                       xpm_memory_base_inst                                                            |                                 xdma_ddr3_axi_smc_0_xpm_memory_base__parameterized1__10 |          4 |          0 |       4 |    0 |     3 |      0 |      0 |          0 |
|                     gen_wr.inst_wr_addra_p1                                                           |                          xdma_ddr3_axi_smc_0_sc_util_v1_0_4_counter__parameterized1_280 |         14 |         14 |       0 |    0 |     6 |      0 |      0 |          0 |
|                 gen_normal_area.inst_fifo_node_payld                                                  |                               xdma_ddr3_axi_smc_0_sc_node_v1_0_14_fifo__parameterized16 |        140 |         36 |     104 |    0 |   172 |      0 |      0 |          0 |
|                   gen_xpm_memory_fifo.inst_fifo                                                       |                     xdma_ddr3_axi_smc_0_sc_util_v1_0_4_xpm_memory_fifo__parameterized16 |        140 |         36 |     104 |    0 |   172 |      0 |      0 |          0 |
|                     (gen_xpm_memory_fifo.inst_fifo)                                                   |                     xdma_ddr3_axi_smc_0_sc_util_v1_0_4_xpm_memory_fifo__parameterized16 |          4 |          4 |       0 |    0 |     4 |      0 |      0 |          0 |
|                     gen_mem_rep[0].inst_rd_addrb                                                      |                          xdma_ddr3_axi_smc_0_sc_util_v1_0_4_counter__parameterized0_275 |          4 |          4 |       0 |    0 |     6 |      0 |      0 |          0 |
|                     gen_mem_rep[0].inst_wr_addra                                                      |                          xdma_ddr3_axi_smc_0_sc_util_v1_0_4_counter__parameterized0_276 |          5 |          5 |       0 |    0 |     6 |      0 |      0 |          0 |
|                     gen_mem_rep[0].inst_xpm_memory                                                    |                                  xdma_ddr3_axi_smc_0_xpm_memory_sdpram__parameterized14 |        104 |          0 |     104 |    0 |   150 |      0 |      0 |          0 |
|                       xpm_memory_base_inst                                                            |                                    xdma_ddr3_axi_smc_0_xpm_memory_base__parameterized14 |        104 |          0 |     104 |    0 |   150 |      0 |      0 |          0 |
|                     gen_wr.inst_wr_addra_p1                                                           |                          xdma_ddr3_axi_smc_0_sc_util_v1_0_4_counter__parameterized1_277 |         23 |         23 |       0 |    0 |     6 |      0 |      0 |          0 |
|                 gen_normal_area.inst_fifo_send                                                        |                      xdma_ddr3_axi_smc_0_sc_node_v1_0_14_reg_slice3__parameterized0_274 |         12 |         12 |       0 |    0 |    11 |      0 |      0 |          0 |
|               inst_si_handler                                                                         |                      xdma_ddr3_axi_smc_0_sc_node_v1_0_14_si_handler__parameterized8_273 |          1 |          1 |       0 |    0 |     1 |      0 |      0 |          0 |
|               s_sc_xpm_cdc_async_rst_inst                                                             |                                               xdma_ddr3_axi_smc_0_xpm_cdc_async_rst__19 |          1 |          1 |       0 |    0 |     3 |      0 |      0 |          0 |
|         s01_axi2sc                                                                                    |                                                    xdma_ddr3_axi_smc_0_bd_a1ba_s01a2s_0 |          0 |          0 |       0 |    0 |     0 |      0 |      0 |          0 |
|           inst                                                                                        |                                xdma_ddr3_axi_smc_0_sc_axi2sc_v1_0_7_top__parameterized0 |          0 |          0 |       0 |    0 |     0 |      0 |      0 |          0 |
|         s01_entry_pipeline                                                                            |                                         xdma_ddr3_axi_smc_0_s01_entry_pipeline_imp_G318 |       1496 |       1281 |       0 |  215 |  2031 |      0 |      0 |          0 |
|           s01_mmu                                                                                     |                                                    xdma_ddr3_axi_smc_0_bd_a1ba_s01mmu_0 |        408 |        406 |       0 |    2 |   828 |      0 |      0 |          0 |
|             inst                                                                                      |                                  xdma_ddr3_axi_smc_0_sc_mmu_v1_0_10_top__parameterized0 |        408 |        406 |       0 |    2 |   828 |      0 |      0 |          0 |
|               (inst)                                                                                  |                                  xdma_ddr3_axi_smc_0_sc_mmu_v1_0_10_top__parameterized0 |          8 |          8 |       0 |    0 |    28 |      0 |      0 |          0 |
|               ar_reg_stall                                                                            |                                    xdma_ddr3_axi_smc_0_sc_util_v1_0_4_axi_reg_stall_264 |         42 |         42 |       0 |    0 |   120 |      0 |      0 |          0 |
|               ar_sreg                                                                                 |                                    xdma_ddr3_axi_smc_0_sc_util_v1_0_4_axi_reg_stall_265 |         52 |         52 |       0 |    0 |   116 |      0 |      0 |          0 |
|               aw_reg_stall                                                                            |                                    xdma_ddr3_axi_smc_0_sc_util_v1_0_4_axi_reg_stall_266 |         40 |         40 |       0 |    0 |   120 |      0 |      0 |          0 |
|               aw_sreg                                                                                 |                                    xdma_ddr3_axi_smc_0_sc_util_v1_0_4_axi_reg_stall_267 |         53 |         53 |       0 |    0 |   116 |      0 |      0 |          0 |
|               b_sreg                                                                                  |                                    xdma_ddr3_axi_smc_0_sc_util_v1_0_4_axi_reg_stall_268 |         11 |         11 |       0 |    0 |     8 |      0 |      0 |          0 |
|               gen_endpoint.decerr_slave_inst                                                          |                         xdma_ddr3_axi_smc_0_sc_mmu_v1_0_10_decerr_slave__parameterized0 |         30 |         30 |       0 |    0 |    17 |      0 |      0 |          0 |
|               gen_wroute_fifo.wroute_fifo                                                             |                    xdma_ddr3_axi_smc_0_sc_util_v1_0_4_axic_reg_srl_fifo__parameterized2 |         14 |         12 |       0 |    2 |    10 |      0 |      0 |          0 |
|                 (gen_wroute_fifo.wroute_fifo)                                                         |                    xdma_ddr3_axi_smc_0_sc_util_v1_0_4_axic_reg_srl_fifo__parameterized2 |         11 |         11 |       0 |    0 |    10 |      0 |      0 |          0 |
|                 gen_srls[0].srl_nx1                                                                   |                          xdma_ddr3_axi_smc_0_sc_util_v1_0_4_srl_rtl__parameterized0_271 |          1 |          0 |       0 |    1 |     0 |      0 |      0 |          0 |
|                 gen_srls[1].srl_nx1                                                                   |                          xdma_ddr3_axi_smc_0_sc_util_v1_0_4_srl_rtl__parameterized0_272 |          2 |          1 |       0 |    1 |     0 |      0 |      0 |          0 |
|               gen_wroute_fifo.wroute_split                                                            |                                         xdma_ddr3_axi_smc_0_sc_util_v1_0_4_axi_splitter |          5 |          5 |       0 |    0 |     2 |      0 |      0 |          0 |
|               r_sreg                                                                                  |                                    xdma_ddr3_axi_smc_0_sc_util_v1_0_4_axi_reg_stall_269 |        106 |        106 |       0 |    0 |   138 |      0 |      0 |          0 |
|               w_sreg                                                                                  |                                    xdma_ddr3_axi_smc_0_sc_util_v1_0_4_axi_reg_stall_270 |         47 |         47 |       0 |    0 |   150 |      0 |      0 |          0 |
|               xpm_cdc_async_rst_inst                                                                  |                                                xdma_ddr3_axi_smc_0_xpm_cdc_async_rst__6 |          1 |          1 |       0 |    0 |     3 |      0 |      0 |          0 |
|           s01_si_converter                                                                            |                                                    xdma_ddr3_axi_smc_0_bd_a1ba_s01sic_0 |        969 |        756 |       0 |  213 |   893 |      0 |      0 |          0 |
|             inst                                                                                      |                         xdma_ddr3_axi_smc_0_sc_si_converter_v1_0_10_top__parameterized0 |        969 |        756 |       0 |  213 |   893 |      0 |      0 |          0 |
|               (inst)                                                                                  |                         xdma_ddr3_axi_smc_0_sc_si_converter_v1_0_10_top__parameterized0 |          1 |          1 |       0 |    0 |     1 |      0 |      0 |          0 |
|               converter.wrap_narrow_inst                                                              |                                 xdma_ddr3_axi_smc_0_sc_si_converter_v1_0_10_wrap_narrow |        928 |        724 |       0 |  204 |   871 |      0 |      0 |          0 |
|                 (converter.wrap_narrow_inst)                                                          |                                 xdma_ddr3_axi_smc_0_sc_si_converter_v1_0_10_wrap_narrow |         88 |         88 |       0 |    0 |   272 |      0 |      0 |          0 |
|                 ar_reg_slice                                                                          |                                     xdma_ddr3_axi_smc_0_sc_util_v1_0_4_axi_reg_stall_58 |         98 |         98 |       0 |    0 |   148 |      0 |      0 |          0 |
|                 aw_reg_slice                                                                          |                                     xdma_ddr3_axi_smc_0_sc_util_v1_0_4_axi_reg_stall_59 |         94 |         94 |       0 |    0 |   146 |      0 |      0 |          0 |
|                 gen_thread_loop[0].r_cmd_fifo                                                         |                    xdma_ddr3_axi_smc_0_sc_util_v1_0_4_axic_reg_srl_fifo__parameterized9 |         90 |         68 |       0 |   22 |    30 |      0 |      0 |          0 |
|                   (gen_thread_loop[0].r_cmd_fifo)                                                     |                    xdma_ddr3_axi_smc_0_sc_util_v1_0_4_axic_reg_srl_fifo__parameterized9 |         39 |         39 |       0 |    0 |    30 |      0 |      0 |          0 |
|                   gen_srls[0].srl_nx1                                                                 |                          xdma_ddr3_axi_smc_0_sc_util_v1_0_4_srl_rtl__parameterized0_242 |          4 |          3 |       0 |    1 |     0 |      0 |      0 |          0 |
|                   gen_srls[10].srl_nx1                                                                |                          xdma_ddr3_axi_smc_0_sc_util_v1_0_4_srl_rtl__parameterized0_243 |          2 |          1 |       0 |    1 |     0 |      0 |      0 |          0 |
|                   gen_srls[11].srl_nx1                                                                |                          xdma_ddr3_axi_smc_0_sc_util_v1_0_4_srl_rtl__parameterized0_244 |          2 |          1 |       0 |    1 |     0 |      0 |      0 |          0 |
|                   gen_srls[12].srl_nx1                                                                |                          xdma_ddr3_axi_smc_0_sc_util_v1_0_4_srl_rtl__parameterized0_245 |          2 |          1 |       0 |    1 |     0 |      0 |      0 |          0 |
|                   gen_srls[13].srl_nx1                                                                |                          xdma_ddr3_axi_smc_0_sc_util_v1_0_4_srl_rtl__parameterized0_246 |          2 |          1 |       0 |    1 |     0 |      0 |      0 |          0 |
|                   gen_srls[14].srl_nx1                                                                |                          xdma_ddr3_axi_smc_0_sc_util_v1_0_4_srl_rtl__parameterized0_247 |          2 |          1 |       0 |    1 |     0 |      0 |      0 |          0 |
|                   gen_srls[15].srl_nx1                                                                |                          xdma_ddr3_axi_smc_0_sc_util_v1_0_4_srl_rtl__parameterized0_248 |          2 |          1 |       0 |    1 |     0 |      0 |      0 |          0 |
|                   gen_srls[16].srl_nx1                                                                |                          xdma_ddr3_axi_smc_0_sc_util_v1_0_4_srl_rtl__parameterized0_249 |          2 |          1 |       0 |    1 |     0 |      0 |      0 |          0 |
|                   gen_srls[17].srl_nx1                                                                |                          xdma_ddr3_axi_smc_0_sc_util_v1_0_4_srl_rtl__parameterized0_250 |          2 |          1 |       0 |    1 |     0 |      0 |      0 |          0 |
|                   gen_srls[18].srl_nx1                                                                |                          xdma_ddr3_axi_smc_0_sc_util_v1_0_4_srl_rtl__parameterized0_251 |          2 |          1 |       0 |    1 |     0 |      0 |      0 |          0 |
|                   gen_srls[19].srl_nx1                                                                |                          xdma_ddr3_axi_smc_0_sc_util_v1_0_4_srl_rtl__parameterized0_252 |          3 |          2 |       0 |    1 |     0 |      0 |      0 |          0 |
|                   gen_srls[1].srl_nx1                                                                 |                          xdma_ddr3_axi_smc_0_sc_util_v1_0_4_srl_rtl__parameterized0_253 |          4 |          3 |       0 |    1 |     0 |      0 |      0 |          0 |
|                   gen_srls[20].srl_nx1                                                                |                          xdma_ddr3_axi_smc_0_sc_util_v1_0_4_srl_rtl__parameterized0_254 |          3 |          2 |       0 |    1 |     0 |      0 |      0 |          0 |
|                   gen_srls[21].srl_nx1                                                                |                          xdma_ddr3_axi_smc_0_sc_util_v1_0_4_srl_rtl__parameterized0_255 |          4 |          3 |       0 |    1 |     0 |      0 |      0 |          0 |
|                   gen_srls[2].srl_nx1                                                                 |                          xdma_ddr3_axi_smc_0_sc_util_v1_0_4_srl_rtl__parameterized0_256 |          2 |          1 |       0 |    1 |     0 |      0 |      0 |          0 |
|                   gen_srls[3].srl_nx1                                                                 |                          xdma_ddr3_axi_smc_0_sc_util_v1_0_4_srl_rtl__parameterized0_257 |          2 |          1 |       0 |    1 |     0 |      0 |      0 |          0 |
|                   gen_srls[4].srl_nx1                                                                 |                          xdma_ddr3_axi_smc_0_sc_util_v1_0_4_srl_rtl__parameterized0_258 |          2 |          1 |       0 |    1 |     0 |      0 |      0 |          0 |
|                   gen_srls[5].srl_nx1                                                                 |                          xdma_ddr3_axi_smc_0_sc_util_v1_0_4_srl_rtl__parameterized0_259 |          2 |          1 |       0 |    1 |     0 |      0 |      0 |          0 |
|                   gen_srls[6].srl_nx1                                                                 |                          xdma_ddr3_axi_smc_0_sc_util_v1_0_4_srl_rtl__parameterized0_260 |          2 |          1 |       0 |    1 |     0 |      0 |      0 |          0 |
|                   gen_srls[7].srl_nx1                                                                 |                          xdma_ddr3_axi_smc_0_sc_util_v1_0_4_srl_rtl__parameterized0_261 |          2 |          1 |       0 |    1 |     0 |      0 |      0 |          0 |
|                   gen_srls[8].srl_nx1                                                                 |                          xdma_ddr3_axi_smc_0_sc_util_v1_0_4_srl_rtl__parameterized0_262 |          2 |          1 |       0 |    1 |     0 |      0 |      0 |          0 |
|                   gen_srls[9].srl_nx1                                                                 |                          xdma_ddr3_axi_smc_0_sc_util_v1_0_4_srl_rtl__parameterized0_263 |          2 |          1 |       0 |    1 |     0 |      0 |      0 |          0 |
|                 gen_thread_loop[0].r_payld_fifo                                                       |                                 xdma_ddr3_axi_smc_0_sc_si_converter_v1_0_10_offset_fifo |        224 |        146 |       0 |   78 |   120 |      0 |      0 |          0 |
|                   (gen_thread_loop[0].r_payld_fifo)                                                   |                                 xdma_ddr3_axi_smc_0_sc_si_converter_v1_0_10_offset_fifo |         70 |         70 |       0 |    0 |   100 |      0 |      0 |          0 |
|                   cmd_fifo                                                                            |               xdma_ddr3_axi_smc_0_sc_util_v1_0_4_axic_reg_srl_fifo__parameterized10_163 |         85 |         73 |       0 |   12 |    20 |      0 |      0 |          0 |
|                     (cmd_fifo)                                                                        |               xdma_ddr3_axi_smc_0_sc_util_v1_0_4_axic_reg_srl_fifo__parameterized10_163 |         56 |         56 |       0 |    0 |    20 |      0 |      0 |          0 |
|                     gen_srls[0].srl_nx1                                                               |                          xdma_ddr3_axi_smc_0_sc_util_v1_0_4_srl_rtl__parameterized0_230 |          2 |          1 |       0 |    1 |     0 |      0 |      0 |          0 |
|                     gen_srls[10].srl_nx1                                                              |                          xdma_ddr3_axi_smc_0_sc_util_v1_0_4_srl_rtl__parameterized0_231 |          3 |          2 |       0 |    1 |     0 |      0 |      0 |          0 |
|                     gen_srls[11].srl_nx1                                                              |                          xdma_ddr3_axi_smc_0_sc_util_v1_0_4_srl_rtl__parameterized0_232 |          4 |          3 |       0 |    1 |     0 |      0 |      0 |          0 |
|                     gen_srls[1].srl_nx1                                                               |                          xdma_ddr3_axi_smc_0_sc_util_v1_0_4_srl_rtl__parameterized0_233 |          2 |          1 |       0 |    1 |     0 |      0 |      0 |          0 |
|                     gen_srls[2].srl_nx1                                                               |                          xdma_ddr3_axi_smc_0_sc_util_v1_0_4_srl_rtl__parameterized0_234 |          2 |          1 |       0 |    1 |     0 |      0 |      0 |          0 |
|                     gen_srls[3].srl_nx1                                                               |                          xdma_ddr3_axi_smc_0_sc_util_v1_0_4_srl_rtl__parameterized0_235 |          2 |          1 |       0 |    1 |     0 |      0 |      0 |          0 |
|                     gen_srls[4].srl_nx1                                                               |                          xdma_ddr3_axi_smc_0_sc_util_v1_0_4_srl_rtl__parameterized0_236 |          2 |          1 |       0 |    1 |     0 |      0 |      0 |          0 |
|                     gen_srls[5].srl_nx1                                                               |                          xdma_ddr3_axi_smc_0_sc_util_v1_0_4_srl_rtl__parameterized0_237 |          2 |          1 |       0 |    1 |     0 |      0 |      0 |          0 |
|                     gen_srls[6].srl_nx1                                                               |                          xdma_ddr3_axi_smc_0_sc_util_v1_0_4_srl_rtl__parameterized0_238 |          2 |          1 |       0 |    1 |     0 |      0 |      0 |          0 |
|                     gen_srls[7].srl_nx1                                                               |                          xdma_ddr3_axi_smc_0_sc_util_v1_0_4_srl_rtl__parameterized0_239 |          2 |          1 |       0 |    1 |     0 |      0 |      0 |          0 |
|                     gen_srls[8].srl_nx1                                                               |                          xdma_ddr3_axi_smc_0_sc_util_v1_0_4_srl_rtl__parameterized0_240 |          3 |          2 |       0 |    1 |     0 |      0 |      0 |          0 |
|                     gen_srls[9].srl_nx1                                                               |                          xdma_ddr3_axi_smc_0_sc_util_v1_0_4_srl_rtl__parameterized0_241 |          3 |          2 |       0 |    1 |     0 |      0 |      0 |          0 |
|                   gen_srls[10].srl_nx1                                                                |                                          xdma_ddr3_axi_smc_0_sc_util_v1_0_4_srl_rtl_164 |          1 |          0 |       0 |    1 |     0 |      0 |      0 |          0 |
|                   gen_srls[11].srl_nx1                                                                |                                          xdma_ddr3_axi_smc_0_sc_util_v1_0_4_srl_rtl_165 |          1 |          0 |       0 |    1 |     0 |      0 |      0 |          0 |
|                   gen_srls[12].srl_nx1                                                                |                                          xdma_ddr3_axi_smc_0_sc_util_v1_0_4_srl_rtl_166 |          1 |          0 |       0 |    1 |     0 |      0 |      0 |          0 |
|                   gen_srls[13].srl_nx1                                                                |                                          xdma_ddr3_axi_smc_0_sc_util_v1_0_4_srl_rtl_167 |          1 |          0 |       0 |    1 |     0 |      0 |      0 |          0 |
|                   gen_srls[14].srl_nx1                                                                |                                          xdma_ddr3_axi_smc_0_sc_util_v1_0_4_srl_rtl_168 |          1 |          0 |       0 |    1 |     0 |      0 |      0 |          0 |
|                   gen_srls[15].srl_nx1                                                                |                                          xdma_ddr3_axi_smc_0_sc_util_v1_0_4_srl_rtl_169 |          1 |          0 |       0 |    1 |     0 |      0 |      0 |          0 |
|                   gen_srls[16].srl_nx1                                                                |                                          xdma_ddr3_axi_smc_0_sc_util_v1_0_4_srl_rtl_170 |          1 |          0 |       0 |    1 |     0 |      0 |      0 |          0 |
|                   gen_srls[17].srl_nx1                                                                |                                          xdma_ddr3_axi_smc_0_sc_util_v1_0_4_srl_rtl_171 |          1 |          0 |       0 |    1 |     0 |      0 |      0 |          0 |
|                   gen_srls[18].srl_nx1                                                                |                                          xdma_ddr3_axi_smc_0_sc_util_v1_0_4_srl_rtl_172 |          1 |          0 |       0 |    1 |     0 |      0 |      0 |          0 |
|                   gen_srls[19].srl_nx1                                                                |                                          xdma_ddr3_axi_smc_0_sc_util_v1_0_4_srl_rtl_173 |          1 |          0 |       0 |    1 |     0 |      0 |      0 |          0 |
|                   gen_srls[20].srl_nx1                                                                |                                          xdma_ddr3_axi_smc_0_sc_util_v1_0_4_srl_rtl_174 |          1 |          0 |       0 |    1 |     0 |      0 |      0 |          0 |
|                   gen_srls[21].srl_nx1                                                                |                                          xdma_ddr3_axi_smc_0_sc_util_v1_0_4_srl_rtl_175 |          1 |          0 |       0 |    1 |     0 |      0 |      0 |          0 |
|                   gen_srls[22].srl_nx1                                                                |                                          xdma_ddr3_axi_smc_0_sc_util_v1_0_4_srl_rtl_176 |          1 |          0 |       0 |    1 |     0 |      0 |      0 |          0 |
|                   gen_srls[23].srl_nx1                                                                |                                          xdma_ddr3_axi_smc_0_sc_util_v1_0_4_srl_rtl_177 |          1 |          0 |       0 |    1 |     0 |      0 |      0 |          0 |
|                   gen_srls[24].srl_nx1                                                                |                                          xdma_ddr3_axi_smc_0_sc_util_v1_0_4_srl_rtl_178 |          1 |          0 |       0 |    1 |     0 |      0 |      0 |          0 |
|                   gen_srls[25].srl_nx1                                                                |                                          xdma_ddr3_axi_smc_0_sc_util_v1_0_4_srl_rtl_179 |          1 |          0 |       0 |    1 |     0 |      0 |      0 |          0 |
|                   gen_srls[26].srl_nx1                                                                |                                          xdma_ddr3_axi_smc_0_sc_util_v1_0_4_srl_rtl_180 |          1 |          0 |       0 |    1 |     0 |      0 |      0 |          0 |
|                   gen_srls[27].srl_nx1                                                                |                                          xdma_ddr3_axi_smc_0_sc_util_v1_0_4_srl_rtl_181 |          1 |          0 |       0 |    1 |     0 |      0 |      0 |          0 |
|                   gen_srls[28].srl_nx1                                                                |                                          xdma_ddr3_axi_smc_0_sc_util_v1_0_4_srl_rtl_182 |          1 |          0 |       0 |    1 |     0 |      0 |      0 |          0 |
|                   gen_srls[29].srl_nx1                                                                |                                          xdma_ddr3_axi_smc_0_sc_util_v1_0_4_srl_rtl_183 |          1 |          0 |       0 |    1 |     0 |      0 |      0 |          0 |
|                   gen_srls[30].srl_nx1                                                                |                                          xdma_ddr3_axi_smc_0_sc_util_v1_0_4_srl_rtl_184 |          1 |          0 |       0 |    1 |     0 |      0 |      0 |          0 |
|                   gen_srls[31].srl_nx1                                                                |                                          xdma_ddr3_axi_smc_0_sc_util_v1_0_4_srl_rtl_185 |          1 |          0 |       0 |    1 |     0 |      0 |      0 |          0 |
|                   gen_srls[32].srl_nx1                                                                |                                          xdma_ddr3_axi_smc_0_sc_util_v1_0_4_srl_rtl_186 |          1 |          0 |       0 |    1 |     0 |      0 |      0 |          0 |
|                   gen_srls[33].srl_nx1                                                                |                                          xdma_ddr3_axi_smc_0_sc_util_v1_0_4_srl_rtl_187 |          1 |          0 |       0 |    1 |     0 |      0 |      0 |          0 |
|                   gen_srls[34].srl_nx1                                                                |                                          xdma_ddr3_axi_smc_0_sc_util_v1_0_4_srl_rtl_188 |          1 |          0 |       0 |    1 |     0 |      0 |      0 |          0 |
|                   gen_srls[35].srl_nx1                                                                |                                          xdma_ddr3_axi_smc_0_sc_util_v1_0_4_srl_rtl_189 |          1 |          0 |       0 |    1 |     0 |      0 |      0 |          0 |
|                   gen_srls[36].srl_nx1                                                                |                                          xdma_ddr3_axi_smc_0_sc_util_v1_0_4_srl_rtl_190 |          1 |          0 |       0 |    1 |     0 |      0 |      0 |          0 |
|                   gen_srls[37].srl_nx1                                                                |                                          xdma_ddr3_axi_smc_0_sc_util_v1_0_4_srl_rtl_191 |          1 |          0 |       0 |    1 |     0 |      0 |      0 |          0 |
|                   gen_srls[38].srl_nx1                                                                |                                          xdma_ddr3_axi_smc_0_sc_util_v1_0_4_srl_rtl_192 |          1 |          0 |       0 |    1 |     0 |      0 |      0 |          0 |
|                   gen_srls[39].srl_nx1                                                                |                                          xdma_ddr3_axi_smc_0_sc_util_v1_0_4_srl_rtl_193 |          1 |          0 |       0 |    1 |     0 |      0 |      0 |          0 |
|                   gen_srls[40].srl_nx1                                                                |                                          xdma_ddr3_axi_smc_0_sc_util_v1_0_4_srl_rtl_194 |          1 |          0 |       0 |    1 |     0 |      0 |      0 |          0 |
|                   gen_srls[41].srl_nx1                                                                |                                          xdma_ddr3_axi_smc_0_sc_util_v1_0_4_srl_rtl_195 |          1 |          0 |       0 |    1 |     0 |      0 |      0 |          0 |
|                   gen_srls[42].srl_nx1                                                                |                                          xdma_ddr3_axi_smc_0_sc_util_v1_0_4_srl_rtl_196 |          1 |          0 |       0 |    1 |     0 |      0 |      0 |          0 |
|                   gen_srls[43].srl_nx1                                                                |                                          xdma_ddr3_axi_smc_0_sc_util_v1_0_4_srl_rtl_197 |          1 |          0 |       0 |    1 |     0 |      0 |      0 |          0 |
|                   gen_srls[44].srl_nx1                                                                |                                          xdma_ddr3_axi_smc_0_sc_util_v1_0_4_srl_rtl_198 |          1 |          0 |       0 |    1 |     0 |      0 |      0 |          0 |
|                   gen_srls[45].srl_nx1                                                                |                                          xdma_ddr3_axi_smc_0_sc_util_v1_0_4_srl_rtl_199 |          1 |          0 |       0 |    1 |     0 |      0 |      0 |          0 |
|                   gen_srls[46].srl_nx1                                                                |                                          xdma_ddr3_axi_smc_0_sc_util_v1_0_4_srl_rtl_200 |          1 |          0 |       0 |    1 |     0 |      0 |      0 |          0 |
|                   gen_srls[47].srl_nx1                                                                |                                          xdma_ddr3_axi_smc_0_sc_util_v1_0_4_srl_rtl_201 |          1 |          0 |       0 |    1 |     0 |      0 |      0 |          0 |
|                   gen_srls[48].srl_nx1                                                                |                                          xdma_ddr3_axi_smc_0_sc_util_v1_0_4_srl_rtl_202 |          1 |          0 |       0 |    1 |     0 |      0 |      0 |          0 |
|                   gen_srls[49].srl_nx1                                                                |                                          xdma_ddr3_axi_smc_0_sc_util_v1_0_4_srl_rtl_203 |          1 |          0 |       0 |    1 |     0 |      0 |      0 |          0 |
|                   gen_srls[50].srl_nx1                                                                |                                          xdma_ddr3_axi_smc_0_sc_util_v1_0_4_srl_rtl_204 |          1 |          0 |       0 |    1 |     0 |      0 |      0 |          0 |
|                   gen_srls[51].srl_nx1                                                                |                                          xdma_ddr3_axi_smc_0_sc_util_v1_0_4_srl_rtl_205 |          1 |          0 |       0 |    1 |     0 |      0 |      0 |          0 |
|                   gen_srls[52].srl_nx1                                                                |                                          xdma_ddr3_axi_smc_0_sc_util_v1_0_4_srl_rtl_206 |          1 |          0 |       0 |    1 |     0 |      0 |      0 |          0 |
|                   gen_srls[53].srl_nx1                                                                |                                          xdma_ddr3_axi_smc_0_sc_util_v1_0_4_srl_rtl_207 |          1 |          0 |       0 |    1 |     0 |      0 |      0 |          0 |
|                   gen_srls[54].srl_nx1                                                                |                                          xdma_ddr3_axi_smc_0_sc_util_v1_0_4_srl_rtl_208 |          1 |          0 |       0 |    1 |     0 |      0 |      0 |          0 |
|                   gen_srls[55].srl_nx1                                                                |                                          xdma_ddr3_axi_smc_0_sc_util_v1_0_4_srl_rtl_209 |          1 |          0 |       0 |    1 |     0 |      0 |      0 |          0 |
|                   gen_srls[56].srl_nx1                                                                |                                          xdma_ddr3_axi_smc_0_sc_util_v1_0_4_srl_rtl_210 |          1 |          0 |       0 |    1 |     0 |      0 |      0 |          0 |
|                   gen_srls[57].srl_nx1                                                                |                                          xdma_ddr3_axi_smc_0_sc_util_v1_0_4_srl_rtl_211 |          1 |          0 |       0 |    1 |     0 |      0 |      0 |          0 |
|                   gen_srls[58].srl_nx1                                                                |                                          xdma_ddr3_axi_smc_0_sc_util_v1_0_4_srl_rtl_212 |          1 |          0 |       0 |    1 |     0 |      0 |      0 |          0 |
|                   gen_srls[59].srl_nx1                                                                |                                          xdma_ddr3_axi_smc_0_sc_util_v1_0_4_srl_rtl_213 |          1 |          0 |       0 |    1 |     0 |      0 |      0 |          0 |
|                   gen_srls[60].srl_nx1                                                                |                                          xdma_ddr3_axi_smc_0_sc_util_v1_0_4_srl_rtl_214 |          1 |          0 |       0 |    1 |     0 |      0 |      0 |          0 |
|                   gen_srls[61].srl_nx1                                                                |                                          xdma_ddr3_axi_smc_0_sc_util_v1_0_4_srl_rtl_215 |          1 |          0 |       0 |    1 |     0 |      0 |      0 |          0 |
|                   gen_srls[62].srl_nx1                                                                |                                          xdma_ddr3_axi_smc_0_sc_util_v1_0_4_srl_rtl_216 |          1 |          0 |       0 |    1 |     0 |      0 |      0 |          0 |
|                   gen_srls[63].srl_nx1                                                                |                                          xdma_ddr3_axi_smc_0_sc_util_v1_0_4_srl_rtl_217 |          1 |          0 |       0 |    1 |     0 |      0 |      0 |          0 |
|                   gen_srls[64].srl_nx1                                                                |                                          xdma_ddr3_axi_smc_0_sc_util_v1_0_4_srl_rtl_218 |          1 |          0 |       0 |    1 |     0 |      0 |      0 |          0 |
|                   gen_srls[65].srl_nx1                                                                |                                          xdma_ddr3_axi_smc_0_sc_util_v1_0_4_srl_rtl_219 |          1 |          0 |       0 |    1 |     0 |      0 |      0 |          0 |
|                   gen_srls[66].srl_nx1                                                                |                                          xdma_ddr3_axi_smc_0_sc_util_v1_0_4_srl_rtl_220 |          1 |          0 |       0 |    1 |     0 |      0 |      0 |          0 |
|                   gen_srls[67].srl_nx1                                                                |                                          xdma_ddr3_axi_smc_0_sc_util_v1_0_4_srl_rtl_221 |          1 |          0 |       0 |    1 |     0 |      0 |      0 |          0 |
|                   gen_srls[68].srl_nx1                                                                |                                          xdma_ddr3_axi_smc_0_sc_util_v1_0_4_srl_rtl_222 |          1 |          0 |       0 |    1 |     0 |      0 |      0 |          0 |
|                   gen_srls[69].srl_nx1                                                                |                                          xdma_ddr3_axi_smc_0_sc_util_v1_0_4_srl_rtl_223 |          1 |          0 |       0 |    1 |     0 |      0 |      0 |          0 |
|                   gen_srls[70].srl_nx1                                                                |                                          xdma_ddr3_axi_smc_0_sc_util_v1_0_4_srl_rtl_224 |          1 |          0 |       0 |    1 |     0 |      0 |      0 |          0 |
|                   gen_srls[71].srl_nx1                                                                |                                          xdma_ddr3_axi_smc_0_sc_util_v1_0_4_srl_rtl_225 |          1 |          0 |       0 |    1 |     0 |      0 |      0 |          0 |
|                   gen_srls[74].srl_nx1                                                                |                                          xdma_ddr3_axi_smc_0_sc_util_v1_0_4_srl_rtl_226 |          1 |          0 |       0 |    1 |     0 |      0 |      0 |          0 |
|                   gen_srls[75].srl_nx1                                                                |                                          xdma_ddr3_axi_smc_0_sc_util_v1_0_4_srl_rtl_227 |          6 |          5 |       0 |    1 |     0 |      0 |      0 |          0 |
|                   gen_srls[8].srl_nx1                                                                 |                                          xdma_ddr3_axi_smc_0_sc_util_v1_0_4_srl_rtl_228 |          2 |          1 |       0 |    1 |     0 |      0 |      0 |          0 |
|                   gen_srls[9].srl_nx1                                                                 |                                          xdma_ddr3_axi_smc_0_sc_util_v1_0_4_srl_rtl_229 |          1 |          0 |       0 |    1 |     0 |      0 |      0 |          0 |
|                 w_cmd_fifo                                                                            |                   xdma_ddr3_axi_smc_0_sc_util_v1_0_4_axic_reg_srl_fifo__parameterized11 |        122 |        104 |       0 |   18 |    26 |      0 |      0 |          0 |
|                   (w_cmd_fifo)                                                                        |                   xdma_ddr3_axi_smc_0_sc_util_v1_0_4_axic_reg_srl_fifo__parameterized11 |         80 |         80 |       0 |    0 |    26 |      0 |      0 |          0 |
|                   gen_srls[0].srl_nx1                                                                 |                          xdma_ddr3_axi_smc_0_sc_util_v1_0_4_srl_rtl__parameterized0_145 |          2 |          1 |       0 |    1 |     0 |      0 |      0 |          0 |
|                   gen_srls[10].srl_nx1                                                                |                          xdma_ddr3_axi_smc_0_sc_util_v1_0_4_srl_rtl__parameterized0_146 |          2 |          1 |       0 |    1 |     0 |      0 |      0 |          0 |
|                   gen_srls[11].srl_nx1                                                                |                          xdma_ddr3_axi_smc_0_sc_util_v1_0_4_srl_rtl__parameterized0_147 |          2 |          1 |       0 |    1 |     0 |      0 |      0 |          0 |
|                   gen_srls[12].srl_nx1                                                                |                          xdma_ddr3_axi_smc_0_sc_util_v1_0_4_srl_rtl__parameterized0_148 |          3 |          2 |       0 |    1 |     0 |      0 |      0 |          0 |
|                   gen_srls[13].srl_nx1                                                                |                          xdma_ddr3_axi_smc_0_sc_util_v1_0_4_srl_rtl__parameterized0_149 |          3 |          2 |       0 |    1 |     0 |      0 |      0 |          0 |
|                   gen_srls[14].srl_nx1                                                                |                          xdma_ddr3_axi_smc_0_sc_util_v1_0_4_srl_rtl__parameterized0_150 |          3 |          2 |       0 |    1 |     0 |      0 |      0 |          0 |
|                   gen_srls[15].srl_nx1                                                                |                          xdma_ddr3_axi_smc_0_sc_util_v1_0_4_srl_rtl__parameterized0_151 |          3 |          2 |       0 |    1 |     0 |      0 |      0 |          0 |
|                   gen_srls[16].srl_nx1                                                                |                          xdma_ddr3_axi_smc_0_sc_util_v1_0_4_srl_rtl__parameterized0_152 |          3 |          2 |       0 |    1 |     0 |      0 |      0 |          0 |
|                   gen_srls[17].srl_nx1                                                                |                          xdma_ddr3_axi_smc_0_sc_util_v1_0_4_srl_rtl__parameterized0_153 |          4 |          3 |       0 |    1 |     0 |      0 |      0 |          0 |
|                   gen_srls[1].srl_nx1                                                                 |                          xdma_ddr3_axi_smc_0_sc_util_v1_0_4_srl_rtl__parameterized0_154 |          2 |          1 |       0 |    1 |     0 |      0 |      0 |          0 |
|                   gen_srls[2].srl_nx1                                                                 |                          xdma_ddr3_axi_smc_0_sc_util_v1_0_4_srl_rtl__parameterized0_155 |          2 |          1 |       0 |    1 |     0 |      0 |      0 |          0 |
|                   gen_srls[3].srl_nx1                                                                 |                          xdma_ddr3_axi_smc_0_sc_util_v1_0_4_srl_rtl__parameterized0_156 |          2 |          1 |       0 |    1 |     0 |      0 |      0 |          0 |
|                   gen_srls[4].srl_nx1                                                                 |                          xdma_ddr3_axi_smc_0_sc_util_v1_0_4_srl_rtl__parameterized0_157 |          2 |          1 |       0 |    1 |     0 |      0 |      0 |          0 |
|                   gen_srls[5].srl_nx1                                                                 |                          xdma_ddr3_axi_smc_0_sc_util_v1_0_4_srl_rtl__parameterized0_158 |          2 |          1 |       0 |    1 |     0 |      0 |      0 |          0 |
|                   gen_srls[6].srl_nx1                                                                 |                          xdma_ddr3_axi_smc_0_sc_util_v1_0_4_srl_rtl__parameterized0_159 |          2 |          1 |       0 |    1 |     0 |      0 |      0 |          0 |
|                   gen_srls[7].srl_nx1                                                                 |                          xdma_ddr3_axi_smc_0_sc_util_v1_0_4_srl_rtl__parameterized0_160 |          2 |          1 |       0 |    1 |     0 |      0 |      0 |          0 |
|                   gen_srls[8].srl_nx1                                                                 |                          xdma_ddr3_axi_smc_0_sc_util_v1_0_4_srl_rtl__parameterized0_161 |          2 |          1 |       0 |    1 |     0 |      0 |      0 |          0 |
|                   gen_srls[9].srl_nx1                                                                 |                          xdma_ddr3_axi_smc_0_sc_util_v1_0_4_srl_rtl__parameterized0_162 |          2 |          1 |       0 |    1 |     0 |      0 |      0 |          0 |
|                 w_payld_fifo                                                                          |                 xdma_ddr3_axi_smc_0_sc_si_converter_v1_0_10_offset_fifo__parameterized0 |        218 |        132 |       0 |   86 |   129 |      0 |      0 |          0 |
|                   (w_payld_fifo)                                                                      |                 xdma_ddr3_axi_smc_0_sc_si_converter_v1_0_10_offset_fifo__parameterized0 |         39 |         39 |       0 |    0 |   109 |      0 |      0 |          0 |
|                   cmd_fifo                                                                            |                   xdma_ddr3_axi_smc_0_sc_util_v1_0_4_axic_reg_srl_fifo__parameterized10 |        101 |         89 |       0 |   12 |    20 |      0 |      0 |          0 |
|                     (cmd_fifo)                                                                        |                   xdma_ddr3_axi_smc_0_sc_util_v1_0_4_axic_reg_srl_fifo__parameterized10 |         44 |         44 |       0 |    0 |    20 |      0 |      0 |          0 |
|                     gen_srls[0].srl_nx1                                                               |                          xdma_ddr3_axi_smc_0_sc_util_v1_0_4_srl_rtl__parameterized0_133 |          4 |          3 |       0 |    1 |     0 |      0 |      0 |          0 |
|                     gen_srls[10].srl_nx1                                                              |                          xdma_ddr3_axi_smc_0_sc_util_v1_0_4_srl_rtl__parameterized0_134 |          9 |          8 |       0 |    1 |     0 |      0 |      0 |          0 |
|                     gen_srls[11].srl_nx1                                                              |                          xdma_ddr3_axi_smc_0_sc_util_v1_0_4_srl_rtl__parameterized0_135 |         13 |         12 |       0 |    1 |     0 |      0 |      0 |          0 |
|                     gen_srls[1].srl_nx1                                                               |                          xdma_ddr3_axi_smc_0_sc_util_v1_0_4_srl_rtl__parameterized0_136 |          9 |          8 |       0 |    1 |     0 |      0 |      0 |          0 |
|                     gen_srls[2].srl_nx1                                                               |                          xdma_ddr3_axi_smc_0_sc_util_v1_0_4_srl_rtl__parameterized0_137 |          2 |          1 |       0 |    1 |     0 |      0 |      0 |          0 |
|                     gen_srls[3].srl_nx1                                                               |                          xdma_ddr3_axi_smc_0_sc_util_v1_0_4_srl_rtl__parameterized0_138 |          4 |          3 |       0 |    1 |     0 |      0 |      0 |          0 |
|                     gen_srls[4].srl_nx1                                                               |                          xdma_ddr3_axi_smc_0_sc_util_v1_0_4_srl_rtl__parameterized0_139 |          3 |          2 |       0 |    1 |     0 |      0 |      0 |          0 |
|                     gen_srls[5].srl_nx1                                                               |                          xdma_ddr3_axi_smc_0_sc_util_v1_0_4_srl_rtl__parameterized0_140 |          3 |          2 |       0 |    1 |     0 |      0 |      0 |          0 |
|                     gen_srls[6].srl_nx1                                                               |                          xdma_ddr3_axi_smc_0_sc_util_v1_0_4_srl_rtl__parameterized0_141 |          3 |          2 |       0 |    1 |     0 |      0 |      0 |          0 |
|                     gen_srls[7].srl_nx1                                                               |                          xdma_ddr3_axi_smc_0_sc_util_v1_0_4_srl_rtl__parameterized0_142 |          3 |          2 |       0 |    1 |     0 |      0 |      0 |          0 |
|                     gen_srls[8].srl_nx1                                                               |                          xdma_ddr3_axi_smc_0_sc_util_v1_0_4_srl_rtl__parameterized0_143 |          3 |          2 |       0 |    1 |     0 |      0 |      0 |          0 |
|                     gen_srls[9].srl_nx1                                                               |                          xdma_ddr3_axi_smc_0_sc_util_v1_0_4_srl_rtl__parameterized0_144 |          5 |          4 |       0 |    1 |     0 |      0 |      0 |          0 |
|                   gen_srls[0].srl_nx1                                                                 |                                              xdma_ddr3_axi_smc_0_sc_util_v1_0_4_srl_rtl |          2 |          1 |       0 |    1 |     0 |      0 |      0 |          0 |
|                   gen_srls[100].srl_nx1                                                               |                                           xdma_ddr3_axi_smc_0_sc_util_v1_0_4_srl_rtl_60 |          1 |          0 |       0 |    1 |     0 |      0 |      0 |          0 |
|                   gen_srls[101].srl_nx1                                                               |                                           xdma_ddr3_axi_smc_0_sc_util_v1_0_4_srl_rtl_61 |          1 |          0 |       0 |    1 |     0 |      0 |      0 |          0 |
|                   gen_srls[102].srl_nx1                                                               |                                           xdma_ddr3_axi_smc_0_sc_util_v1_0_4_srl_rtl_62 |          1 |          0 |       0 |    1 |     0 |      0 |      0 |          0 |
|                   gen_srls[103].srl_nx1                                                               |                                           xdma_ddr3_axi_smc_0_sc_util_v1_0_4_srl_rtl_63 |          1 |          0 |       0 |    1 |     0 |      0 |      0 |          0 |
|                   gen_srls[104].srl_nx1                                                               |                                           xdma_ddr3_axi_smc_0_sc_util_v1_0_4_srl_rtl_64 |          1 |          0 |       0 |    1 |     0 |      0 |      0 |          0 |
|                   gen_srls[105].srl_nx1                                                               |                                           xdma_ddr3_axi_smc_0_sc_util_v1_0_4_srl_rtl_65 |          1 |          0 |       0 |    1 |     0 |      0 |      0 |          0 |
|                   gen_srls[106].srl_nx1                                                               |                                           xdma_ddr3_axi_smc_0_sc_util_v1_0_4_srl_rtl_66 |          1 |          0 |       0 |    1 |     0 |      0 |      0 |          0 |
|                   gen_srls[107].srl_nx1                                                               |                                           xdma_ddr3_axi_smc_0_sc_util_v1_0_4_srl_rtl_67 |          1 |          0 |       0 |    1 |     0 |      0 |      0 |          0 |
|                   gen_srls[108].srl_nx1                                                               |                                           xdma_ddr3_axi_smc_0_sc_util_v1_0_4_srl_rtl_68 |          1 |          0 |       0 |    1 |     0 |      0 |      0 |          0 |
|                   gen_srls[109].srl_nx1                                                               |                                           xdma_ddr3_axi_smc_0_sc_util_v1_0_4_srl_rtl_69 |          1 |          0 |       0 |    1 |     0 |      0 |      0 |          0 |
|                   gen_srls[110].srl_nx1                                                               |                                           xdma_ddr3_axi_smc_0_sc_util_v1_0_4_srl_rtl_70 |          1 |          0 |       0 |    1 |     0 |      0 |      0 |          0 |
|                   gen_srls[111].srl_nx1                                                               |                                           xdma_ddr3_axi_smc_0_sc_util_v1_0_4_srl_rtl_71 |          1 |          0 |       0 |    1 |     0 |      0 |      0 |          0 |
|                   gen_srls[112].srl_nx1                                                               |                                           xdma_ddr3_axi_smc_0_sc_util_v1_0_4_srl_rtl_72 |          1 |          0 |       0 |    1 |     0 |      0 |      0 |          0 |
|                   gen_srls[113].srl_nx1                                                               |                                           xdma_ddr3_axi_smc_0_sc_util_v1_0_4_srl_rtl_73 |          1 |          0 |       0 |    1 |     0 |      0 |      0 |          0 |
|                   gen_srls[114].srl_nx1                                                               |                                           xdma_ddr3_axi_smc_0_sc_util_v1_0_4_srl_rtl_74 |          1 |          0 |       0 |    1 |     0 |      0 |      0 |          0 |
|                   gen_srls[115].srl_nx1                                                               |                                           xdma_ddr3_axi_smc_0_sc_util_v1_0_4_srl_rtl_75 |          1 |          0 |       0 |    1 |     0 |      0 |      0 |          0 |
|                   gen_srls[116].srl_nx1                                                               |                                           xdma_ddr3_axi_smc_0_sc_util_v1_0_4_srl_rtl_76 |          1 |          0 |       0 |    1 |     0 |      0 |      0 |          0 |
|                   gen_srls[117].srl_nx1                                                               |                                           xdma_ddr3_axi_smc_0_sc_util_v1_0_4_srl_rtl_77 |          1 |          0 |       0 |    1 |     0 |      0 |      0 |          0 |
|                   gen_srls[118].srl_nx1                                                               |                                           xdma_ddr3_axi_smc_0_sc_util_v1_0_4_srl_rtl_78 |          1 |          0 |       0 |    1 |     0 |      0 |      0 |          0 |
|                   gen_srls[119].srl_nx1                                                               |                                           xdma_ddr3_axi_smc_0_sc_util_v1_0_4_srl_rtl_79 |          1 |          0 |       0 |    1 |     0 |      0 |      0 |          0 |
|                   gen_srls[120].srl_nx1                                                               |                                           xdma_ddr3_axi_smc_0_sc_util_v1_0_4_srl_rtl_80 |          1 |          0 |       0 |    1 |     0 |      0 |      0 |          0 |
|                   gen_srls[121].srl_nx1                                                               |                                           xdma_ddr3_axi_smc_0_sc_util_v1_0_4_srl_rtl_81 |          1 |          0 |       0 |    1 |     0 |      0 |      0 |          0 |
|                   gen_srls[122].srl_nx1                                                               |                                           xdma_ddr3_axi_smc_0_sc_util_v1_0_4_srl_rtl_82 |          1 |          0 |       0 |    1 |     0 |      0 |      0 |          0 |
|                   gen_srls[123].srl_nx1                                                               |                                           xdma_ddr3_axi_smc_0_sc_util_v1_0_4_srl_rtl_83 |          1 |          0 |       0 |    1 |     0 |      0 |      0 |          0 |
|                   gen_srls[124].srl_nx1                                                               |                                           xdma_ddr3_axi_smc_0_sc_util_v1_0_4_srl_rtl_84 |          1 |          0 |       0 |    1 |     0 |      0 |      0 |          0 |
|                   gen_srls[125].srl_nx1                                                               |                                           xdma_ddr3_axi_smc_0_sc_util_v1_0_4_srl_rtl_85 |          1 |          0 |       0 |    1 |     0 |      0 |      0 |          0 |
|                   gen_srls[126].srl_nx1                                                               |                                           xdma_ddr3_axi_smc_0_sc_util_v1_0_4_srl_rtl_86 |          1 |          0 |       0 |    1 |     0 |      0 |      0 |          0 |
|                   gen_srls[127].srl_nx1                                                               |                                           xdma_ddr3_axi_smc_0_sc_util_v1_0_4_srl_rtl_87 |          1 |          0 |       0 |    1 |     0 |      0 |      0 |          0 |
|                   gen_srls[128].srl_nx1                                                               |                                           xdma_ddr3_axi_smc_0_sc_util_v1_0_4_srl_rtl_88 |          1 |          0 |       0 |    1 |     0 |      0 |      0 |          0 |
|                   gen_srls[129].srl_nx1                                                               |                                           xdma_ddr3_axi_smc_0_sc_util_v1_0_4_srl_rtl_89 |          1 |          0 |       0 |    1 |     0 |      0 |      0 |          0 |
|                   gen_srls[130].srl_nx1                                                               |                                           xdma_ddr3_axi_smc_0_sc_util_v1_0_4_srl_rtl_90 |          1 |          0 |       0 |    1 |     0 |      0 |      0 |          0 |
|                   gen_srls[131].srl_nx1                                                               |                                           xdma_ddr3_axi_smc_0_sc_util_v1_0_4_srl_rtl_91 |          1 |          0 |       0 |    1 |     0 |      0 |      0 |          0 |
|                   gen_srls[132].srl_nx1                                                               |                                           xdma_ddr3_axi_smc_0_sc_util_v1_0_4_srl_rtl_92 |          1 |          0 |       0 |    1 |     0 |      0 |      0 |          0 |
|                   gen_srls[133].srl_nx1                                                               |                                           xdma_ddr3_axi_smc_0_sc_util_v1_0_4_srl_rtl_93 |          1 |          0 |       0 |    1 |     0 |      0 |      0 |          0 |
|                   gen_srls[134].srl_nx1                                                               |                                           xdma_ddr3_axi_smc_0_sc_util_v1_0_4_srl_rtl_94 |          1 |          0 |       0 |    1 |     0 |      0 |      0 |          0 |
|                   gen_srls[135].srl_nx1                                                               |                                           xdma_ddr3_axi_smc_0_sc_util_v1_0_4_srl_rtl_95 |          1 |          0 |       0 |    1 |     0 |      0 |      0 |          0 |
|                   gen_srls[136].srl_nx1                                                               |                                           xdma_ddr3_axi_smc_0_sc_util_v1_0_4_srl_rtl_96 |          1 |          0 |       0 |    1 |     0 |      0 |      0 |          0 |
|                   gen_srls[137].srl_nx1                                                               |                                           xdma_ddr3_axi_smc_0_sc_util_v1_0_4_srl_rtl_97 |          1 |          0 |       0 |    1 |     0 |      0 |      0 |          0 |
|                   gen_srls[138].srl_nx1                                                               |                                           xdma_ddr3_axi_smc_0_sc_util_v1_0_4_srl_rtl_98 |          1 |          0 |       0 |    1 |     0 |      0 |      0 |          0 |
|                   gen_srls[139].srl_nx1                                                               |                                           xdma_ddr3_axi_smc_0_sc_util_v1_0_4_srl_rtl_99 |          1 |          0 |       0 |    1 |     0 |      0 |      0 |          0 |
|                   gen_srls[140].srl_nx1                                                               |                                          xdma_ddr3_axi_smc_0_sc_util_v1_0_4_srl_rtl_100 |          1 |          0 |       0 |    1 |     0 |      0 |      0 |          0 |
|                   gen_srls[141].srl_nx1                                                               |                                          xdma_ddr3_axi_smc_0_sc_util_v1_0_4_srl_rtl_101 |          1 |          0 |       0 |    1 |     0 |      0 |      0 |          0 |
|                   gen_srls[142].srl_nx1                                                               |                                          xdma_ddr3_axi_smc_0_sc_util_v1_0_4_srl_rtl_102 |          1 |          0 |       0 |    1 |     0 |      0 |      0 |          0 |
|                   gen_srls[143].srl_nx1                                                               |                                          xdma_ddr3_axi_smc_0_sc_util_v1_0_4_srl_rtl_103 |          6 |          5 |       0 |    1 |     0 |      0 |      0 |          0 |
|                   gen_srls[1].srl_nx1                                                                 |                                          xdma_ddr3_axi_smc_0_sc_util_v1_0_4_srl_rtl_104 |          1 |          0 |       0 |    1 |     0 |      0 |      0 |          0 |
|                   gen_srls[72].srl_nx1                                                                |                                          xdma_ddr3_axi_smc_0_sc_util_v1_0_4_srl_rtl_105 |          1 |          0 |       0 |    1 |     0 |      0 |      0 |          0 |
|                   gen_srls[73].srl_nx1                                                                |                                          xdma_ddr3_axi_smc_0_sc_util_v1_0_4_srl_rtl_106 |          1 |          0 |       0 |    1 |     0 |      0 |      0 |          0 |
|                   gen_srls[74].srl_nx1                                                                |                                          xdma_ddr3_axi_smc_0_sc_util_v1_0_4_srl_rtl_107 |          1 |          0 |       0 |    1 |     0 |      0 |      0 |          0 |
|                   gen_srls[75].srl_nx1                                                                |                                          xdma_ddr3_axi_smc_0_sc_util_v1_0_4_srl_rtl_108 |          1 |          0 |       0 |    1 |     0 |      0 |      0 |          0 |
|                   gen_srls[76].srl_nx1                                                                |                                          xdma_ddr3_axi_smc_0_sc_util_v1_0_4_srl_rtl_109 |          1 |          0 |       0 |    1 |     0 |      0 |      0 |          0 |
|                   gen_srls[77].srl_nx1                                                                |                                          xdma_ddr3_axi_smc_0_sc_util_v1_0_4_srl_rtl_110 |          1 |          0 |       0 |    1 |     0 |      0 |      0 |          0 |
|                   gen_srls[78].srl_nx1                                                                |                                          xdma_ddr3_axi_smc_0_sc_util_v1_0_4_srl_rtl_111 |          1 |          0 |       0 |    1 |     0 |      0 |      0 |          0 |
|                   gen_srls[79].srl_nx1                                                                |                                          xdma_ddr3_axi_smc_0_sc_util_v1_0_4_srl_rtl_112 |          1 |          0 |       0 |    1 |     0 |      0 |      0 |          0 |
|                   gen_srls[80].srl_nx1                                                                |                                          xdma_ddr3_axi_smc_0_sc_util_v1_0_4_srl_rtl_113 |          1 |          0 |       0 |    1 |     0 |      0 |      0 |          0 |
|                   gen_srls[81].srl_nx1                                                                |                                          xdma_ddr3_axi_smc_0_sc_util_v1_0_4_srl_rtl_114 |          1 |          0 |       0 |    1 |     0 |      0 |      0 |          0 |
|                   gen_srls[82].srl_nx1                                                                |                                          xdma_ddr3_axi_smc_0_sc_util_v1_0_4_srl_rtl_115 |          1 |          0 |       0 |    1 |     0 |      0 |      0 |          0 |
|                   gen_srls[83].srl_nx1                                                                |                                          xdma_ddr3_axi_smc_0_sc_util_v1_0_4_srl_rtl_116 |          1 |          0 |       0 |    1 |     0 |      0 |      0 |          0 |
|                   gen_srls[84].srl_nx1                                                                |                                          xdma_ddr3_axi_smc_0_sc_util_v1_0_4_srl_rtl_117 |          1 |          0 |       0 |    1 |     0 |      0 |      0 |          0 |
|                   gen_srls[85].srl_nx1                                                                |                                          xdma_ddr3_axi_smc_0_sc_util_v1_0_4_srl_rtl_118 |          1 |          0 |       0 |    1 |     0 |      0 |      0 |          0 |
|                   gen_srls[86].srl_nx1                                                                |                                          xdma_ddr3_axi_smc_0_sc_util_v1_0_4_srl_rtl_119 |          1 |          0 |       0 |    1 |     0 |      0 |      0 |          0 |
|                   gen_srls[87].srl_nx1                                                                |                                          xdma_ddr3_axi_smc_0_sc_util_v1_0_4_srl_rtl_120 |          1 |          0 |       0 |    1 |     0 |      0 |      0 |          0 |
|                   gen_srls[88].srl_nx1                                                                |                                          xdma_ddr3_axi_smc_0_sc_util_v1_0_4_srl_rtl_121 |          1 |          0 |       0 |    1 |     0 |      0 |      0 |          0 |
|                   gen_srls[89].srl_nx1                                                                |                                          xdma_ddr3_axi_smc_0_sc_util_v1_0_4_srl_rtl_122 |          1 |          0 |       0 |    1 |     0 |      0 |      0 |          0 |
|                   gen_srls[90].srl_nx1                                                                |                                          xdma_ddr3_axi_smc_0_sc_util_v1_0_4_srl_rtl_123 |          1 |          0 |       0 |    1 |     0 |      0 |      0 |          0 |
|                   gen_srls[91].srl_nx1                                                                |                                          xdma_ddr3_axi_smc_0_sc_util_v1_0_4_srl_rtl_124 |          1 |          0 |       0 |    1 |     0 |      0 |      0 |          0 |
|                   gen_srls[92].srl_nx1                                                                |                                          xdma_ddr3_axi_smc_0_sc_util_v1_0_4_srl_rtl_125 |          1 |          0 |       0 |    1 |     0 |      0 |      0 |          0 |
|                   gen_srls[93].srl_nx1                                                                |                                          xdma_ddr3_axi_smc_0_sc_util_v1_0_4_srl_rtl_126 |          1 |          0 |       0 |    1 |     0 |      0 |      0 |          0 |
|                   gen_srls[94].srl_nx1                                                                |                                          xdma_ddr3_axi_smc_0_sc_util_v1_0_4_srl_rtl_127 |          1 |          0 |       0 |    1 |     0 |      0 |      0 |          0 |
|                   gen_srls[95].srl_nx1                                                                |                                          xdma_ddr3_axi_smc_0_sc_util_v1_0_4_srl_rtl_128 |          1 |          0 |       0 |    1 |     0 |      0 |      0 |          0 |
|                   gen_srls[96].srl_nx1                                                                |                                          xdma_ddr3_axi_smc_0_sc_util_v1_0_4_srl_rtl_129 |          1 |          0 |       0 |    1 |     0 |      0 |      0 |          0 |
|                   gen_srls[97].srl_nx1                                                                |                                          xdma_ddr3_axi_smc_0_sc_util_v1_0_4_srl_rtl_130 |          1 |          0 |       0 |    1 |     0 |      0 |      0 |          0 |
|                   gen_srls[98].srl_nx1                                                                |                                          xdma_ddr3_axi_smc_0_sc_util_v1_0_4_srl_rtl_131 |          1 |          0 |       0 |    1 |     0 |      0 |      0 |          0 |
|                   gen_srls[99].srl_nx1                                                                |                                          xdma_ddr3_axi_smc_0_sc_util_v1_0_4_srl_rtl_132 |          1 |          0 |       0 |    1 |     0 |      0 |      0 |          0 |
|               gen_normal.splitter_inst                                                                |                    xdma_ddr3_axi_smc_0_sc_si_converter_v1_0_10_splitter__parameterized0 |         39 |         30 |       0 |    9 |    18 |      0 |      0 |          0 |
|                 (gen_normal.splitter_inst)                                                            |                    xdma_ddr3_axi_smc_0_sc_si_converter_v1_0_10_splitter__parameterized0 |          0 |          0 |       0 |    0 |     1 |      0 |      0 |          0 |
|                 gen_no_wsplitter.gen_endpoint_woffset.gen_wbypass_offset_fifo.wbypass_offset_fifo     |                    xdma_ddr3_axi_smc_0_sc_util_v1_0_4_axic_reg_srl_fifo__parameterized8 |         39 |         30 |       0 |    9 |    17 |      0 |      0 |          0 |
|                   (gen_no_wsplitter.gen_endpoint_woffset.gen_wbypass_offset_fifo.wbypass_offset_fifo) |                    xdma_ddr3_axi_smc_0_sc_util_v1_0_4_axic_reg_srl_fifo__parameterized8 |         20 |         20 |       0 |    0 |    17 |      0 |      0 |          0 |
|                   gen_srls[0].srl_nx1                                                                 |                              xdma_ddr3_axi_smc_0_sc_util_v1_0_4_srl_rtl__parameterized0 |          2 |          1 |       0 |    1 |     0 |      0 |      0 |          0 |
|                   gen_srls[10].srl_nx1                                                                |                           xdma_ddr3_axi_smc_0_sc_util_v1_0_4_srl_rtl__parameterized0_50 |          3 |          2 |       0 |    1 |     0 |      0 |      0 |          0 |
|                   gen_srls[3].srl_nx1                                                                 |                           xdma_ddr3_axi_smc_0_sc_util_v1_0_4_srl_rtl__parameterized0_51 |          2 |          1 |       0 |    1 |     0 |      0 |      0 |          0 |
|                   gen_srls[4].srl_nx1                                                                 |                           xdma_ddr3_axi_smc_0_sc_util_v1_0_4_srl_rtl__parameterized0_52 |          2 |          1 |       0 |    1 |     0 |      0 |      0 |          0 |
|                   gen_srls[5].srl_nx1                                                                 |                           xdma_ddr3_axi_smc_0_sc_util_v1_0_4_srl_rtl__parameterized0_53 |          2 |          1 |       0 |    1 |     0 |      0 |      0 |          0 |
|                   gen_srls[6].srl_nx1                                                                 |                           xdma_ddr3_axi_smc_0_sc_util_v1_0_4_srl_rtl__parameterized0_54 |          2 |          1 |       0 |    1 |     0 |      0 |      0 |          0 |
|                   gen_srls[7].srl_nx1                                                                 |                           xdma_ddr3_axi_smc_0_sc_util_v1_0_4_srl_rtl__parameterized0_55 |          2 |          1 |       0 |    1 |     0 |      0 |      0 |          0 |
|                   gen_srls[8].srl_nx1                                                                 |                           xdma_ddr3_axi_smc_0_sc_util_v1_0_4_srl_rtl__parameterized0_56 |          2 |          1 |       0 |    1 |     0 |      0 |      0 |          0 |
|                   gen_srls[9].srl_nx1                                                                 |                           xdma_ddr3_axi_smc_0_sc_util_v1_0_4_srl_rtl__parameterized0_57 |          2 |          1 |       0 |    1 |     0 |      0 |      0 |          0 |
|               xpm_cdc_async_rst_inst                                                                  |                                                xdma_ddr3_axi_smc_0_xpm_cdc_async_rst__7 |          1 |          1 |       0 |    0 |     3 |      0 |      0 |          0 |
|           s01_transaction_regulator                                                                   |                                                     xdma_ddr3_axi_smc_0_bd_a1ba_s01tr_0 |        119 |        119 |       0 |    0 |   310 |      0 |      0 |          0 |
|             inst                                                                                      |                 xdma_ddr3_axi_smc_0_sc_transaction_regulator_v1_0_9_top__parameterized0 |        119 |        119 |       0 |    0 |   310 |      0 |      0 |          0 |
|               (inst)                                                                                  |                 xdma_ddr3_axi_smc_0_sc_transaction_regulator_v1_0_9_top__parameterized0 |          1 |          1 |       0 |    0 |     1 |      0 |      0 |          0 |
|               gen_endpoint.gen_r_singleorder.r_singleorder                                            |                         xdma_ddr3_axi_smc_0_sc_transaction_regulator_v1_0_9_singleorder |         59 |         59 |       0 |    0 |   153 |      0 |      0 |          0 |
|                 (gen_endpoint.gen_r_singleorder.r_singleorder)                                        |                         xdma_ddr3_axi_smc_0_sc_transaction_regulator_v1_0_9_singleorder |          3 |          3 |       0 |    0 |     9 |      0 |      0 |          0 |
|                 gen_cmd_reg.cmd_reg                                                                   |                                     xdma_ddr3_axi_smc_0_sc_util_v1_0_4_axi_reg_stall_49 |         56 |         56 |       0 |    0 |   144 |      0 |      0 |          0 |
|               gen_endpoint.gen_w_singleorder.w_singleorder                                            |                      xdma_ddr3_axi_smc_0_sc_transaction_regulator_v1_0_9_singleorder_48 |         58 |         58 |       0 |    0 |   153 |      0 |      0 |          0 |
|                 (gen_endpoint.gen_w_singleorder.w_singleorder)                                        |                      xdma_ddr3_axi_smc_0_sc_transaction_regulator_v1_0_9_singleorder_48 |          2 |          2 |       0 |    0 |     9 |      0 |      0 |          0 |
|                 gen_cmd_reg.cmd_reg                                                                   |                                        xdma_ddr3_axi_smc_0_sc_util_v1_0_4_axi_reg_stall |         56 |         56 |       0 |    0 |   144 |      0 |      0 |          0 |
|               xpm_cdc_async_rst_inst                                                                  |                                                xdma_ddr3_axi_smc_0_xpm_cdc_async_rst__8 |          1 |          1 |       0 |    0 |     3 |      0 |      0 |          0 |
|         s01_nodes                                                                                     |                                                xdma_ddr3_axi_smc_0_s01_nodes_imp_5HTXWK |        788 |        468 |     320 |    0 |   922 |      0 |      0 |          0 |
|           s01_ar_node                                                                                 |                                                      xdma_ddr3_axi_smc_0_bd_a1ba_sarn_1 |        141 |         81 |      60 |    0 |   146 |      0 |      0 |          0 |
|             inst                                                                                      |                                xdma_ddr3_axi_smc_0_sc_node_v1_0_14_top__parameterized14 |        141 |         81 |      60 |    0 |   146 |      0 |      0 |          0 |
|               (inst)                                                                                  |                                xdma_ddr3_axi_smc_0_sc_node_v1_0_14_top__parameterized14 |          3 |          3 |       0 |    0 |     1 |      0 |      0 |          0 |
|               inst_mi_handler                                                                         |                         xdma_ddr3_axi_smc_0_sc_node_v1_0_14_mi_handler__parameterized14 |        137 |         77 |      60 |    0 |   141 |      0 |      0 |          0 |
|                 (inst_mi_handler)                                                                     |                         xdma_ddr3_axi_smc_0_sc_node_v1_0_14_mi_handler__parameterized14 |          0 |          0 |       0 |    0 |     2 |      0 |      0 |          0 |
|                 gen_normal_area.gen_fifo_req.inst_fifo_req                                            |                     xdma_ddr3_axi_smc_0_sc_node_v1_0_14_fifo__parameterized1__xdcDup__5 |         33 |         29 |       4 |    0 |    23 |      0 |      0 |          0 |
|                   gen_xpm_memory_fifo.inst_fifo                                                       |           xdma_ddr3_axi_smc_0_sc_util_v1_0_4_xpm_memory_fifo__parameterized1__xdcDup__5 |         33 |         29 |       4 |    0 |    23 |      0 |      0 |          0 |
|                     (gen_xpm_memory_fifo.inst_fifo)                                                   |           xdma_ddr3_axi_smc_0_sc_util_v1_0_4_xpm_memory_fifo__parameterized1__xdcDup__5 |          5 |          5 |       0 |    0 |     3 |      0 |      0 |          0 |
|                     gen_mem_rep[0].inst_rd_addrb                                                      |                           xdma_ddr3_axi_smc_0_sc_util_v1_0_4_counter__parameterized0_45 |          6 |          6 |       0 |    0 |     6 |      0 |      0 |          0 |
|                     gen_mem_rep[0].inst_wr_addra                                                      |                           xdma_ddr3_axi_smc_0_sc_util_v1_0_4_counter__parameterized0_46 |          5 |          5 |       0 |    0 |     6 |      0 |      0 |          0 |
|                     gen_mem_rep[0].inst_xpm_memory                                                    |                                xdma_ddr3_axi_smc_0_xpm_memory_sdpram__parameterized1__9 |          4 |          0 |       4 |    0 |     2 |      0 |      0 |          0 |
|                       xpm_memory_base_inst                                                            |                                  xdma_ddr3_axi_smc_0_xpm_memory_base__parameterized1__9 |          4 |          0 |       4 |    0 |     2 |      0 |      0 |          0 |
|                     gen_wr.inst_wr_addra_p1                                                           |                           xdma_ddr3_axi_smc_0_sc_util_v1_0_4_counter__parameterized1_47 |         14 |         14 |       0 |    0 |     6 |      0 |      0 |          0 |
|                 gen_normal_area.inst_fifo_node_payld                                                  |                    xdma_ddr3_axi_smc_0_sc_node_v1_0_14_fifo__parameterized13__xdcDup__3 |         92 |         36 |      56 |    0 |   105 |      0 |      0 |          0 |
|                   gen_xpm_memory_fifo.inst_fifo                                                       |          xdma_ddr3_axi_smc_0_sc_util_v1_0_4_xpm_memory_fifo__parameterized13__xdcDup__3 |         92 |         36 |      56 |    0 |   105 |      0 |      0 |          0 |
|                     (gen_xpm_memory_fifo.inst_fifo)                                                   |          xdma_ddr3_axi_smc_0_sc_util_v1_0_4_xpm_memory_fifo__parameterized13__xdcDup__3 |          4 |          4 |       0 |    0 |     4 |      0 |      0 |          0 |
|                     gen_mem_rep[0].inst_rd_addrb                                                      |                           xdma_ddr3_axi_smc_0_sc_util_v1_0_4_counter__parameterized0_42 |          4 |          4 |       0 |    0 |     6 |      0 |      0 |          0 |
|                     gen_mem_rep[0].inst_wr_addra                                                      |                           xdma_ddr3_axi_smc_0_sc_util_v1_0_4_counter__parameterized0_43 |          5 |          5 |       0 |    0 |     6 |      0 |      0 |          0 |
|                     gen_mem_rep[0].inst_xpm_memory                                                    |                               xdma_ddr3_axi_smc_0_xpm_memory_sdpram__parameterized11__5 |         56 |          0 |      56 |    0 |    83 |      0 |      0 |          0 |
|                       xpm_memory_base_inst                                                            |                                 xdma_ddr3_axi_smc_0_xpm_memory_base__parameterized11__5 |         56 |          0 |      56 |    0 |    83 |      0 |      0 |          0 |
|                     gen_wr.inst_wr_addra_p1                                                           |                           xdma_ddr3_axi_smc_0_sc_util_v1_0_4_counter__parameterized1_44 |         23 |         23 |       0 |    0 |     6 |      0 |      0 |          0 |
|                 gen_normal_area.inst_fifo_send                                                        |                       xdma_ddr3_axi_smc_0_sc_node_v1_0_14_reg_slice3__parameterized0_41 |         12 |         12 |       0 |    0 |    11 |      0 |      0 |          0 |
|               inst_si_handler                                                                         |                          xdma_ddr3_axi_smc_0_sc_node_v1_0_14_si_handler__parameterized9 |          1 |          1 |       0 |    0 |     1 |      0 |      0 |          0 |
|               s_sc_xpm_cdc_async_rst_inst                                                             |                                               xdma_ddr3_axi_smc_0_xpm_cdc_async_rst__17 |          1 |          1 |       0 |    0 |     3 |      0 |      0 |          0 |
|           s01_aw_node                                                                                 |                                                      xdma_ddr3_axi_smc_0_bd_a1ba_sawn_1 |        137 |         81 |      56 |    0 |   140 |      0 |      0 |          0 |
|             inst                                                                                      |                                xdma_ddr3_axi_smc_0_sc_node_v1_0_14_top__parameterized15 |        137 |         81 |      56 |    0 |   140 |      0 |      0 |          0 |
|               (inst)                                                                                  |                                xdma_ddr3_axi_smc_0_sc_node_v1_0_14_top__parameterized15 |          3 |          3 |       0 |    0 |     1 |      0 |      0 |          0 |
|               inst_mi_handler                                                                         |                         xdma_ddr3_axi_smc_0_sc_node_v1_0_14_mi_handler__parameterized15 |        133 |         77 |      56 |    0 |   135 |      0 |      0 |          0 |
|                 (inst_mi_handler)                                                                     |                         xdma_ddr3_axi_smc_0_sc_node_v1_0_14_mi_handler__parameterized15 |          0 |          0 |       0 |    0 |     2 |      0 |      0 |          0 |
|                 gen_normal_area.gen_fifo_req.inst_fifo_req                                            |                                xdma_ddr3_axi_smc_0_sc_node_v1_0_14_fifo__parameterized1 |         33 |         29 |       4 |    0 |    23 |      0 |      0 |          0 |
|                   gen_xpm_memory_fifo.inst_fifo                                                       |                      xdma_ddr3_axi_smc_0_sc_util_v1_0_4_xpm_memory_fifo__parameterized1 |         33 |         29 |       4 |    0 |    23 |      0 |      0 |          0 |
|                     (gen_xpm_memory_fifo.inst_fifo)                                                   |                      xdma_ddr3_axi_smc_0_sc_util_v1_0_4_xpm_memory_fifo__parameterized1 |          5 |          5 |       0 |    0 |     3 |      0 |      0 |          0 |
|                     gen_mem_rep[0].inst_rd_addrb                                                      |                           xdma_ddr3_axi_smc_0_sc_util_v1_0_4_counter__parameterized0_38 |          6 |          6 |       0 |    0 |     6 |      0 |      0 |          0 |
|                     gen_mem_rep[0].inst_wr_addra                                                      |                           xdma_ddr3_axi_smc_0_sc_util_v1_0_4_counter__parameterized0_39 |          5 |          5 |       0 |    0 |     6 |      0 |      0 |          0 |
|                     gen_mem_rep[0].inst_xpm_memory                                                    |                                xdma_ddr3_axi_smc_0_xpm_memory_sdpram__parameterized1__8 |          4 |          0 |       4 |    0 |     2 |      0 |      0 |          0 |
|                       xpm_memory_base_inst                                                            |                                  xdma_ddr3_axi_smc_0_xpm_memory_base__parameterized1__8 |          4 |          0 |       4 |    0 |     2 |      0 |      0 |          0 |
|                     gen_wr.inst_wr_addra_p1                                                           |                           xdma_ddr3_axi_smc_0_sc_util_v1_0_4_counter__parameterized1_40 |         14 |         14 |       0 |    0 |     6 |      0 |      0 |          0 |
|                 gen_normal_area.inst_fifo_node_payld                                                  |                               xdma_ddr3_axi_smc_0_sc_node_v1_0_14_fifo__parameterized13 |         88 |         36 |      52 |    0 |    99 |      0 |      0 |          0 |
|                   gen_xpm_memory_fifo.inst_fifo                                                       |                     xdma_ddr3_axi_smc_0_sc_util_v1_0_4_xpm_memory_fifo__parameterized13 |         88 |         36 |      52 |    0 |    99 |      0 |      0 |          0 |
|                     (gen_xpm_memory_fifo.inst_fifo)                                                   |                     xdma_ddr3_axi_smc_0_sc_util_v1_0_4_xpm_memory_fifo__parameterized13 |          4 |          4 |       0 |    0 |     4 |      0 |      0 |          0 |
|                     gen_mem_rep[0].inst_rd_addrb                                                      |                           xdma_ddr3_axi_smc_0_sc_util_v1_0_4_counter__parameterized0_35 |          4 |          4 |       0 |    0 |     6 |      0 |      0 |          0 |
|                     gen_mem_rep[0].inst_wr_addra                                                      |                           xdma_ddr3_axi_smc_0_sc_util_v1_0_4_counter__parameterized0_36 |          5 |          5 |       0 |    0 |     6 |      0 |      0 |          0 |
|                     gen_mem_rep[0].inst_xpm_memory                                                    |                               xdma_ddr3_axi_smc_0_xpm_memory_sdpram__parameterized11__4 |         52 |          0 |      52 |    0 |    77 |      0 |      0 |          0 |
|                       xpm_memory_base_inst                                                            |                                 xdma_ddr3_axi_smc_0_xpm_memory_base__parameterized11__4 |         52 |          0 |      52 |    0 |    77 |      0 |      0 |          0 |
|                     gen_wr.inst_wr_addra_p1                                                           |                           xdma_ddr3_axi_smc_0_sc_util_v1_0_4_counter__parameterized1_37 |         23 |         23 |       0 |    0 |     6 |      0 |      0 |          0 |
|                 gen_normal_area.inst_fifo_send                                                        |                       xdma_ddr3_axi_smc_0_sc_node_v1_0_14_reg_slice3__parameterized0_34 |         12 |         12 |       0 |    0 |    11 |      0 |      0 |          0 |
|               inst_si_handler                                                                         |                          xdma_ddr3_axi_smc_0_sc_node_v1_0_14_si_handler__parameterized5 |          1 |          1 |       0 |    0 |     1 |      0 |      0 |          0 |
|               s_sc_xpm_cdc_async_rst_inst                                                             |                                               xdma_ddr3_axi_smc_0_xpm_cdc_async_rst__15 |          1 |          1 |       0 |    0 |     3 |      0 |      0 |          0 |
|           s01_b_node                                                                                  |                                                       xdma_ddr3_axi_smc_0_bd_a1ba_sbn_1 |         80 |         76 |       4 |    0 |    63 |      0 |      0 |          0 |
|             inst                                                                                      |                                xdma_ddr3_axi_smc_0_sc_node_v1_0_14_top__parameterized16 |         80 |         76 |       4 |    0 |    63 |      0 |      0 |          0 |
|               (inst)                                                                                  |                                xdma_ddr3_axi_smc_0_sc_node_v1_0_14_top__parameterized16 |          3 |          3 |       0 |    0 |     1 |      0 |      0 |          0 |
|               inst_mi_handler                                                                         |                         xdma_ddr3_axi_smc_0_sc_node_v1_0_14_mi_handler__parameterized16 |         63 |         59 |       4 |    0 |    48 |      0 |      0 |          0 |
|                 (inst_mi_handler)                                                                     |                         xdma_ddr3_axi_smc_0_sc_node_v1_0_14_mi_handler__parameterized16 |          0 |          0 |       0 |    0 |     2 |      0 |      0 |          0 |
|                 gen_normal_area.gen_node_prog_full.inst_node_prog_full                                |                                     xdma_ddr3_axi_smc_0_sc_node_v1_0_14_fifo__xdcDup__6 |         33 |         33 |       0 |    0 |    21 |      0 |      0 |          0 |
|                   gen_xpm_memory_fifo.inst_fifo                                                       |                           xdma_ddr3_axi_smc_0_sc_util_v1_0_4_xpm_memory_fifo__xdcDup__6 |         33 |         33 |       0 |    0 |    21 |      0 |      0 |          0 |
|                     (gen_xpm_memory_fifo.inst_fifo)                                                   |                           xdma_ddr3_axi_smc_0_sc_util_v1_0_4_xpm_memory_fifo__xdcDup__6 |          5 |          5 |       0 |    0 |     3 |      0 |      0 |          0 |
|                     gen_mem_rep[0].inst_rd_addrb                                                      |                           xdma_ddr3_axi_smc_0_sc_util_v1_0_4_counter__parameterized0_31 |          6 |          6 |       0 |    0 |     6 |      0 |      0 |          0 |
|                     gen_mem_rep[0].inst_wr_addra                                                      |                           xdma_ddr3_axi_smc_0_sc_util_v1_0_4_counter__parameterized0_32 |          4 |          4 |       0 |    0 |     6 |      0 |      0 |          0 |
|                     gen_wr.inst_wr_addra_p1                                                           |                           xdma_ddr3_axi_smc_0_sc_util_v1_0_4_counter__parameterized1_33 |         18 |         18 |       0 |    0 |     6 |      0 |      0 |          0 |
|                 gen_normal_area.inst_fifo_node_payld                                                  |                               xdma_ddr3_axi_smc_0_sc_node_v1_0_14_fifo__parameterized14 |         31 |         27 |       4 |    0 |    23 |      0 |      0 |          0 |
|                   gen_xpm_memory_fifo.inst_fifo                                                       |                     xdma_ddr3_axi_smc_0_sc_util_v1_0_4_xpm_memory_fifo__parameterized14 |         31 |         27 |       4 |    0 |    23 |      0 |      0 |          0 |
|                     (gen_xpm_memory_fifo.inst_fifo)                                                   |                     xdma_ddr3_axi_smc_0_sc_util_v1_0_4_xpm_memory_fifo__parameterized14 |          4 |          4 |       0 |    0 |     3 |      0 |      0 |          0 |
|                     gen_mem_rep[0].inst_rd_addrb                                                      |                           xdma_ddr3_axi_smc_0_sc_util_v1_0_4_counter__parameterized0_28 |          6 |          6 |       0 |    0 |     6 |      0 |      0 |          0 |
|                     gen_mem_rep[0].inst_wr_addra                                                      |                           xdma_ddr3_axi_smc_0_sc_util_v1_0_4_counter__parameterized0_29 |          4 |          4 |       0 |    0 |     6 |      0 |      0 |          0 |
|                     gen_mem_rep[0].inst_xpm_memory                                                    |                               xdma_ddr3_axi_smc_0_xpm_memory_sdpram__parameterized12__2 |          4 |          0 |       4 |    0 |     2 |      0 |      0 |          0 |
|                       xpm_memory_base_inst                                                            |                                 xdma_ddr3_axi_smc_0_xpm_memory_base__parameterized12__2 |          4 |          0 |       4 |    0 |     2 |      0 |      0 |          0 |
|                     gen_wr.inst_wr_addra_p1                                                           |                           xdma_ddr3_axi_smc_0_sc_util_v1_0_4_counter__parameterized1_30 |         13 |         13 |       0 |    0 |     6 |      0 |      0 |          0 |
|                 inst_ingress                                                                          |                            xdma_ddr3_axi_smc_0_sc_node_v1_0_14_ingress__parameterized11 |          0 |          0 |       0 |    0 |     2 |      0 |      0 |          0 |
|                   inst_pipeline_recv                                                                  |                          xdma_ddr3_axi_smc_0_sc_util_v1_0_4_pipeline__parameterized4_26 |          0 |          0 |       0 |    0 |     1 |      0 |      0 |          0 |
|                   inst_pipeline_valid                                                                 |                          xdma_ddr3_axi_smc_0_sc_util_v1_0_4_pipeline__parameterized3_27 |          0 |          0 |       0 |    0 |     1 |      0 |      0 |          0 |
|               inst_si_handler                                                                         |                          xdma_ddr3_axi_smc_0_sc_node_v1_0_14_si_handler__parameterized6 |         13 |         13 |       0 |    0 |    11 |      0 |      0 |          0 |
|                 (inst_si_handler)                                                                     |                          xdma_ddr3_axi_smc_0_sc_node_v1_0_14_si_handler__parameterized6 |          0 |          0 |       0 |    0 |     1 |      0 |      0 |          0 |
|                 gen_si_handler.gen_arbiter_rr_normal_area.inst_arbiter                                |                                       xdma_ddr3_axi_smc_0_sc_node_v1_0_14_arb_alg_rr_23 |          9 |          9 |       0 |    0 |     4 |      0 |      0 |          0 |
|                 gen_si_handler.gen_request_counters.gen_req_counter[0].inst_req_counter               |                                           xdma_ddr3_axi_smc_0_sc_util_v1_0_4_counter_24 |          2 |          2 |       0 |    0 |     3 |      0 |      0 |          0 |
|                 gen_si_handler.gen_request_counters.gen_req_counter[1].inst_req_counter               |                                           xdma_ddr3_axi_smc_0_sc_util_v1_0_4_counter_25 |          2 |          2 |       0 |    0 |     3 |      0 |      0 |          0 |
|               s_sc_xpm_cdc_async_rst_inst                                                             |                                               xdma_ddr3_axi_smc_0_xpm_cdc_async_rst__13 |          1 |          1 |       0 |    0 |     3 |      0 |      0 |          0 |
|           s01_r_node                                                                                  |                                                       xdma_ddr3_axi_smc_0_bd_a1ba_srn_1 |        234 |        142 |      92 |    0 |   196 |      0 |      0 |          0 |
|             inst                                                                                      |                                xdma_ddr3_axi_smc_0_sc_node_v1_0_14_top__parameterized17 |        234 |        142 |      92 |    0 |   196 |      0 |      0 |          0 |
|               (inst)                                                                                  |                                xdma_ddr3_axi_smc_0_sc_node_v1_0_14_top__parameterized17 |          3 |          3 |       0 |    0 |     1 |      0 |      0 |          0 |
|               inst_mi_handler                                                                         |                         xdma_ddr3_axi_smc_0_sc_node_v1_0_14_mi_handler__parameterized17 |        217 |        125 |      92 |    0 |   181 |      0 |      0 |          0 |
|                 (inst_mi_handler)                                                                     |                         xdma_ddr3_axi_smc_0_sc_node_v1_0_14_mi_handler__parameterized17 |          0 |          0 |       0 |    0 |     2 |      0 |      0 |          0 |
|                 gen_normal_area.gen_downsizer.inst_downsizer                                          |                           xdma_ddr3_axi_smc_0_sc_node_v1_0_14_downsizer__parameterized0 |          2 |          2 |       0 |    0 |     3 |      0 |      0 |          0 |
|                 gen_normal_area.gen_node_prog_full.inst_node_prog_full                                |                                                xdma_ddr3_axi_smc_0_sc_node_v1_0_14_fifo |         31 |         31 |       0 |    0 |    21 |      0 |      0 |          0 |
|                   gen_xpm_memory_fifo.inst_fifo                                                       |                                      xdma_ddr3_axi_smc_0_sc_util_v1_0_4_xpm_memory_fifo |         31 |         31 |       0 |    0 |    21 |      0 |      0 |          0 |
|                     (gen_xpm_memory_fifo.inst_fifo)                                                   |                                      xdma_ddr3_axi_smc_0_sc_util_v1_0_4_xpm_memory_fifo |          4 |          4 |       0 |    0 |     3 |      0 |      0 |          0 |
|                     gen_mem_rep[0].inst_rd_addrb                                                      |                           xdma_ddr3_axi_smc_0_sc_util_v1_0_4_counter__parameterized0_20 |          4 |          4 |       0 |    0 |     6 |      0 |      0 |          0 |
|                     gen_mem_rep[0].inst_wr_addra                                                      |                           xdma_ddr3_axi_smc_0_sc_util_v1_0_4_counter__parameterized0_21 |          4 |          4 |       0 |    0 |     6 |      0 |      0 |          0 |
|                     gen_wr.inst_wr_addra_p1                                                           |                           xdma_ddr3_axi_smc_0_sc_util_v1_0_4_counter__parameterized1_22 |         19 |         19 |       0 |    0 |     6 |      0 |      0 |          0 |
|                 gen_normal_area.inst_fifo_node_payld                                                  |                               xdma_ddr3_axi_smc_0_sc_node_v1_0_14_fifo__parameterized15 |        184 |         92 |      92 |    0 |   153 |      0 |      0 |          0 |
|                   gen_xpm_memory_fifo.inst_fifo                                                       |                     xdma_ddr3_axi_smc_0_sc_util_v1_0_4_xpm_memory_fifo__parameterized15 |        184 |         92 |      92 |    0 |   153 |      0 |      0 |          0 |
|                     (gen_xpm_memory_fifo.inst_fifo)                                                   |                     xdma_ddr3_axi_smc_0_sc_util_v1_0_4_xpm_memory_fifo__parameterized15 |         70 |         70 |       0 |    0 |     3 |      0 |      0 |          0 |
|                     gen_mem_rep[0].inst_rd_addrb                                                      |                           xdma_ddr3_axi_smc_0_sc_util_v1_0_4_counter__parameterized0_17 |          6 |          6 |       0 |    0 |     6 |      0 |      0 |          0 |
|                     gen_mem_rep[0].inst_wr_addra                                                      |                           xdma_ddr3_axi_smc_0_sc_util_v1_0_4_counter__parameterized0_18 |          4 |          4 |       0 |    0 |     6 |      0 |      0 |          0 |
|                     gen_mem_rep[0].inst_xpm_memory                                                    |                               xdma_ddr3_axi_smc_0_xpm_memory_sdpram__parameterized13__2 |         92 |          0 |      92 |    0 |   132 |      0 |      0 |          0 |
|                       xpm_memory_base_inst                                                            |                                 xdma_ddr3_axi_smc_0_xpm_memory_base__parameterized13__2 |         92 |          0 |      92 |    0 |   132 |      0 |      0 |          0 |
|                     gen_wr.inst_wr_addra_p1                                                           |                           xdma_ddr3_axi_smc_0_sc_util_v1_0_4_counter__parameterized1_19 |         12 |         12 |       0 |    0 |     6 |      0 |      0 |          0 |
|                 inst_ingress                                                                          |                            xdma_ddr3_axi_smc_0_sc_node_v1_0_14_ingress__parameterized12 |          0 |          0 |       0 |    0 |     2 |      0 |      0 |          0 |
|                   inst_pipeline_recv                                                                  |                             xdma_ddr3_axi_smc_0_sc_util_v1_0_4_pipeline__parameterized4 |          0 |          0 |       0 |    0 |     1 |      0 |      0 |          0 |
|                   inst_pipeline_valid                                                                 |                             xdma_ddr3_axi_smc_0_sc_util_v1_0_4_pipeline__parameterized3 |          0 |          0 |       0 |    0 |     1 |      0 |      0 |          0 |
|               inst_si_handler                                                                         |                         xdma_ddr3_axi_smc_0_sc_node_v1_0_14_si_handler__parameterized10 |         13 |         13 |       0 |    0 |    11 |      0 |      0 |          0 |
|                 (inst_si_handler)                                                                     |                         xdma_ddr3_axi_smc_0_sc_node_v1_0_14_si_handler__parameterized10 |          0 |          0 |       0 |    0 |     1 |      0 |      0 |          0 |
|                 gen_si_handler.gen_arbiter_rr_normal_area.inst_arbiter                                |                                          xdma_ddr3_axi_smc_0_sc_node_v1_0_14_arb_alg_rr |          9 |          9 |       0 |    0 |     4 |      0 |      0 |          0 |
|                 gen_si_handler.gen_request_counters.gen_req_counter[0].inst_req_counter               |                                              xdma_ddr3_axi_smc_0_sc_util_v1_0_4_counter |          2 |          2 |       0 |    0 |     3 |      0 |      0 |          0 |
|                 gen_si_handler.gen_request_counters.gen_req_counter[1].inst_req_counter               |                                           xdma_ddr3_axi_smc_0_sc_util_v1_0_4_counter_16 |          2 |          2 |       0 |    0 |     3 |      0 |      0 |          0 |
|               s_sc_xpm_cdc_async_rst_inst                                                             |                                               xdma_ddr3_axi_smc_0_xpm_cdc_async_rst__11 |          1 |          1 |       0 |    0 |     3 |      0 |      0 |          0 |
|           s01_w_node                                                                                  |                                                       xdma_ddr3_axi_smc_0_bd_a1ba_swn_1 |        196 |         88 |     108 |    0 |   377 |      0 |      0 |          0 |
|             inst                                                                                      |                                xdma_ddr3_axi_smc_0_sc_node_v1_0_14_top__parameterized18 |        196 |         88 |     108 |    0 |   377 |      0 |      0 |          0 |
|               (inst)                                                                                  |                                xdma_ddr3_axi_smc_0_sc_node_v1_0_14_top__parameterized18 |          3 |          3 |       0 |    0 |     1 |      0 |      0 |          0 |
|               inst_mi_handler                                                                         |                         xdma_ddr3_axi_smc_0_sc_node_v1_0_14_mi_handler__parameterized18 |        192 |         84 |     108 |    0 |   372 |      0 |      0 |          0 |
|                 (inst_mi_handler)                                                                     |                         xdma_ddr3_axi_smc_0_sc_node_v1_0_14_mi_handler__parameterized18 |          0 |          0 |       0 |    0 |     2 |      0 |      0 |          0 |
|                 gen_normal_area.gen_fi_regulator.inst_fi_regulator                                    |                                        xdma_ddr3_axi_smc_0_sc_node_v1_0_14_fi_regulator |          1 |          1 |       0 |    0 |     2 |      0 |      0 |          0 |
|                 gen_normal_area.gen_fifo_req.inst_fifo_req                                            |                                xdma_ddr3_axi_smc_0_sc_node_v1_0_14_fifo__parameterized3 |         30 |         26 |       4 |    0 |    24 |      0 |      0 |          0 |
|                   gen_xpm_memory_fifo.inst_fifo                                                       |                      xdma_ddr3_axi_smc_0_sc_util_v1_0_4_xpm_memory_fifo__parameterized3 |         30 |         26 |       4 |    0 |    24 |      0 |      0 |          0 |
|                     (gen_xpm_memory_fifo.inst_fifo)                                                   |                      xdma_ddr3_axi_smc_0_sc_util_v1_0_4_xpm_memory_fifo__parameterized3 |          5 |          5 |       0 |    0 |     3 |      0 |      0 |          0 |
|                     gen_mem_rep[0].inst_rd_addrb                                                      |                           xdma_ddr3_axi_smc_0_sc_util_v1_0_4_counter__parameterized0_13 |          6 |          6 |       0 |    0 |     6 |      0 |      0 |          0 |
|                     gen_mem_rep[0].inst_wr_addra                                                      |                           xdma_ddr3_axi_smc_0_sc_util_v1_0_4_counter__parameterized0_14 |          4 |          4 |       0 |    0 |     6 |      0 |      0 |          0 |
|                     gen_mem_rep[0].inst_xpm_memory                                                    |                                xdma_ddr3_axi_smc_0_xpm_memory_sdpram__parameterized1__7 |          4 |          0 |       4 |    0 |     3 |      0 |      0 |          0 |
|                       xpm_memory_base_inst                                                            |                                  xdma_ddr3_axi_smc_0_xpm_memory_base__parameterized1__7 |          4 |          0 |       4 |    0 |     3 |      0 |      0 |          0 |
|                     gen_wr.inst_wr_addra_p1                                                           |                           xdma_ddr3_axi_smc_0_sc_util_v1_0_4_counter__parameterized1_15 |         12 |         12 |       0 |    0 |     6 |      0 |      0 |          0 |
|                 gen_normal_area.gen_upsizer.inst_upsizer                                              |                             xdma_ddr3_axi_smc_0_sc_node_v1_0_14_upsizer__parameterized0 |         16 |         16 |       0 |    0 |   161 |      0 |      0 |          0 |
|                   (gen_normal_area.gen_upsizer.inst_upsizer)                                          |                             xdma_ddr3_axi_smc_0_sc_node_v1_0_14_upsizer__parameterized0 |         15 |         15 |       0 |    0 |   156 |      0 |      0 |          0 |
|                   inst_upsizer_target_pipeline                                                        |                             xdma_ddr3_axi_smc_0_sc_util_v1_0_4_pipeline__parameterized7 |          1 |          1 |       0 |    0 |     5 |      0 |      0 |          0 |
|                 gen_normal_area.inst_fifo_node_payld                                                  |                               xdma_ddr3_axi_smc_0_sc_node_v1_0_14_fifo__parameterized17 |        133 |         29 |     104 |    0 |   172 |      0 |      0 |          0 |
|                   gen_xpm_memory_fifo.inst_fifo                                                       |                     xdma_ddr3_axi_smc_0_sc_util_v1_0_4_xpm_memory_fifo__parameterized17 |        133 |         29 |     104 |    0 |   172 |      0 |      0 |          0 |
|                     (gen_xpm_memory_fifo.inst_fifo)                                                   |                     xdma_ddr3_axi_smc_0_sc_util_v1_0_4_xpm_memory_fifo__parameterized17 |          5 |          5 |       0 |    0 |     4 |      0 |      0 |          0 |
|                     gen_mem_rep[0].inst_rd_addrb                                                      |                              xdma_ddr3_axi_smc_0_sc_util_v1_0_4_counter__parameterized0 |          4 |          4 |       0 |    0 |     6 |      0 |      0 |          0 |
|                     gen_mem_rep[0].inst_wr_addra                                                      |                           xdma_ddr3_axi_smc_0_sc_util_v1_0_4_counter__parameterized0_12 |          4 |          4 |       0 |    0 |     6 |      0 |      0 |          0 |
|                     gen_mem_rep[0].inst_xpm_memory                                                    |                               xdma_ddr3_axi_smc_0_xpm_memory_sdpram__parameterized14__1 |        104 |          0 |     104 |    0 |   150 |      0 |      0 |          0 |
|                       xpm_memory_base_inst                                                            |                                 xdma_ddr3_axi_smc_0_xpm_memory_base__parameterized14__1 |        104 |          0 |     104 |    0 |   150 |      0 |      0 |          0 |
|                     gen_wr.inst_wr_addra_p1                                                           |                              xdma_ddr3_axi_smc_0_sc_util_v1_0_4_counter__parameterized1 |         17 |         17 |       0 |    0 |     6 |      0 |      0 |          0 |
|                 gen_normal_area.inst_fifo_send                                                        |                          xdma_ddr3_axi_smc_0_sc_node_v1_0_14_reg_slice3__parameterized0 |         12 |         12 |       0 |    0 |    11 |      0 |      0 |          0 |
|               inst_si_handler                                                                         |                          xdma_ddr3_axi_smc_0_sc_node_v1_0_14_si_handler__parameterized8 |          0 |          0 |       0 |    0 |     1 |      0 |      0 |          0 |
|               s_sc_xpm_cdc_async_rst_inst                                                             |                                                xdma_ddr3_axi_smc_0_xpm_cdc_async_rst__9 |          1 |          1 |       0 |    0 |     3 |      0 |      0 |          0 |
|         switchboards                                                                                  |                                            xdma_ddr3_axi_smc_0_switchboards_imp_1RLJCZQ |        407 |        407 |       0 |    0 |   805 |      0 |      0 |          0 |
|           ar_switchboard                                                                              |                                                      xdma_ddr3_axi_smc_0_bd_a1ba_arsw_0 |         64 |         64 |       0 |    0 |   124 |      0 |      0 |          0 |
|             inst                                                                                      |                                           xdma_ddr3_axi_smc_0_sc_switchboard_v1_0_6_top |         64 |         64 |       0 |    0 |   124 |      0 |      0 |          0 |
|               gen_mi[0].inst_mux_payld                                                                |                                                xdma_ddr3_axi_smc_0_sc_util_v1_0_4_mux_8 |         22 |         22 |       0 |    0 |     0 |      0 |      0 |          0 |
|               gen_mi[0].inst_opipe_payld                                                              |                          xdma_ddr3_axi_smc_0_sc_util_v1_0_4_pipeline__parameterized10_9 |          0 |          0 |       0 |    0 |    41 |      0 |      0 |          0 |
|               gen_mi[1].inst_mux_payld                                                                |                                               xdma_ddr3_axi_smc_0_sc_util_v1_0_4_mux_10 |         42 |         42 |       0 |    0 |     0 |      0 |      0 |          0 |
|               gen_mi[1].inst_opipe_payld                                                              |                         xdma_ddr3_axi_smc_0_sc_util_v1_0_4_pipeline__parameterized10_11 |          0 |          0 |       0 |    0 |    83 |      0 |      0 |          0 |
|           aw_switchboard                                                                              |                                                      xdma_ddr3_axi_smc_0_bd_a1ba_awsw_0 |         55 |         55 |       0 |    0 |   106 |      0 |      0 |          0 |
|             inst                                                                                      |                                        xdma_ddr3_axi_smc_0_sc_switchboard_v1_0_6_top__1 |         55 |         55 |       0 |    0 |   106 |      0 |      0 |          0 |
|               gen_mi[0].inst_mux_payld                                                                |                                                  xdma_ddr3_axi_smc_0_sc_util_v1_0_4_mux |         16 |         16 |       0 |    0 |     0 |      0 |      0 |          0 |
|               gen_mi[0].inst_opipe_payld                                                              |                            xdma_ddr3_axi_smc_0_sc_util_v1_0_4_pipeline__parameterized10 |          0 |          0 |       0 |    0 |    29 |      0 |      0 |          0 |
|               gen_mi[1].inst_mux_payld                                                                |                                                xdma_ddr3_axi_smc_0_sc_util_v1_0_4_mux_6 |         39 |         39 |       0 |    0 |     0 |      0 |      0 |          0 |
|               gen_mi[1].inst_opipe_payld                                                              |                          xdma_ddr3_axi_smc_0_sc_util_v1_0_4_pipeline__parameterized10_7 |          0 |          0 |       0 |    0 |    77 |      0 |      0 |          0 |
|           b_switchboard                                                                               |                                                       xdma_ddr3_axi_smc_0_bd_a1ba_bsw_0 |          5 |          5 |       0 |    0 |     9 |      0 |      0 |          0 |
|             inst                                                                                      |                           xdma_ddr3_axi_smc_0_sc_switchboard_v1_0_6_top__parameterized0 |          5 |          5 |       0 |    0 |     9 |      0 |      0 |          0 |
|               gen_mi[0].inst_mux_payld                                                                |                                  xdma_ddr3_axi_smc_0_sc_util_v1_0_4_mux__parameterized0 |          4 |          4 |       0 |    0 |     0 |      0 |      0 |          0 |
|               gen_mi[0].inst_opipe_payld                                                              |                            xdma_ddr3_axi_smc_0_sc_util_v1_0_4_pipeline__parameterized11 |          0 |          0 |       0 |    0 |     7 |      0 |      0 |          0 |
|               gen_mi[1].inst_mux_payld                                                                |                                xdma_ddr3_axi_smc_0_sc_util_v1_0_4_mux__parameterized0_4 |          1 |          1 |       0 |    0 |     0 |      0 |      0 |          0 |
|               gen_mi[1].inst_opipe_payld                                                              |                          xdma_ddr3_axi_smc_0_sc_util_v1_0_4_pipeline__parameterized11_5 |          0 |          0 |       0 |    0 |     2 |      0 |      0 |          0 |
|           r_switchboard                                                                               |                                                       xdma_ddr3_axi_smc_0_bd_a1ba_rsw_0 |        133 |        133 |       0 |    0 |   266 |      0 |      0 |          0 |
|             inst                                                                                      |                           xdma_ddr3_axi_smc_0_sc_switchboard_v1_0_6_top__parameterized1 |        133 |        133 |       0 |    0 |   266 |      0 |      0 |          0 |
|               gen_mi[0].inst_mux_payld                                                                |                                  xdma_ddr3_axi_smc_0_sc_util_v1_0_4_mux__parameterized1 |         66 |         66 |       0 |    0 |     0 |      0 |      0 |          0 |
|               gen_mi[0].inst_opipe_payld                                                              |                            xdma_ddr3_axi_smc_0_sc_util_v1_0_4_pipeline__parameterized12 |          0 |          0 |       0 |    0 |   132 |      0 |      0 |          0 |
|               gen_mi[1].inst_mux_payld                                                                |                                xdma_ddr3_axi_smc_0_sc_util_v1_0_4_mux__parameterized1_2 |         67 |         67 |       0 |    0 |     0 |      0 |      0 |          0 |
|               gen_mi[1].inst_opipe_payld                                                              |                          xdma_ddr3_axi_smc_0_sc_util_v1_0_4_pipeline__parameterized12_3 |          0 |          0 |       0 |    0 |   134 |      0 |      0 |          0 |
|           w_switchboard                                                                               |                                                       xdma_ddr3_axi_smc_0_bd_a1ba_wsw_0 |        150 |        150 |       0 |    0 |   300 |      0 |      0 |          0 |
|             inst                                                                                      |                           xdma_ddr3_axi_smc_0_sc_switchboard_v1_0_6_top__parameterized2 |        150 |        150 |       0 |    0 |   300 |      0 |      0 |          0 |
|               gen_mi[0].inst_mux_payld                                                                |                                  xdma_ddr3_axi_smc_0_sc_util_v1_0_4_mux__parameterized2 |         75 |         75 |       0 |    0 |     0 |      0 |      0 |          0 |
|               gen_mi[0].inst_opipe_payld                                                              |                            xdma_ddr3_axi_smc_0_sc_util_v1_0_4_pipeline__parameterized13 |          0 |          0 |       0 |    0 |   150 |      0 |      0 |          0 |
|               gen_mi[1].inst_mux_payld                                                                |                                xdma_ddr3_axi_smc_0_sc_util_v1_0_4_mux__parameterized2_0 |         75 |         75 |       0 |    0 |     0 |      0 |      0 |          0 |
|               gen_mi[1].inst_opipe_payld                                                              |                          xdma_ddr3_axi_smc_0_sc_util_v1_0_4_pipeline__parameterized13_1 |          0 |          0 |       0 |    0 |   150 |      0 |      0 |          0 |
|     mig_7series_0                                                                                     |                                                               xdma_ddr3_mig_7series_0_0 |       6069 |       5384 |     480 |  205 |  5651 |      0 |      0 |          0 |
|       u_xdma_ddr3_mig_7series_0_0_mig                                                                 |                                                           xdma_ddr3_mig_7series_0_0_mig |       6069 |       5384 |     480 |  205 |  5651 |      0 |      0 |          0 |
|         temp_mon_enabled.u_tempmon                                                                    |                                      xdma_ddr3_mig_7series_0_0_mig_7series_v4_2_tempmon |         38 |         38 |       0 |    0 |   122 |      0 |      0 |          0 |
|         u_ddr3_clk_ibuf                                                                               |                                     xdma_ddr3_mig_7series_0_0_mig_7series_v4_2_clk_ibuf |          0 |          0 |       0 |    0 |     0 |      0 |      0 |          0 |
|         u_ddr3_infrastructure                                                                         |                               xdma_ddr3_mig_7series_0_0_mig_7series_v4_2_infrastructure |          9 |          9 |       0 |    0 |    33 |      0 |      0 |          0 |
|         u_iodelay_ctrl                                                                                |                                 xdma_ddr3_mig_7series_0_0_mig_7series_v4_2_iodelay_ctrl |          1 |          1 |       0 |    0 |    15 |      0 |      0 |          0 |
|         u_memc_ui_top_axi                                                                             |                              xdma_ddr3_mig_7series_0_0_mig_7series_v4_2_memc_ui_top_axi |       6023 |       5338 |     480 |  205 |  5481 |      0 |      0 |          0 |
|           (u_memc_ui_top_axi)                                                                         |                              xdma_ddr3_mig_7series_0_0_mig_7series_v4_2_memc_ui_top_axi |          0 |          0 |       0 |    0 |     2 |      0 |      0 |          0 |
|           mem_intfc0                                                                                  |                                    xdma_ddr3_mig_7series_0_0_mig_7series_v4_2_mem_intfc |       4178 |       3877 |     284 |   17 |  3421 |      0 |      0 |          0 |
|             ddr_phy_top0                                                                              |                                  xdma_ddr3_mig_7series_0_0_mig_7series_v4_2_ddr_phy_top |       3574 |       3282 |     276 |   16 |  2911 |      0 |      0 |          0 |
|               u_ddr_calib_top                                                                         |                                xdma_ddr3_mig_7series_0_0_mig_7series_v4_2_ddr_calib_top |       2797 |       2783 |       0 |   14 |  2586 |      0 |      0 |          0 |
|                 (u_ddr_calib_top)                                                                     |                                xdma_ddr3_mig_7series_0_0_mig_7series_v4_2_ddr_calib_top |         18 |         17 |       0 |    1 |    28 |      0 |      0 |          0 |
|                 ddr_phy_prbs_rdlvl_gen.u_ddr_phy_prbs_rdlvl                                           |                           xdma_ddr3_mig_7series_0_0_mig_7series_v4_2_ddr_phy_prbs_rdlvl |        365 |        365 |       0 |    0 |   499 |      0 |      0 |          0 |
|                 ddr_phy_rdlvl_gen.u_ddr_phy_rdlvl                                                     |                                xdma_ddr3_mig_7series_0_0_mig_7series_v4_2_ddr_phy_rdlvl |        531 |        531 |       0 |    0 |   873 |      0 |      0 |          0 |
|                 ddr_phy_tempmon_0                                                                     |                              xdma_ddr3_mig_7series_0_0_mig_7series_v4_2_ddr_phy_tempmon |        258 |        258 |       0 |    0 |   229 |      0 |      0 |          0 |
|                 dqsfind_calib_left.u_ddr_phy_dqs_found_cal_hr                                         |                     xdma_ddr3_mig_7series_0_0_mig_7series_v4_2_ddr_phy_dqs_found_cal_hr |        153 |        152 |       0 |    1 |    91 |      0 |      0 |          0 |
|                 mb_wrlvl_inst.u_ddr_phy_ck_addr_cmd_delay                                             |                    xdma_ddr3_mig_7series_0_0_mig_7series_v4_2_ddr_phy_ck_addr_cmd_delay |         19 |         18 |       0 |    1 |    16 |      0 |      0 |          0 |
|                 mb_wrlvl_inst.u_ddr_phy_wrlvl                                                         |                                xdma_ddr3_mig_7series_0_0_mig_7series_v4_2_ddr_phy_wrlvl |        262 |        261 |       0 |    1 |   160 |      0 |      0 |          0 |
|                 u_ddr_phy_init                                                                        |                                 xdma_ddr3_mig_7series_0_0_mig_7series_v4_2_ddr_phy_init |        902 |        898 |       0 |    4 |   353 |      0 |      0 |          0 |
|                 u_ddr_phy_wrcal                                                                       |                                xdma_ddr3_mig_7series_0_0_mig_7series_v4_2_ddr_phy_wrcal |        167 |        161 |       0 |    6 |   304 |      0 |      0 |          0 |
|                 u_ddr_prbs_gen                                                                        |                                 xdma_ddr3_mig_7series_0_0_mig_7series_v4_2_ddr_prbs_gen |        129 |        129 |       0 |    0 |    33 |      0 |      0 |          0 |
|               u_ddr_mc_phy_wrapper                                                                    |                           xdma_ddr3_mig_7series_0_0_mig_7series_v4_2_ddr_mc_phy_wrapper |        777 |        499 |     276 |    2 |   325 |      0 |      0 |          0 |
|                 (u_ddr_mc_phy_wrapper)                                                                |                           xdma_ddr3_mig_7series_0_0_mig_7series_v4_2_ddr_mc_phy_wrapper |          0 |          0 |       0 |    0 |    24 |      0 |      0 |          0 |
|                 u_ddr_mc_phy                                                                          |                                   xdma_ddr3_mig_7series_0_0_mig_7series_v4_2_ddr_mc_phy |        777 |        499 |     276 |    2 |   301 |      0 |      0 |          0 |
|                   (u_ddr_mc_phy)                                                                      |                                   xdma_ddr3_mig_7series_0_0_mig_7series_v4_2_ddr_mc_phy |          0 |          0 |       0 |    0 |    16 |      0 |      0 |          0 |
|                   ddr_phy_4lanes_0.u_ddr_phy_4lanes                                                   |                               xdma_ddr3_mig_7series_0_0_mig_7series_v4_2_ddr_phy_4lanes |        777 |        499 |     276 |    2 |   285 |      0 |      0 |          0 |
|                     (ddr_phy_4lanes_0.u_ddr_phy_4lanes)                                               |                               xdma_ddr3_mig_7series_0_0_mig_7series_v4_2_ddr_phy_4lanes |          5 |          4 |       0 |    1 |    20 |      0 |      0 |          0 |
|                     ddr_byte_lane_A.ddr_byte_lane_A                                                   |                                xdma_ddr3_mig_7series_0_0_mig_7series_v4_2_ddr_byte_lane |         60 |         20 |      40 |    0 |    20 |      0 |      0 |          0 |
|                       (ddr_byte_lane_A.ddr_byte_lane_A)                                               |                                xdma_ddr3_mig_7series_0_0_mig_7series_v4_2_ddr_byte_lane |          1 |          1 |       0 |    0 |     1 |      0 |      0 |          0 |
|                       ddr_byte_group_io                                                               |                            xdma_ddr3_mig_7series_0_0_mig_7series_v4_2_ddr_byte_group_io |          0 |          0 |       0 |    0 |     0 |      0 |      0 |          0 |
|                       of_pre_fifo_gen.u_ddr_of_pre_fifo                                               |           xdma_ddr3_mig_7series_0_0_mig_7series_v4_2_ddr_of_pre_fifo__parameterized1_80 |         59 |         19 |      40 |    0 |    19 |      0 |      0 |          0 |
|                     ddr_byte_lane_B.ddr_byte_lane_B                                                   |                xdma_ddr3_mig_7series_0_0_mig_7series_v4_2_ddr_byte_lane__parameterized0 |         73 |         29 |      44 |    0 |    19 |      0 |      0 |          0 |
|                       (ddr_byte_lane_B.ddr_byte_lane_B)                                               |                xdma_ddr3_mig_7series_0_0_mig_7series_v4_2_ddr_byte_lane__parameterized0 |          9 |          9 |       0 |    0 |     0 |      0 |      0 |          0 |
|                       ddr_byte_group_io                                                               |            xdma_ddr3_mig_7series_0_0_mig_7series_v4_2_ddr_byte_group_io__parameterized0 |          0 |          0 |       0 |    0 |     0 |      0 |      0 |          0 |
|                       of_pre_fifo_gen.u_ddr_of_pre_fifo                                               |           xdma_ddr3_mig_7series_0_0_mig_7series_v4_2_ddr_of_pre_fifo__parameterized1_79 |         64 |         20 |      44 |    0 |    19 |      0 |      0 |          0 |
|                     ddr_byte_lane_C.ddr_byte_lane_C                                                   |                xdma_ddr3_mig_7series_0_0_mig_7series_v4_2_ddr_byte_lane__parameterized1 |        416 |        319 |      96 |    1 |   117 |      0 |      0 |          0 |
|                       (ddr_byte_lane_C.ddr_byte_lane_C)                                               |                xdma_ddr3_mig_7series_0_0_mig_7series_v4_2_ddr_byte_lane__parameterized1 |          7 |          7 |       0 |    0 |    71 |      0 |      0 |          0 |
|                       ddr_byte_group_io                                                               |            xdma_ddr3_mig_7series_0_0_mig_7series_v4_2_ddr_byte_group_io__parameterized1 |          2 |          1 |       0 |    1 |     2 |      0 |      0 |          0 |
|                       dq_gen_40.if_post_fifo_gen.u_ddr_if_post_fifo                                   |                          xdma_ddr3_mig_7series_0_0_mig_7series_v4_2_ddr_if_post_fifo_77 |        330 |        284 |      46 |    0 |    20 |      0 |      0 |          0 |
|                       of_pre_fifo_gen.u_ddr_of_pre_fifo                                               |           xdma_ddr3_mig_7series_0_0_mig_7series_v4_2_ddr_of_pre_fifo__parameterized1_78 |         77 |         27 |      50 |    0 |    24 |      0 |      0 |          0 |
|                     ddr_byte_lane_D.ddr_byte_lane_D                                                   |                xdma_ddr3_mig_7series_0_0_mig_7series_v4_2_ddr_byte_lane__parameterized2 |        224 |        128 |      96 |    0 |   109 |      0 |      0 |          0 |
|                       (ddr_byte_lane_D.ddr_byte_lane_D)                                               |                xdma_ddr3_mig_7series_0_0_mig_7series_v4_2_ddr_byte_lane__parameterized2 |          0 |          0 |       0 |    0 |    71 |      0 |      0 |          0 |
|                       ddr_byte_group_io                                                               |            xdma_ddr3_mig_7series_0_0_mig_7series_v4_2_ddr_byte_group_io__parameterized2 |          0 |          0 |       0 |    0 |     0 |      0 |      0 |          0 |
|                       dq_gen_40.if_post_fifo_gen.u_ddr_if_post_fifo                                   |                             xdma_ddr3_mig_7series_0_0_mig_7series_v4_2_ddr_if_post_fifo |        148 |        102 |      46 |    0 |    14 |      0 |      0 |          0 |
|                       of_pre_fifo_gen.u_ddr_of_pre_fifo                                               |              xdma_ddr3_mig_7series_0_0_mig_7series_v4_2_ddr_of_pre_fifo__parameterized1 |         76 |         26 |      50 |    0 |    24 |      0 |      0 |          0 |
|             mc0                                                                                       |                                           xdma_ddr3_mig_7series_0_0_mig_7series_v4_2_mc |        611 |        602 |       8 |    1 |   510 |      0 |      0 |          0 |
|               (mc0)                                                                                   |                                           xdma_ddr3_mig_7series_0_0_mig_7series_v4_2_mc |         86 |         86 |       0 |    0 |    74 |      0 |      0 |          0 |
|               bank_mach0                                                                              |                                    xdma_ddr3_mig_7series_0_0_mig_7series_v4_2_bank_mach |        455 |        455 |       0 |    0 |   348 |      0 |      0 |          0 |
|                 arb_mux0                                                                              |                                      xdma_ddr3_mig_7series_0_0_mig_7series_v4_2_arb_mux |        174 |        174 |       0 |    0 |    36 |      0 |      0 |          0 |
|                   arb_row_col0                                                                        |                                  xdma_ddr3_mig_7series_0_0_mig_7series_v4_2_arb_row_col |        174 |        174 |       0 |    0 |    32 |      0 |      0 |          0 |
|                     (arb_row_col0)                                                                    |                                  xdma_ddr3_mig_7series_0_0_mig_7series_v4_2_arb_row_col |          7 |          7 |       0 |    0 |     8 |      0 |      0 |          0 |
|                     col_arb0                                                                          |              xdma_ddr3_mig_7series_0_0_mig_7series_v4_2_round_robin_arb__parameterized1 |         61 |         61 |       0 |    0 |     8 |      0 |      0 |          0 |
|                     pre_4_1_1T_arb.pre_arb0                                                           |           xdma_ddr3_mig_7series_0_0_mig_7series_v4_2_round_robin_arb__parameterized1_73 |         47 |         47 |       0 |    0 |     8 |      0 |      0 |          0 |
|                     row_arb0                                                                          |           xdma_ddr3_mig_7series_0_0_mig_7series_v4_2_round_robin_arb__parameterized1_74 |         59 |         59 |       0 |    0 |     8 |      0 |      0 |          0 |
|                   arb_select0                                                                         |                                   xdma_ddr3_mig_7series_0_0_mig_7series_v4_2_arb_select |          0 |          0 |       0 |    0 |     4 |      0 |      0 |          0 |
|                 bank_cntrl[0].bank0                                                                   |                                   xdma_ddr3_mig_7series_0_0_mig_7series_v4_2_bank_cntrl |         68 |         68 |       0 |    0 |    74 |      0 |      0 |          0 |
|                   bank_compare0                                                                       |                              xdma_ddr3_mig_7series_0_0_mig_7series_v4_2_bank_compare_72 |         10 |         10 |       0 |    0 |    35 |      0 |      0 |          0 |
|                   bank_queue0                                                                         |                                   xdma_ddr3_mig_7series_0_0_mig_7series_v4_2_bank_queue |         37 |         37 |       0 |    0 |    18 |      0 |      0 |          0 |
|                   bank_state0                                                                         |                                   xdma_ddr3_mig_7series_0_0_mig_7series_v4_2_bank_state |         22 |         22 |       0 |    0 |    21 |      0 |      0 |          0 |
|                 bank_cntrl[1].bank0                                                                   |                   xdma_ddr3_mig_7series_0_0_mig_7series_v4_2_bank_cntrl__parameterized0 |         67 |         67 |       0 |    0 |    72 |      0 |      0 |          0 |
|                   bank_compare0                                                                       |                              xdma_ddr3_mig_7series_0_0_mig_7series_v4_2_bank_compare_71 |         19 |         19 |       0 |    0 |    35 |      0 |      0 |          0 |
|                   bank_queue0                                                                         |                   xdma_ddr3_mig_7series_0_0_mig_7series_v4_2_bank_queue__parameterized0 |         28 |         28 |       0 |    0 |    18 |      0 |      0 |          0 |
|                   bank_state0                                                                         |                   xdma_ddr3_mig_7series_0_0_mig_7series_v4_2_bank_state__parameterized0 |         20 |         20 |       0 |    0 |    19 |      0 |      0 |          0 |
|                 bank_cntrl[2].bank0                                                                   |                   xdma_ddr3_mig_7series_0_0_mig_7series_v4_2_bank_cntrl__parameterized1 |         60 |         60 |       0 |    0 |    73 |      0 |      0 |          0 |
|                   bank_compare0                                                                       |                              xdma_ddr3_mig_7series_0_0_mig_7series_v4_2_bank_compare_70 |          8 |          8 |       0 |    0 |    35 |      0 |      0 |          0 |
|                   bank_queue0                                                                         |                   xdma_ddr3_mig_7series_0_0_mig_7series_v4_2_bank_queue__parameterized1 |         32 |         32 |       0 |    0 |    18 |      0 |      0 |          0 |
|                   bank_state0                                                                         |                   xdma_ddr3_mig_7series_0_0_mig_7series_v4_2_bank_state__parameterized1 |         20 |         20 |       0 |    0 |    20 |      0 |      0 |          0 |
|                 bank_cntrl[3].bank0                                                                   |                   xdma_ddr3_mig_7series_0_0_mig_7series_v4_2_bank_cntrl__parameterized2 |         69 |         69 |       0 |    0 |    72 |      0 |      0 |          0 |
|                   bank_compare0                                                                       |                                 xdma_ddr3_mig_7series_0_0_mig_7series_v4_2_bank_compare |         15 |         15 |       0 |    0 |    35 |      0 |      0 |          0 |
|                   bank_queue0                                                                         |                   xdma_ddr3_mig_7series_0_0_mig_7series_v4_2_bank_queue__parameterized2 |         32 |         32 |       0 |    0 |    18 |      0 |      0 |          0 |
|                   bank_state0                                                                         |                   xdma_ddr3_mig_7series_0_0_mig_7series_v4_2_bank_state__parameterized2 |         22 |         22 |       0 |    0 |    19 |      0 |      0 |          0 |
|                 bank_common0                                                                          |                                  xdma_ddr3_mig_7series_0_0_mig_7series_v4_2_bank_common |         19 |         19 |       0 |    0 |    21 |      0 |      0 |          0 |
|               col_mach0                                                                               |                                     xdma_ddr3_mig_7series_0_0_mig_7series_v4_2_col_mach |         23 |         15 |       8 |    0 |    25 |      0 |      0 |          0 |
|               rank_mach0                                                                              |                                    xdma_ddr3_mig_7series_0_0_mig_7series_v4_2_rank_mach |         53 |         52 |       0 |    1 |    63 |      0 |      0 |          0 |
|                 rank_cntrl[0].rank_cntrl0                                                             |                                   xdma_ddr3_mig_7series_0_0_mig_7series_v4_2_rank_cntrl |          7 |          6 |       0 |    1 |    15 |      0 |      0 |          0 |
|                 rank_common0                                                                          |                                  xdma_ddr3_mig_7series_0_0_mig_7series_v4_2_rank_common |         46 |         46 |       0 |    0 |    48 |      0 |      0 |          0 |
|                   (rank_common0)                                                                      |                                  xdma_ddr3_mig_7series_0_0_mig_7series_v4_2_rank_common |         42 |         42 |       0 |    0 |    45 |      0 |      0 |          0 |
|                   maintenance_request.maint_arb0                                                      |                              xdma_ddr3_mig_7series_0_0_mig_7series_v4_2_round_robin_arb |          4 |          4 |       0 |    0 |     3 |      0 |      0 |          0 |
|           u_axi_mc                                                                                    |                                       xdma_ddr3_mig_7series_0_0_mig_7series_v4_2_axi_mc |       1412 |       1224 |       0 |  188 |  1507 |      0 |      0 |          0 |
|             (u_axi_mc)                                                                                |                                       xdma_ddr3_mig_7series_0_0_mig_7series_v4_2_axi_mc |          0 |          0 |       0 |    0 |     9 |      0 |      0 |          0 |
|             USE_UPSIZER.upsizer_d2                                                                    |                              xdma_ddr3_mig_7series_0_0_mig_7series_v4_2_ddr_axi_upsizer |        855 |        796 |       0 |   59 |   990 |      0 |      0 |          0 |
|               USE_READ.read_addr_inst                                                                 |                xdma_ddr3_mig_7series_0_0_mig_7series_v4_2_ddr_a_upsizer__parameterized0 |        104 |         75 |       0 |   29 |    85 |      0 |      0 |          0 |
|                 (USE_READ.read_addr_inst)                                                             |                xdma_ddr3_mig_7series_0_0_mig_7series_v4_2_ddr_a_upsizer__parameterized0 |         13 |         13 |       0 |    0 |    40 |      0 |      0 |          0 |
|                 USE_BURSTS.cmd_queue                                                                  |                          xdma_ddr3_mig_7series_0_0_mig_7series_v4_2_ddr_command_fifo_57 |         91 |         62 |       0 |   29 |    41 |      0 |      0 |          0 |
|                   (USE_BURSTS.cmd_queue)                                                              |                          xdma_ddr3_mig_7series_0_0_mig_7series_v4_2_ddr_command_fifo_57 |         81 |         52 |       0 |   29 |    40 |      0 |      0 |          0 |
|                   USE_FPGA_VALID_WRITE.new_write_inst                                                 |                        xdma_ddr3_mig_7series_0_0_mig_7series_v4_2_ddr_carry_latch_or_63 |          6 |          6 |       0 |    0 |     1 |      0 |      0 |          0 |
|                   USE_FPGA_VALID_WRITE.s_valid_dummy_inst1                                            |                             xdma_ddr3_mig_7series_0_0_mig_7series_v4_2_ddr_carry_and_64 |          1 |          1 |       0 |    0 |     0 |      0 |      0 |          0 |
|                   USE_FPGA_VALID_WRITE.s_valid_dummy_inst2                                            |                             xdma_ddr3_mig_7series_0_0_mig_7series_v4_2_ddr_carry_and_65 |          0 |          0 |       0 |    0 |     0 |      0 |      0 |          0 |
|                   USE_FPGA_VALID_WRITE.valid_write_dummy_inst1                                        |                             xdma_ddr3_mig_7series_0_0_mig_7series_v4_2_ddr_carry_and_66 |          0 |          0 |       0 |    0 |     0 |      0 |      0 |          0 |
|                   USE_FPGA_VALID_WRITE.valid_write_dummy_inst2                                        |                             xdma_ddr3_mig_7series_0_0_mig_7series_v4_2_ddr_carry_and_67 |          0 |          0 |       0 |    0 |     0 |      0 |      0 |          0 |
|                   USE_FPGA_VALID_WRITE.valid_write_dummy_inst3                                        |                             xdma_ddr3_mig_7series_0_0_mig_7series_v4_2_ddr_carry_and_68 |          0 |          0 |       0 |    0 |     0 |      0 |      0 |          0 |
|                   USE_FPGA_VALID_WRITE.valid_write_inst                                               |                             xdma_ddr3_mig_7series_0_0_mig_7series_v4_2_ddr_carry_and_69 |          3 |          3 |       0 |    0 |     0 |      0 |      0 |          0 |
|                 USE_FPGA_ADJUSTED_LEN.LUT_LAST_MASK[0].last_mask_inst                                 |                       xdma_ddr3_mig_7series_0_0_mig_7series_v4_2_ddr_carry_latch_and_58 |          0 |          0 |       0 |    0 |     1 |      0 |      0 |          0 |
|                 USE_FPGA_ADJUSTED_LEN.LUT_LAST_MASK[1].last_mask_inst                                 |                       xdma_ddr3_mig_7series_0_0_mig_7series_v4_2_ddr_carry_latch_and_59 |          0 |          0 |       0 |    0 |     1 |      0 |      0 |          0 |
|                 USE_FPGA_ADJUSTED_LEN.LUT_LAST_MASK[2].last_mask_inst                                 |                       xdma_ddr3_mig_7series_0_0_mig_7series_v4_2_ddr_carry_latch_and_60 |          0 |          0 |       0 |    0 |     1 |      0 |      0 |          0 |
|                 USE_FPGA_ADJUSTED_LEN.LUT_LAST_MASK[3].last_mask_inst                                 |                       xdma_ddr3_mig_7series_0_0_mig_7series_v4_2_ddr_carry_latch_and_61 |          0 |          0 |       0 |    0 |     1 |      0 |      0 |          0 |
|                 USE_FPGA_ADJUSTED_LEN.access_need_extra_word_inst                                     |                             xdma_ddr3_mig_7series_0_0_mig_7series_v4_2_ddr_carry_and_62 |          0 |          0 |       0 |    0 |     0 |      0 |      0 |          0 |
|               USE_READ.read_data_inst                                                                 |                                xdma_ddr3_mig_7series_0_0_mig_7series_v4_2_ddr_r_upsizer |         90 |         90 |       0 |    0 |   149 |      0 |      0 |          0 |
|                 (USE_READ.read_data_inst)                                                             |                                xdma_ddr3_mig_7series_0_0_mig_7series_v4_2_ddr_r_upsizer |         77 |         77 |       0 |    0 |   148 |      0 |      0 |          0 |
|                 USE_FPGA_CTRL.cmd_ready_inst                                                          |                       xdma_ddr3_mig_7series_0_0_mig_7series_v4_2_ddr_carry_latch_and_34 |          1 |          1 |       0 |    0 |     1 |      0 |      0 |          0 |
|                 USE_FPGA_LAST_WORD.USE_FPGA_PACK.last_beat_inst_1                                     |                             xdma_ddr3_mig_7series_0_0_mig_7series_v4_2_ddr_carry_and_35 |          1 |          1 |       0 |    0 |     0 |      0 |      0 |          0 |
|                 USE_FPGA_LAST_WORD.USE_FPGA_PACK.last_beat_wrap_inst                                  |                              xdma_ddr3_mig_7series_0_0_mig_7series_v4_2_ddr_carry_or_36 |          1 |          1 |       0 |    0 |     0 |      0 |      0 |          0 |
|                 USE_FPGA_LAST_WORD.last_beat_curr_word_inst                                           |                        xdma_ddr3_mig_7series_0_0_mig_7series_v4_2_ddr_comparator_sel_37 |          0 |          0 |       0 |    0 |     0 |      0 |      0 |          0 |
|                   LUT_LEVEL[0].compare_inst                                                           |                             xdma_ddr3_mig_7series_0_0_mig_7series_v4_2_ddr_carry_and_53 |          0 |          0 |       0 |    0 |     0 |      0 |      0 |          0 |
|                   LUT_LEVEL[1].compare_inst                                                           |                             xdma_ddr3_mig_7series_0_0_mig_7series_v4_2_ddr_carry_and_54 |          0 |          0 |       0 |    0 |     0 |      0 |      0 |          0 |
|                   LUT_LEVEL[2].compare_inst                                                           |                             xdma_ddr3_mig_7series_0_0_mig_7series_v4_2_ddr_carry_and_55 |          0 |          0 |       0 |    0 |     0 |      0 |      0 |          0 |
|                   LUT_LEVEL[3].compare_inst                                                           |                             xdma_ddr3_mig_7series_0_0_mig_7series_v4_2_ddr_carry_and_56 |          0 |          0 |       0 |    0 |     0 |      0 |      0 |          0 |
|                 USE_FPGA_LAST_WORD.last_beat_inst                                                     | xdma_ddr3_mig_7series_0_0_mig_7series_v4_2_ddr_comparator_sel_static__parameterized0_38 |          5 |          5 |       0 |    0 |     0 |      0 |      0 |          0 |
|                   LUT_LEVEL[0].compare_inst                                                           |                             xdma_ddr3_mig_7series_0_0_mig_7series_v4_2_ddr_carry_and_49 |          1 |          1 |       0 |    0 |     0 |      0 |      0 |          0 |
|                   LUT_LEVEL[1].compare_inst                                                           |                             xdma_ddr3_mig_7series_0_0_mig_7series_v4_2_ddr_carry_and_50 |          1 |          1 |       0 |    0 |     0 |      0 |      0 |          0 |
|                   LUT_LEVEL[2].compare_inst                                                           |                             xdma_ddr3_mig_7series_0_0_mig_7series_v4_2_ddr_carry_and_51 |          1 |          1 |       0 |    0 |     0 |      0 |      0 |          0 |
|                   LUT_LEVEL[3].compare_inst                                                           |                             xdma_ddr3_mig_7series_0_0_mig_7series_v4_2_ddr_carry_and_52 |          2 |          2 |       0 |    0 |     0 |      0 |      0 |          0 |
|                 USE_FPGA_WORD_COMPLETED.next_word_wrap_inst                                           |                 xdma_ddr3_mig_7series_0_0_mig_7series_v4_2_ddr_comparator_sel_static_39 |          2 |          2 |       0 |    0 |     0 |      0 |      0 |          0 |
|                   LUT_LEVEL[0].compare_inst                                                           |                             xdma_ddr3_mig_7series_0_0_mig_7series_v4_2_ddr_carry_and_47 |          1 |          1 |       0 |    0 |     0 |      0 |      0 |          0 |
|                   LUT_LEVEL[1].compare_inst                                                           |                             xdma_ddr3_mig_7series_0_0_mig_7series_v4_2_ddr_carry_and_48 |          1 |          1 |       0 |    0 |     0 |      0 |      0 |          0 |
|                 USE_FPGA_WORD_COMPLETED.word_complete_last_word_inst                                  |                             xdma_ddr3_mig_7series_0_0_mig_7series_v4_2_ddr_carry_and_40 |          1 |          1 |       0 |    0 |     0 |      0 |      0 |          0 |
|                 USE_FPGA_WORD_COMPLETED.word_complete_next_wrap_inst                                  |                             xdma_ddr3_mig_7series_0_0_mig_7series_v4_2_ddr_carry_and_41 |          1 |          1 |       0 |    0 |     0 |      0 |      0 |          0 |
|                 USE_FPGA_WORD_COMPLETED.word_complete_next_wrap_pop_inst                              |                             xdma_ddr3_mig_7series_0_0_mig_7series_v4_2_ddr_carry_and_42 |          0 |          0 |       0 |    0 |     0 |      0 |      0 |          0 |
|                 USE_FPGA_WORD_COMPLETED.word_complete_next_wrap_ready_inst                            |                             xdma_ddr3_mig_7series_0_0_mig_7series_v4_2_ddr_carry_and_43 |          0 |          0 |       0 |    0 |     0 |      0 |      0 |          0 |
|                 USE_FPGA_WORD_COMPLETED.word_complete_rest_inst                                       |                              xdma_ddr3_mig_7series_0_0_mig_7series_v4_2_ddr_carry_or_44 |          0 |          0 |       0 |    0 |     0 |      0 |      0 |          0 |
|                 USE_FPGA_WORD_COMPLETED.word_complete_rest_pop_inst                                   |                             xdma_ddr3_mig_7series_0_0_mig_7series_v4_2_ddr_carry_and_45 |          0 |          0 |       0 |    0 |     0 |      0 |      0 |          0 |
|                 USE_FPGA_WORD_COMPLETED.word_complete_rest_ready_inst                                 |                             xdma_ddr3_mig_7series_0_0_mig_7series_v4_2_ddr_carry_and_46 |          1 |          1 |       0 |    0 |     0 |      0 |      0 |          0 |
|               USE_WRITE.write_addr_inst                                                               |                                xdma_ddr3_mig_7series_0_0_mig_7series_v4_2_ddr_a_upsizer |        133 |        103 |       0 |   30 |    86 |      0 |      0 |          0 |
|                 (USE_WRITE.write_addr_inst)                                                           |                                xdma_ddr3_mig_7series_0_0_mig_7series_v4_2_ddr_a_upsizer |         13 |         13 |       0 |    0 |    40 |      0 |      0 |          0 |
|                 USE_BURSTS.cmd_queue                                                                  |                             xdma_ddr3_mig_7series_0_0_mig_7series_v4_2_ddr_command_fifo |        120 |         90 |       0 |   30 |    42 |      0 |      0 |          0 |
|                   (USE_BURSTS.cmd_queue)                                                              |                             xdma_ddr3_mig_7series_0_0_mig_7series_v4_2_ddr_command_fifo |        110 |         80 |       0 |   30 |    41 |      0 |      0 |          0 |
|                   USE_FPGA_VALID_WRITE.new_write_inst                                                 |                           xdma_ddr3_mig_7series_0_0_mig_7series_v4_2_ddr_carry_latch_or |          6 |          6 |       0 |    0 |     1 |      0 |      0 |          0 |
|                   USE_FPGA_VALID_WRITE.s_valid_dummy_inst1                                            |                             xdma_ddr3_mig_7series_0_0_mig_7series_v4_2_ddr_carry_and_28 |          1 |          1 |       0 |    0 |     0 |      0 |      0 |          0 |
|                   USE_FPGA_VALID_WRITE.s_valid_dummy_inst2                                            |                             xdma_ddr3_mig_7series_0_0_mig_7series_v4_2_ddr_carry_and_29 |          0 |          0 |       0 |    0 |     0 |      0 |      0 |          0 |
|                   USE_FPGA_VALID_WRITE.valid_write_dummy_inst1                                        |                             xdma_ddr3_mig_7series_0_0_mig_7series_v4_2_ddr_carry_and_30 |          0 |          0 |       0 |    0 |     0 |      0 |      0 |          0 |
|                   USE_FPGA_VALID_WRITE.valid_write_dummy_inst2                                        |                             xdma_ddr3_mig_7series_0_0_mig_7series_v4_2_ddr_carry_and_31 |          0 |          0 |       0 |    0 |     0 |      0 |      0 |          0 |
|                   USE_FPGA_VALID_WRITE.valid_write_dummy_inst3                                        |                             xdma_ddr3_mig_7series_0_0_mig_7series_v4_2_ddr_carry_and_32 |          0 |          0 |       0 |    0 |     0 |      0 |      0 |          0 |
|                   USE_FPGA_VALID_WRITE.valid_write_inst                                               |                             xdma_ddr3_mig_7series_0_0_mig_7series_v4_2_ddr_carry_and_33 |          3 |          3 |       0 |    0 |     0 |      0 |      0 |          0 |
|                 USE_FPGA_ADJUSTED_LEN.LUT_LAST_MASK[0].last_mask_inst                                 |                       xdma_ddr3_mig_7series_0_0_mig_7series_v4_2_ddr_carry_latch_and_23 |          0 |          0 |       0 |    0 |     1 |      0 |      0 |          0 |
|                 USE_FPGA_ADJUSTED_LEN.LUT_LAST_MASK[1].last_mask_inst                                 |                       xdma_ddr3_mig_7series_0_0_mig_7series_v4_2_ddr_carry_latch_and_24 |          0 |          0 |       0 |    0 |     1 |      0 |      0 |          0 |
|                 USE_FPGA_ADJUSTED_LEN.LUT_LAST_MASK[2].last_mask_inst                                 |                       xdma_ddr3_mig_7series_0_0_mig_7series_v4_2_ddr_carry_latch_and_25 |          0 |          0 |       0 |    0 |     1 |      0 |      0 |          0 |
|                 USE_FPGA_ADJUSTED_LEN.LUT_LAST_MASK[3].last_mask_inst                                 |                       xdma_ddr3_mig_7series_0_0_mig_7series_v4_2_ddr_carry_latch_and_26 |          0 |          0 |       0 |    0 |     1 |      0 |      0 |          0 |
|                 USE_FPGA_ADJUSTED_LEN.access_need_extra_word_inst                                     |                             xdma_ddr3_mig_7series_0_0_mig_7series_v4_2_ddr_carry_and_27 |          0 |          0 |       0 |    0 |     0 |      0 |      0 |          0 |
|               USE_WRITE.write_data_inst                                                               |                                xdma_ddr3_mig_7series_0_0_mig_7series_v4_2_ddr_w_upsizer |        319 |        319 |       0 |    0 |   309 |      0 |      0 |          0 |
|                 (USE_WRITE.write_data_inst)                                                           |                                xdma_ddr3_mig_7series_0_0_mig_7series_v4_2_ddr_w_upsizer |        173 |        173 |       0 |    0 |   308 |      0 |      0 |          0 |
|                 USE_FPGA_LAST_WORD.last_beat_curr_word_inst                                           |                           xdma_ddr3_mig_7series_0_0_mig_7series_v4_2_ddr_comparator_sel |          0 |          0 |       0 |    0 |     0 |      0 |      0 |          0 |
|                   LUT_LEVEL[0].compare_inst                                                           |                             xdma_ddr3_mig_7series_0_0_mig_7series_v4_2_ddr_carry_and_19 |          0 |          0 |       0 |    0 |     0 |      0 |      0 |          0 |
|                   LUT_LEVEL[1].compare_inst                                                           |                             xdma_ddr3_mig_7series_0_0_mig_7series_v4_2_ddr_carry_and_20 |          0 |          0 |       0 |    0 |     0 |      0 |      0 |          0 |
|                   LUT_LEVEL[2].compare_inst                                                           |                             xdma_ddr3_mig_7series_0_0_mig_7series_v4_2_ddr_carry_and_21 |          0 |          0 |       0 |    0 |     0 |      0 |      0 |          0 |
|                   LUT_LEVEL[3].compare_inst                                                           |                             xdma_ddr3_mig_7series_0_0_mig_7series_v4_2_ddr_carry_and_22 |          0 |          0 |       0 |    0 |     0 |      0 |      0 |          0 |
|                 USE_FPGA_LAST_WORD.last_beat_inst                                                     |    xdma_ddr3_mig_7series_0_0_mig_7series_v4_2_ddr_comparator_sel_static__parameterized0 |          4 |          4 |       0 |    0 |     0 |      0 |      0 |          0 |
|                   LUT_LEVEL[0].compare_inst                                                           |                             xdma_ddr3_mig_7series_0_0_mig_7series_v4_2_ddr_carry_and_15 |          1 |          1 |       0 |    0 |     0 |      0 |      0 |          0 |
|                   LUT_LEVEL[1].compare_inst                                                           |                             xdma_ddr3_mig_7series_0_0_mig_7series_v4_2_ddr_carry_and_16 |          1 |          1 |       0 |    0 |     0 |      0 |      0 |          0 |
|                   LUT_LEVEL[2].compare_inst                                                           |                             xdma_ddr3_mig_7series_0_0_mig_7series_v4_2_ddr_carry_and_17 |          1 |          1 |       0 |    0 |     0 |      0 |      0 |          0 |
|                   LUT_LEVEL[3].compare_inst                                                           |                             xdma_ddr3_mig_7series_0_0_mig_7series_v4_2_ddr_carry_and_18 |          1 |          1 |       0 |    0 |     0 |      0 |      0 |          0 |
|                 USE_FPGA_LAST_WORD.last_word_inst                                                     |                                xdma_ddr3_mig_7series_0_0_mig_7series_v4_2_ddr_carry_and |          0 |          0 |       0 |    0 |     0 |      0 |      0 |          0 |
|                 USE_FPGA_USE_WRAP.last_word_inst2                                                     |                              xdma_ddr3_mig_7series_0_0_mig_7series_v4_2_ddr_carry_and_1 |          0 |          0 |       0 |    0 |     0 |      0 |      0 |          0 |
|                 USE_FPGA_USE_WRAP.last_word_inst3                                                     |                              xdma_ddr3_mig_7series_0_0_mig_7series_v4_2_ddr_carry_and_2 |          0 |          0 |       0 |    0 |     0 |      0 |      0 |          0 |
|                 USE_FPGA_USE_WRAP.word_complete_next_wrap_stall_inst                                  |                          xdma_ddr3_mig_7series_0_0_mig_7series_v4_2_ddr_carry_latch_and |          9 |          9 |       0 |    0 |     1 |      0 |      0 |          0 |
|                 USE_FPGA_WORD_COMPLETED.last_word_inst_2                                              |                              xdma_ddr3_mig_7series_0_0_mig_7series_v4_2_ddr_carry_and_3 |          0 |          0 |       0 |    0 |     0 |      0 |      0 |          0 |
|                 USE_FPGA_WORD_COMPLETED.next_word_wrap_inst                                           |                    xdma_ddr3_mig_7series_0_0_mig_7series_v4_2_ddr_comparator_sel_static |          2 |          2 |       0 |    0 |     0 |      0 |      0 |          0 |
|                   LUT_LEVEL[0].compare_inst                                                           |                             xdma_ddr3_mig_7series_0_0_mig_7series_v4_2_ddr_carry_and_13 |          1 |          1 |       0 |    0 |     0 |      0 |      0 |          0 |
|                   LUT_LEVEL[1].compare_inst                                                           |                             xdma_ddr3_mig_7series_0_0_mig_7series_v4_2_ddr_carry_and_14 |          1 |          1 |       0 |    0 |     0 |      0 |      0 |          0 |
|                 USE_FPGA_WORD_COMPLETED.pop_si_data_inst                                              |                                 xdma_ddr3_mig_7series_0_0_mig_7series_v4_2_ddr_carry_or |          1 |          1 |       0 |    0 |     0 |      0 |      0 |          0 |
|                 USE_FPGA_WORD_COMPLETED.word_complete_next_wrap_inst                                  |                              xdma_ddr3_mig_7series_0_0_mig_7series_v4_2_ddr_carry_and_4 |          0 |          0 |       0 |    0 |     0 |      0 |      0 |          0 |
|                 USE_FPGA_WORD_COMPLETED.word_complete_next_wrap_last_inst                             |                              xdma_ddr3_mig_7series_0_0_mig_7series_v4_2_ddr_carry_and_5 |          0 |          0 |       0 |    0 |     0 |      0 |      0 |          0 |
|                 USE_FPGA_WORD_COMPLETED.word_complete_next_wrap_pop_inst                              |                              xdma_ddr3_mig_7series_0_0_mig_7series_v4_2_ddr_carry_and_6 |          0 |          0 |       0 |    0 |     0 |      0 |      0 |          0 |
|                 USE_FPGA_WORD_COMPLETED.word_complete_next_wrap_qual_inst                             |                              xdma_ddr3_mig_7series_0_0_mig_7series_v4_2_ddr_carry_and_7 |          1 |          1 |       0 |    0 |     0 |      0 |      0 |          0 |
|                 USE_FPGA_WORD_COMPLETED.word_complete_next_wrap_valid_inst                            |                              xdma_ddr3_mig_7series_0_0_mig_7series_v4_2_ddr_carry_and_8 |          0 |          0 |       0 |    0 |     0 |      0 |      0 |          0 |
|                 USE_FPGA_WORD_COMPLETED.word_complete_rest_last_inst                                  |                              xdma_ddr3_mig_7series_0_0_mig_7series_v4_2_ddr_carry_and_9 |        129 |        129 |       0 |    0 |     0 |      0 |      0 |          0 |
|                 USE_FPGA_WORD_COMPLETED.word_complete_rest_pop_inst                                   |                             xdma_ddr3_mig_7series_0_0_mig_7series_v4_2_ddr_carry_and_10 |          0 |          0 |       0 |    0 |     0 |      0 |      0 |          0 |
|                 USE_FPGA_WORD_COMPLETED.word_complete_rest_qual_inst                                  |                             xdma_ddr3_mig_7series_0_0_mig_7series_v4_2_ddr_carry_and_11 |          0 |          0 |       0 |    0 |     0 |      0 |      0 |          0 |
|                 USE_FPGA_WORD_COMPLETED.word_complete_rest_valid_inst                                 |                             xdma_ddr3_mig_7series_0_0_mig_7series_v4_2_ddr_carry_and_12 |          0 |          0 |       0 |    0 |     0 |      0 |      0 |          0 |
|               mi_register_slice_inst                                                                  |       xdma_ddr3_mig_7series_0_0_mig_7series_v4_2_ddr_axi_register_slice__parameterized0 |        139 |        139 |       0 |    0 |   268 |      0 |      0 |          0 |
|                 (mi_register_slice_inst)                                                              |       xdma_ddr3_mig_7series_0_0_mig_7series_v4_2_ddr_axi_register_slice__parameterized0 |          0 |          0 |       0 |    0 |     1 |      0 |      0 |          0 |
|                 r_pipe                                                                                |      xdma_ddr3_mig_7series_0_0_mig_7series_v4_2_ddr_axic_register_slice__parameterized5 |        139 |        139 |       0 |    0 |   267 |      0 |      0 |          0 |
|               si_register_slice_inst                                                                  |                       xdma_ddr3_mig_7series_0_0_mig_7series_v4_2_ddr_axi_register_slice |         74 |         74 |       0 |    0 |    93 |      0 |      0 |          0 |
|                 (si_register_slice_inst)                                                              |                       xdma_ddr3_mig_7series_0_0_mig_7series_v4_2_ddr_axi_register_slice |          1 |          1 |       0 |    0 |     1 |      0 |      0 |          0 |
|                 ar_pipe                                                                               |                      xdma_ddr3_mig_7series_0_0_mig_7series_v4_2_ddr_axic_register_slice |         34 |         34 |       0 |    0 |    45 |      0 |      0 |          0 |
|                 aw_pipe                                                                               |                    xdma_ddr3_mig_7series_0_0_mig_7series_v4_2_ddr_axic_register_slice_0 |         39 |         39 |       0 |    0 |    47 |      0 |      0 |          0 |
|             axi_mc_ar_channel_0                                                                       |                            xdma_ddr3_mig_7series_0_0_mig_7series_v4_2_axi_mc_ar_channel |        115 |        115 |       0 |    0 |    83 |      0 |      0 |          0 |
|               (axi_mc_ar_channel_0)                                                                   |                            xdma_ddr3_mig_7series_0_0_mig_7series_v4_2_axi_mc_ar_channel |          1 |          1 |       0 |    0 |    41 |      0 |      0 |          0 |
|               ar_cmd_fsm_0                                                                            |                               xdma_ddr3_mig_7series_0_0_mig_7series_v4_2_axi_mc_cmd_fsm |         63 |         63 |       0 |    0 |     1 |      0 |      0 |          0 |
|               axi_mc_cmd_translator_0                                                                 |        xdma_ddr3_mig_7series_0_0_mig_7series_v4_2_axi_mc_cmd_translator__parameterized0 |         52 |         52 |       0 |    0 |    41 |      0 |      0 |          0 |
|                 axi_mc_incr_cmd_0                                                                     |              xdma_ddr3_mig_7series_0_0_mig_7series_v4_2_axi_mc_incr_cmd__parameterized0 |         45 |         45 |       0 |    0 |    33 |      0 |      0 |          0 |
|                 axi_mc_wrap_cmd_0                                                                     |              xdma_ddr3_mig_7series_0_0_mig_7series_v4_2_axi_mc_wrap_cmd__parameterized0 |          7 |          7 |       0 |    0 |     8 |      0 |      0 |          0 |
|             axi_mc_aw_channel_0                                                                       |                            xdma_ddr3_mig_7series_0_0_mig_7series_v4_2_axi_mc_aw_channel |        112 |        112 |       0 |    0 |    81 |      0 |      0 |          0 |
|               (axi_mc_aw_channel_0)                                                                   |                            xdma_ddr3_mig_7series_0_0_mig_7series_v4_2_axi_mc_aw_channel |          0 |          0 |       0 |    0 |    39 |      0 |      0 |          0 |
|               aw_cmd_fsm_0                                                                            |                            xdma_ddr3_mig_7series_0_0_mig_7series_v4_2_axi_mc_wr_cmd_fsm |         67 |         67 |       0 |    0 |     1 |      0 |      0 |          0 |
|               axi_mc_cmd_translator_0                                                                 |                        xdma_ddr3_mig_7series_0_0_mig_7series_v4_2_axi_mc_cmd_translator |         46 |         46 |       0 |    0 |    41 |      0 |      0 |          0 |
|                 axi_mc_incr_cmd_0                                                                     |                              xdma_ddr3_mig_7series_0_0_mig_7series_v4_2_axi_mc_incr_cmd |         35 |         35 |       0 |    0 |    33 |      0 |      0 |          0 |
|                 axi_mc_wrap_cmd_0                                                                     |                              xdma_ddr3_mig_7series_0_0_mig_7series_v4_2_axi_mc_wrap_cmd |         11 |         11 |       0 |    0 |     8 |      0 |      0 |          0 |
|             axi_mc_b_channel_0                                                                        |                             xdma_ddr3_mig_7series_0_0_mig_7series_v4_2_axi_mc_b_channel |          8 |          8 |       0 |    0 |     5 |      0 |      0 |          0 |
|               (axi_mc_b_channel_0)                                                                    |                             xdma_ddr3_mig_7series_0_0_mig_7series_v4_2_axi_mc_b_channel |          1 |          1 |       0 |    0 |     1 |      0 |      0 |          0 |
|               bid_fifo_0                                                                              |                                  xdma_ddr3_mig_7series_0_0_mig_7series_v4_2_axi_mc_fifo |          8 |          8 |       0 |    0 |     4 |      0 |      0 |          0 |
|             axi_mc_cmd_arbiter_0                                                                      |                           xdma_ddr3_mig_7series_0_0_mig_7series_v4_2_axi_mc_cmd_arbiter |         26 |         26 |       0 |    0 |    31 |      0 |      0 |          0 |
|             axi_mc_r_channel_0                                                                        |                             xdma_ddr3_mig_7series_0_0_mig_7series_v4_2_axi_mc_r_channel |        150 |         21 |       0 |  129 |    16 |      0 |      0 |          0 |
|               (axi_mc_r_channel_0)                                                                    |                             xdma_ddr3_mig_7series_0_0_mig_7series_v4_2_axi_mc_r_channel |          0 |          0 |       0 |    0 |     4 |      0 |      0 |          0 |
|               rd_data_fifo_0                                                                          |                  xdma_ddr3_mig_7series_0_0_mig_7series_v4_2_axi_mc_fifo__parameterized0 |        137 |          9 |       0 |  128 |     6 |      0 |      0 |          0 |
|               transaction_fifo_0                                                                      |                  xdma_ddr3_mig_7series_0_0_mig_7series_v4_2_axi_mc_fifo__parameterized1 |         13 |         12 |       0 |    1 |     6 |      0 |      0 |          0 |
|             axi_mc_w_channel_0                                                                        |                             xdma_ddr3_mig_7series_0_0_mig_7series_v4_2_axi_mc_w_channel |        147 |        147 |       0 |    0 |   292 |      0 |      0 |          0 |
|           u_ui_top                                                                                    |                                       xdma_ddr3_mig_7series_0_0_mig_7series_v4_2_ui_top |        433 |        237 |     196 |    0 |   551 |      0 |      0 |          0 |
|             ui_cmd0                                                                                   |                                       xdma_ddr3_mig_7series_0_0_mig_7series_v4_2_ui_cmd |         30 |         30 |       0 |    0 |    55 |      0 |      0 |          0 |
|             ui_rd_data0                                                                               |                                   xdma_ddr3_mig_7series_0_0_mig_7series_v4_2_ui_rd_data |        118 |         26 |      92 |    0 |   163 |      0 |      0 |          0 |
|             ui_wr_data0                                                                               |                                   xdma_ddr3_mig_7series_0_0_mig_7series_v4_2_ui_wr_data |        285 |        181 |     104 |    0 |   333 |      0 |      0 |          0 |
|     rst_mig_7series_0_100M                                                                            |                                                      xdma_ddr3_rst_mig_7series_0_100M_0 |         17 |         16 |       0 |    1 |    37 |      0 |      0 |          0 |
|       U0                                                                                              |                                       xdma_ddr3_rst_mig_7series_0_100M_0_proc_sys_reset |         17 |         16 |       0 |    1 |    37 |      0 |      0 |          0 |
|         (U0)                                                                                          |                                       xdma_ddr3_rst_mig_7series_0_100M_0_proc_sys_reset |          0 |          0 |       0 |    0 |     2 |      0 |      0 |          0 |
|         EXT_LPF                                                                                       |                                                  xdma_ddr3_rst_mig_7series_0_100M_0_lpf |          4 |          3 |       0 |    1 |    17 |      0 |      0 |          0 |
|           (EXT_LPF)                                                                                   |                                                  xdma_ddr3_rst_mig_7series_0_100M_0_lpf |          2 |          1 |       0 |    1 |     9 |      0 |      0 |          0 |
|           ACTIVE_HIGH_EXT.ACT_HI_EXT                                                                  |                                             xdma_ddr3_rst_mig_7series_0_100M_0_cdc_sync |          1 |          1 |       0 |    0 |     4 |      0 |      0 |          0 |
|           ACTIVE_LOW_AUX.ACT_LO_AUX                                                                   |                                           xdma_ddr3_rst_mig_7series_0_100M_0_cdc_sync_0 |          1 |          1 |       0 |    0 |     4 |      0 |      0 |          0 |
|         SEQ                                                                                           |                                         xdma_ddr3_rst_mig_7series_0_100M_0_sequence_psr |         13 |         13 |       0 |    0 |    18 |      0 |      0 |          0 |
|           (SEQ)                                                                                       |                                         xdma_ddr3_rst_mig_7series_0_100M_0_sequence_psr |          8 |          8 |       0 |    0 |    12 |      0 |      0 |          0 |
|           SEQ_COUNTER                                                                                 |                                              xdma_ddr3_rst_mig_7series_0_100M_0_upcnt_n |          5 |          5 |       0 |    0 |     6 |      0 |      0 |          0 |
|     util_ds_buf                                                                                       |                                                                 xdma_ddr3_util_ds_buf_0 |          0 |          0 |       0 |    0 |     0 |      0 |      0 |          0 |
|       U0                                                                                              |                                                     xdma_ddr3_util_ds_buf_0_util_ds_buf |          0 |          0 |       0 |    0 |     0 |      0 |      0 |          0 |
|     xdma_0                                                                                            |                                                                      xdma_ddr3_xdma_0_0 |      20218 |      17781 |    2424 |   13 | 22320 |     34 |      1 |          0 |
|       inst                                                                                            |                                                             xdma_ddr3_xdma_0_0_core_top |      20218 |      17781 |    2424 |   13 | 22320 |     34 |      1 |          0 |
|         (inst)                                                                                        |                                                             xdma_ddr3_xdma_0_0_core_top |          0 |          0 |       0 |    0 |     0 |      0 |      0 |          0 |
|         ram_top                                                                                       |                                            xdma_ddr3_xdma_0_0_xdma_v4_1_14_udma_ram_top |          7 |          7 |       0 |    0 |    13 |     16 |      0 |          0 |
|           C2H_PCIE_DSC_CPLD_RAM                                                                       |                    xdma_ddr3_xdma_0_0_xdma_v4_1_14_mem_simple_dport_ram__parameterized5 |          3 |          3 |       0 |    0 |     0 |      4 |      0 |          0 |
|           MASTER_READ_BRAM                                                                            |                     xdma_ddr3_xdma_0_0_xdma_v4_1_14_dma_xpm_sdpram_wrap__parameterized1 |          0 |          0 |       0 |    0 |     0 |      2 |      0 |          0 |
|             xpm_memory_sdpram_inst_loop[0].xpm_memory_sdpram_inst                                     |                                    xdma_ddr3_xdma_0_0_xpm_memory_sdpram__parameterized1 |          0 |          0 |       0 |    0 |     0 |      2 |      0 |          0 |
|               xpm_memory_base_inst                                                                    |                                      xdma_ddr3_xdma_0_0_xpm_memory_base__parameterized1 |          0 |          0 |       0 |    0 |     0 |      2 |      0 |          0 |
|           gen_c2h_bram.C2H_DAT0_FIFO                                                                  |                          xdma_ddr3_xdma_0_0_xdma_v4_1_14_dma_xpm_sdpram_wrap__xdcDup__5 |          1 |          1 |       0 |    0 |     3 |      2 |      0 |          0 |
|             xpm_memory_sdpram_inst_loop[0].xpm_memory_sdpram_inst                                     |                                                xdma_ddr3_xdma_0_0_xpm_memory_sdpram__14 |          1 |          1 |       0 |    0 |     3 |      1 |      0 |          0 |
|               xpm_memory_base_inst                                                                    |                                                  xdma_ddr3_xdma_0_0_xpm_memory_base__14 |          1 |          1 |       0 |    0 |     3 |      1 |      0 |          0 |
|             xpm_memory_sdpram_inst_loop[1].xpm_memory_sdpram_inst                                     |                                                xdma_ddr3_xdma_0_0_xpm_memory_sdpram__15 |          1 |          1 |       0 |    0 |     0 |      1 |      0 |          0 |
|               xpm_memory_base_inst                                                                    |                                                  xdma_ddr3_xdma_0_0_xpm_memory_base__15 |          1 |          1 |       0 |    0 |     0 |      1 |      0 |          0 |
|           gen_c2h_bram.C2H_DAT1_FIFO                                                                  |                          xdma_ddr3_xdma_0_0_xdma_v4_1_14_dma_xpm_sdpram_wrap__xdcDup__6 |          1 |          1 |       0 |    0 |     3 |      2 |      0 |          0 |
|             xpm_memory_sdpram_inst_loop[0].xpm_memory_sdpram_inst                                     |                                                xdma_ddr3_xdma_0_0_xpm_memory_sdpram__12 |          1 |          1 |       0 |    0 |     3 |      1 |      0 |          0 |
|               xpm_memory_base_inst                                                                    |                                                  xdma_ddr3_xdma_0_0_xpm_memory_base__12 |          1 |          1 |       0 |    0 |     3 |      1 |      0 |          0 |
|             xpm_memory_sdpram_inst_loop[1].xpm_memory_sdpram_inst                                     |                                                xdma_ddr3_xdma_0_0_xpm_memory_sdpram__13 |          1 |          1 |       0 |    0 |     0 |      1 |      0 |          0 |
|               xpm_memory_base_inst                                                                    |                                                  xdma_ddr3_xdma_0_0_xpm_memory_base__13 |          1 |          1 |       0 |    0 |     0 |      1 |      0 |          0 |
|           gen_h2c_bram.H2C_DAT0_FIFO                                                                  |                          xdma_ddr3_xdma_0_0_xdma_v4_1_14_dma_xpm_sdpram_wrap__xdcDup__1 |          1 |          1 |       0 |    0 |     4 |      2 |      0 |          0 |
|             (gen_h2c_bram.H2C_DAT0_FIFO)                                                              |                          xdma_ddr3_xdma_0_0_xdma_v4_1_14_dma_xpm_sdpram_wrap__xdcDup__1 |          0 |          0 |       0 |    0 |     1 |      0 |      0 |          0 |
|             xpm_memory_sdpram_inst_loop[0].xpm_memory_sdpram_inst                                     |                                                xdma_ddr3_xdma_0_0_xpm_memory_sdpram__22 |          1 |          1 |       0 |    0 |     3 |      1 |      0 |          0 |
|               xpm_memory_base_inst                                                                    |                                                  xdma_ddr3_xdma_0_0_xpm_memory_base__22 |          1 |          1 |       0 |    0 |     3 |      1 |      0 |          0 |
|             xpm_memory_sdpram_inst_loop[1].xpm_memory_sdpram_inst                                     |                                                    xdma_ddr3_xdma_0_0_xpm_memory_sdpram |          1 |          1 |       0 |    0 |     0 |      1 |      0 |          0 |
|               xpm_memory_base_inst                                                                    |                                                      xdma_ddr3_xdma_0_0_xpm_memory_base |          1 |          1 |       0 |    0 |     0 |      1 |      0 |          0 |
|           gen_h2c_bram.H2C_DAT1_FIFO                                                                  |                          xdma_ddr3_xdma_0_0_xdma_v4_1_14_dma_xpm_sdpram_wrap__xdcDup__2 |          1 |          1 |       0 |    0 |     3 |      2 |      0 |          0 |
|             xpm_memory_sdpram_inst_loop[0].xpm_memory_sdpram_inst                                     |                                                xdma_ddr3_xdma_0_0_xpm_memory_sdpram__20 |          1 |          1 |       0 |    0 |     3 |      1 |      0 |          0 |
|               xpm_memory_base_inst                                                                    |                                                  xdma_ddr3_xdma_0_0_xpm_memory_base__20 |          1 |          1 |       0 |    0 |     3 |      1 |      0 |          0 |
|             xpm_memory_sdpram_inst_loop[1].xpm_memory_sdpram_inst                                     |                                                xdma_ddr3_xdma_0_0_xpm_memory_sdpram__21 |          1 |          1 |       0 |    0 |     0 |      1 |      0 |          0 |
|               xpm_memory_base_inst                                                                    |                                                  xdma_ddr3_xdma_0_0_xpm_memory_base__21 |          1 |          1 |       0 |    0 |     0 |      1 |      0 |          0 |
|           mas_bridge_ram_write_512.MASTER_WRITE_FIFO                                                  |                     xdma_ddr3_xdma_0_0_xdma_v4_1_14_dma_xpm_sdpram_wrap__parameterized0 |          0 |          0 |       0 |    0 |     0 |      2 |      0 |          0 |
|             xpm_memory_sdpram_inst_loop[0].xpm_memory_sdpram_inst                                     |                                    xdma_ddr3_xdma_0_0_xpm_memory_sdpram__parameterized0 |          0 |          0 |       0 |    0 |     0 |      2 |      0 |          0 |
|               xpm_memory_base_inst                                                                    |                                      xdma_ddr3_xdma_0_0_xpm_memory_base__parameterized0 |          0 |          0 |       0 |    0 |     0 |      2 |      0 |          0 |
|         udma_wrapper                                                                                  |                                            xdma_ddr3_xdma_0_0_xdma_v4_1_14_udma_wrapper |      17884 |      15554 |    2328 |    2 | 18739 |      8 |      0 |          0 |
|           (udma_wrapper)                                                                              |                                            xdma_ddr3_xdma_0_0_xdma_v4_1_14_udma_wrapper |          0 |          0 |       0 |    0 |    33 |      0 |      0 |          0 |
|           dma_top                                                                                     |                                                xdma_ddr3_xdma_0_0_xdma_v4_1_14_udma_top |      17884 |      15554 |    2328 |    2 | 18706 |      8 |      0 |          0 |
|             (dma_top)                                                                                 |                                                xdma_ddr3_xdma_0_0_xdma_v4_1_14_udma_top |        260 |         19 |     241 |    0 |    24 |      0 |      0 |          0 |
|             axi4mm_bridge_top_inst                                                                    |                                       xdma_ddr3_xdma_0_0_xdma_v4_1_14_axi4mm_bridge_top |       1002 |        914 |      88 |    0 |  1164 |      0 |      0 |          0 |
|               axi4mm_axi_mm_master_top_inst                                                           |                           xdma_ddr3_xdma_0_0_xdma_v4_1_14_axi4mm_axi_mm_master_top_br_v |        952 |        864 |      88 |    0 |  1110 |      0 |      0 |          0 |
|                 (axi4mm_axi_mm_master_top_inst)                                                       |                           xdma_ddr3_xdma_0_0_xdma_v4_1_14_axi4mm_axi_mm_master_top_br_v |         11 |         11 |       0 |    0 |    16 |      0 |      0 |          0 |
|                 axi4mm_axi_mm_master_rd                                                               |                                   xdma_ddr3_xdma_0_0_xdma_v4_1_14_axi_mm_master_rd_br_v |        337 |        299 |      38 |    0 |   354 |      0 |      0 |          0 |
|                 axi4mm_axi_mm_master_wr_inst                                                          |                                   xdma_ddr3_xdma_0_0_xdma_v4_1_14_axi_mm_master_wr_br_v |        186 |        136 |      50 |    0 |   132 |      0 |      0 |          0 |
|                 axi4mm_axi_str_masterbr_rdtlp_inst                                                    |                             xdma_ddr3_xdma_0_0_xdma_v4_1_14_axi_str_masterbr_rdtlp_br_v |        309 |        309 |       0 |    0 |   378 |      0 |      0 |          0 |
|                 axi4mm_axi_str_masterbridge_wrrd_inst                                                 |                              xdma_ddr3_xdma_0_0_xdma_v4_1_14_axi_str_masterbr_wrrd_br_v |        113 |        113 |       0 |    0 |   230 |      0 |      0 |          0 |
|               axi4mm_axi_mm_master_top_soft_dma_inst                                                  |                           xdma_ddr3_xdma_0_0_xdma_v4_1_14_axi4mm_axi_mm_master_top_soft |         51 |         51 |       0 |    0 |    54 |      0 |      0 |          0 |
|             base                                                                                      |                                                xdma_ddr3_xdma_0_0_xdma_v4_1_14_dma_base |       1141 |       1061 |      80 |    0 |  1497 |      1 |      0 |          0 |
|               CFG_INST                                                                                |                                                 xdma_ddr3_xdma_0_0_xdma_v4_1_14_vul_cfg |        365 |        365 |       0 |    0 |   381 |      0 |      0 |          0 |
|               IRQ_INST                                                                                |                                                 xdma_ddr3_xdma_0_0_xdma_v4_1_14_vul_irq |        599 |        599 |       0 |    0 |   900 |      1 |      0 |          0 |
|                 (IRQ_INST)                                                                            |                                                 xdma_ddr3_xdma_0_0_xdma_v4_1_14_vul_irq |        209 |        209 |       0 |    0 |   315 |      0 |      0 |          0 |
|                 arbirq                                                                                |                                xdma_ddr3_xdma_0_0_xdma_v4_1_14_arbblock__parameterized2 |         31 |         31 |       0 |    0 |    20 |      0 |      0 |          0 |
|                   genarb[0].inst                                                                      |                               xdma_ddr3_xdma_0_0_xdma_v4_1_14_arbentity__parameterized8 |          9 |          9 |       0 |    0 |     4 |      0 |      0 |          0 |
|                   genarb[1].inst                                                                      |                               xdma_ddr3_xdma_0_0_xdma_v4_1_14_arbentity__parameterized9 |          5 |          5 |       0 |    0 |     4 |      0 |      0 |          0 |
|                   genarb[2].inst                                                                      |                              xdma_ddr3_xdma_0_0_xdma_v4_1_14_arbentity__parameterized10 |          5 |          5 |       0 |    0 |     4 |      0 |      0 |          0 |
|                   genarb[3].inst                                                                      |                              xdma_ddr3_xdma_0_0_xdma_v4_1_14_arbentity__parameterized11 |          6 |          6 |       0 |    0 |     4 |      0 |      0 |          0 |
|                   genarb[4].inst                                                                      |                              xdma_ddr3_xdma_0_0_xdma_v4_1_14_arbentity__parameterized12 |          6 |          6 |       0 |    0 |     4 |      0 |      0 |          0 |
|                 msix_internal_xdma.msix_ctl                                                           |                              xdma_ddr3_xdma_0_0_xdma_v4_1_14_pcie_userapp_tgt_intr_ctrl |        148 |        148 |       0 |    0 |   292 |      0 |      0 |          0 |
|                 msix_internal_xdma.pf0_msix_table                                                     |                                               xdma_ddr3_xdma_0_0_xdma_v4_1_14_udma_msix |        212 |        212 |       0 |    0 |   269 |      1 |      0 |          0 |
|                 usr_irq_xpm_cdc                                                                       |                                                       xdma_ddr3_xdma_0_0_xpm_cdc_single |          0 |          0 |       0 |    0 |     4 |      0 |      0 |          0 |
|               TAR_BRDG                                                                                |                                                 xdma_ddr3_xdma_0_0_xdma_v4_1_14_vul_tar |         42 |         42 |       0 |    0 |   134 |      0 |      0 |          0 |
|               cq_axilt_slv                                                                            |                                           xdma_ddr3_xdma_0_0_xdma_v4_1_14_dma_axilt_slv |         84 |         44 |      40 |    0 |    63 |      0 |      0 |          0 |
|                 (cq_axilt_slv)                                                                        |                                           xdma_ddr3_xdma_0_0_xdma_v4_1_14_dma_axilt_slv |          6 |          6 |       0 |    0 |    43 |      0 |      0 |          0 |
|                 DAT_FIFO                                                                              |                          xdma_ddr3_xdma_0_0_xdma_v4_1_14_GenericFIFO__parameterized4_75 |         49 |         25 |      24 |    0 |     8 |      0 |      0 |          0 |
|                 REQ_FIFO                                                                              |                          xdma_ddr3_xdma_0_0_xdma_v4_1_14_GenericFIFO__parameterized3_76 |         29 |         13 |      16 |    0 |    12 |      0 |      0 |          0 |
|               usr_axilt_slv                                                                           |                                        xdma_ddr3_xdma_0_0_xdma_v4_1_14_dma_axilt_slv_74 |         51 |         11 |      40 |    0 |    19 |      0 |      0 |          0 |
|                 (usr_axilt_slv)                                                                       |                                        xdma_ddr3_xdma_0_0_xdma_v4_1_14_dma_axilt_slv_74 |          0 |          0 |       0 |    0 |     3 |      0 |      0 |          0 |
|                 DAT_FIFO                                                                              |                             xdma_ddr3_xdma_0_0_xdma_v4_1_14_GenericFIFO__parameterized4 |         28 |          4 |      24 |    0 |     8 |      0 |      0 |          0 |
|                 REQ_FIFO                                                                              |                             xdma_ddr3_xdma_0_0_xdma_v4_1_14_GenericFIFO__parameterized3 |         23 |          7 |      16 |    0 |     8 |      0 |      0 |          0 |
|             dma_enable.aximm.dma_aximm                                                                |                                               xdma_ddr3_xdma_0_0_xdma_v4_1_14_dma_aximm |       1926 |       1626 |     298 |    2 |  1285 |      0 |      0 |          0 |
|               axi4mm_axi_mm_master_rd                                                                 |                               xdma_ddr3_xdma_0_0_xdma_v4_1_14_axi_mm_master_omulti_rd_v |        167 |         77 |      90 |    0 |   173 |      0 |      0 |          0 |
|               axi4mm_axi_mm_master_wr                                                                 |                               xdma_ddr3_xdma_0_0_xdma_v4_1_14_axi_mm_master_omulti_wr_v |       1718 |       1508 |     208 |    2 |   917 |      0 |      0 |          0 |
|                 (axi4mm_axi_mm_master_wr)                                                             |                               xdma_ddr3_xdma_0_0_xdma_v4_1_14_axi_mm_master_omulti_wr_v |       1562 |       1462 |      98 |    2 |   874 |      0 |      0 |          0 |
|                 WPL_FIFO                                                                              |                                         xdma_ddr3_xdma_0_0_xdma_v4_1_14_GenericFIFOHead |         67 |         43 |      24 |    0 |    37 |      0 |      0 |          0 |
|                 WTLP_DAT_FIFO                                                                         |                                          xdma_ddr3_xdma_0_0_xdma_v4_1_14_GenericFIFO_73 |         91 |          5 |      86 |    0 |     6 |      0 |      0 |          0 |
|               axidma_rrq_arb                                                                          |                                          xdma_ddr3_xdma_0_0_xdma_v4_1_14_axidma_dcarb_v |         15 |         15 |       0 |    0 |    91 |      0 |      0 |          0 |
|                 Fifowhead.fifoInfo                                                                    |                                        xdma_ddr3_xdma_0_0_xdma_v4_1_14_GenericFIFOAsync |         12 |         12 |       0 |    0 |    89 |      0 |      0 |          0 |
|                 arbchnls                                                                              |                                             xdma_ddr3_xdma_0_0_xdma_v4_1_14_arbblock_70 |          3 |          3 |       0 |    0 |     2 |      0 |      0 |          0 |
|                   genarb[0].inst                                                                      |                                            xdma_ddr3_xdma_0_0_xdma_v4_1_14_arbentity_71 |          2 |          2 |       0 |    0 |     1 |      0 |      0 |          0 |
|                   genarb[1].inst                                                                      |                            xdma_ddr3_xdma_0_0_xdma_v4_1_14_arbentity__parameterized0_72 |          1 |          1 |       0 |    0 |     1 |      0 |      0 |          0 |
|               axidma_wrq_arb                                                                          |                          xdma_ddr3_xdma_0_0_xdma_v4_1_14_axidma_dcarb_v__parameterized0 |         27 |         27 |       0 |    0 |   104 |      0 |      0 |          0 |
|                 Fifowhead.fifoInfo                                                                    |                        xdma_ddr3_xdma_0_0_xdma_v4_1_14_GenericFIFOAsync__parameterized0 |         23 |         23 |       0 |    0 |   102 |      0 |      0 |          0 |
|                 arbchnls                                                                              |                                             xdma_ddr3_xdma_0_0_xdma_v4_1_14_arbblock_67 |          4 |          4 |       0 |    0 |     2 |      0 |      0 |          0 |
|                   genarb[0].inst                                                                      |                                            xdma_ddr3_xdma_0_0_xdma_v4_1_14_arbentity_68 |          3 |          3 |       0 |    0 |     1 |      0 |      0 |          0 |
|                   genarb[1].inst                                                                      |                            xdma_ddr3_xdma_0_0_xdma_v4_1_14_arbentity__parameterized0_69 |          1 |          1 |       0 |    0 |     1 |      0 |      0 |          0 |
|             dma_enable.vul_dma                                                                        |                                                 xdma_ddr3_xdma_0_0_xdma_v4_1_14_vul_top |       9743 |       8615 |    1128 |    0 | 11052 |      4 |      0 |          0 |
|               (dma_enable.vul_dma)                                                                    |                                                 xdma_ddr3_xdma_0_0_xdma_v4_1_14_vul_top |          0 |          0 |       0 |    0 |    43 |      0 |      0 |          0 |
|               RD                                                                                      |                                xdma_ddr3_xdma_0_0_xdma_v4_1_14_vul_rdwr__parameterized0 |       4638 |       4090 |     548 |    0 |  4710 |      2 |      0 |          0 |
|                 (RD)                                                                                  |                                xdma_ddr3_xdma_0_0_xdma_v4_1_14_vul_rdwr__parameterized0 |        345 |        345 |       0 |    0 |    22 |      0 |      0 |          0 |
|                 gen_rdwr_loop[0].gen_rdwr_eng.RDWR_INST                                               |                            xdma_ddr3_xdma_0_0_xdma_v4_1_14_vul_rdwr_eng__parameterized1 |       1806 |       1532 |     274 |    0 |  2172 |      1 |      0 |          0 |
|                   (gen_rdwr_loop[0].gen_rdwr_eng.RDWR_INST)                                           |                            xdma_ddr3_xdma_0_0_xdma_v4_1_14_vul_rdwr_eng__parameterized1 |       1320 |       1290 |      30 |    0 |  1786 |      1 |      0 |          0 |
|                   DSC_FIFO                                                                            |                      xdma_ddr3_xdma_0_0_xdma_v4_1_14_GenericFIFOHead__parameterized2_64 |        228 |        120 |     108 |    0 |   174 |      0 |      0 |          0 |
|                   RRQ_FIFO                                                                            |                      xdma_ddr3_xdma_0_0_xdma_v4_1_14_GenericFIFOHead__parameterized1_65 |        134 |         66 |      68 |    0 |   106 |      0 |      0 |          0 |
|                   WRQ_FIFO                                                                            |                      xdma_ddr3_xdma_0_0_xdma_v4_1_14_GenericFIFOHead__parameterized3_66 |        127 |         59 |      68 |    0 |   106 |      0 |      0 |          0 |
|                 gen_rdwr_loop[1].gen_rdwr_eng.RDWR_INST                                               |                            xdma_ddr3_xdma_0_0_xdma_v4_1_14_vul_rdwr_eng__parameterized2 |       2499 |       2225 |     274 |    0 |  2516 |      1 |      0 |          0 |
|                   (gen_rdwr_loop[1].gen_rdwr_eng.RDWR_INST)                                           |                            xdma_ddr3_xdma_0_0_xdma_v4_1_14_vul_rdwr_eng__parameterized2 |       1707 |       1677 |      30 |    0 |  2130 |      1 |      0 |          0 |
|                   DSC_FIFO                                                                            |                      xdma_ddr3_xdma_0_0_xdma_v4_1_14_GenericFIFOHead__parameterized2_61 |        229 |        121 |     108 |    0 |   174 |      0 |      0 |          0 |
|                   RRQ_FIFO                                                                            |                      xdma_ddr3_xdma_0_0_xdma_v4_1_14_GenericFIFOHead__parameterized1_62 |        250 |        182 |      68 |    0 |   106 |      0 |      0 |          0 |
|                   WRQ_FIFO                                                                            |                      xdma_ddr3_xdma_0_0_xdma_v4_1_14_GenericFIFOHead__parameterized3_63 |        315 |        247 |      68 |    0 |   106 |      0 |      0 |          0 |
|               WR                                                                                      |                                                xdma_ddr3_xdma_0_0_xdma_v4_1_14_vul_rdwr |       3491 |       2975 |     516 |    0 |  4251 |      2 |      0 |          0 |
|                 (WR)                                                                                  |                                                xdma_ddr3_xdma_0_0_xdma_v4_1_14_vul_rdwr |        235 |        235 |       0 |    0 |     0 |      0 |      0 |          0 |
|                 gen_rdwr_loop[0].gen_rdwr_eng.RDWR_INST                                               |                                            xdma_ddr3_xdma_0_0_xdma_v4_1_14_vul_rdwr_eng |       1525 |       1267 |     258 |    0 |  1990 |      1 |      0 |          0 |
|                   (gen_rdwr_loop[0].gen_rdwr_eng.RDWR_INST)                                           |                                            xdma_ddr3_xdma_0_0_xdma_v4_1_14_vul_rdwr_eng |       1068 |       1038 |      30 |    0 |  1622 |      1 |      0 |          0 |
|                   DSC_FIFO                                                                            |                      xdma_ddr3_xdma_0_0_xdma_v4_1_14_GenericFIFOHead__parameterized2_58 |        227 |        119 |     108 |    0 |   174 |      0 |      0 |          0 |
|                   RRQ_FIFO                                                                            |                      xdma_ddr3_xdma_0_0_xdma_v4_1_14_GenericFIFOHead__parameterized1_59 |        107 |         55 |      52 |    0 |    88 |      0 |      0 |          0 |
|                   WRQ_FIFO                                                                            |                      xdma_ddr3_xdma_0_0_xdma_v4_1_14_GenericFIFOHead__parameterized3_60 |        124 |         56 |      68 |    0 |   106 |      0 |      0 |          0 |
|                 gen_rdwr_loop[1].gen_rdwr_eng.RDWR_INST                                               |                            xdma_ddr3_xdma_0_0_xdma_v4_1_14_vul_rdwr_eng__parameterized0 |       1753 |       1495 |     258 |    0 |  2261 |      1 |      0 |          0 |
|                   (gen_rdwr_loop[1].gen_rdwr_eng.RDWR_INST)                                           |                            xdma_ddr3_xdma_0_0_xdma_v4_1_14_vul_rdwr_eng__parameterized0 |       1007 |        977 |      30 |    0 |  1893 |      1 |      0 |          0 |
|                   DSC_FIFO                                                                            |                         xdma_ddr3_xdma_0_0_xdma_v4_1_14_GenericFIFOHead__parameterized2 |        229 |        121 |     108 |    0 |   174 |      0 |      0 |          0 |
|                   RRQ_FIFO                                                                            |                      xdma_ddr3_xdma_0_0_xdma_v4_1_14_GenericFIFOHead__parameterized1_57 |        273 |        221 |      52 |    0 |    88 |      0 |      0 |          0 |
|                   WRQ_FIFO                                                                            |                         xdma_ddr3_xdma_0_0_xdma_v4_1_14_GenericFIFOHead__parameterized3 |        244 |        176 |      68 |    0 |   106 |      0 |      0 |          0 |
|               dsc_eng.DSC                                                                             |                                             xdma_ddr3_xdma_0_0_xdma_v4_1_14_vul_dsc_eng |       1616 |       1552 |      64 |    0 |  2048 |      0 |      0 |          0 |
|                 (dsc_eng.DSC)                                                                         |                                             xdma_ddr3_xdma_0_0_xdma_v4_1_14_vul_dsc_eng |       1497 |       1497 |       0 |    0 |  1952 |      0 |      0 |          0 |
|                 RRQ_FIFO                                                                              |                         xdma_ddr3_xdma_0_0_xdma_v4_1_14_GenericFIFOHead__parameterized1 |        119 |         55 |      64 |    0 |    96 |      0 |      0 |          0 |
|             dma_enable.wb_eng.dma_pcie_wb_eng                                                         |                                              xdma_ddr3_xdma_0_0_xdma_v4_1_14_dma_wb_eng |        169 |        129 |      40 |    0 |   109 |      0 |      0 |          0 |
|               (dma_enable.wb_eng.dma_pcie_wb_eng)                                                     |                                              xdma_ddr3_xdma_0_0_xdma_v4_1_14_dma_wb_eng |         62 |         62 |       0 |    0 |     9 |      0 |      0 |          0 |
|               WB_CHNL_FIFO                                                                            |                         xdma_ddr3_xdma_0_0_xdma_v4_1_14_GenericFIFOHead__parameterized0 |         14 |         12 |       2 |    0 |    14 |      0 |      0 |          0 |
|               WB_DAT_FIFO                                                                             |                             xdma_ddr3_xdma_0_0_xdma_v4_1_14_GenericFIFO__parameterized0 |         22 |          4 |      18 |    0 |    34 |      0 |      0 |          0 |
|               axidma_wb_arb                                                                           |                          xdma_ddr3_xdma_0_0_xdma_v4_1_14_axidma_dcarb_v__parameterized1 |         71 |         51 |      20 |    0 |    52 |      0 |      0 |          0 |
|                 Fifowhead.fifoInfo                                                                    |                        xdma_ddr3_xdma_0_0_xdma_v4_1_14_GenericFIFOAsync__parameterized1 |         46 |         26 |      20 |    0 |    40 |      0 |      0 |          0 |
|                 arbchnls                                                                              |                                xdma_ddr3_xdma_0_0_xdma_v4_1_14_arbblock__parameterized0 |         25 |         25 |       0 |    0 |    12 |      0 |      0 |          0 |
|                   genarb[0].inst                                                                      |                               xdma_ddr3_xdma_0_0_xdma_v4_1_14_arbentity__parameterized1 |          5 |          5 |       0 |    0 |     3 |      0 |      0 |          0 |
|                   genarb[1].inst                                                                      |                               xdma_ddr3_xdma_0_0_xdma_v4_1_14_arbentity__parameterized2 |          5 |          5 |       0 |    0 |     3 |      0 |      0 |          0 |
|                   genarb[2].inst                                                                      |                               xdma_ddr3_xdma_0_0_xdma_v4_1_14_arbentity__parameterized3 |          7 |          7 |       0 |    0 |     3 |      0 |      0 |          0 |
|                   genarb[3].inst                                                                      |                               xdma_ddr3_xdma_0_0_xdma_v4_1_14_arbentity__parameterized4 |          9 |          9 |       0 |    0 |     3 |      0 |      0 |          0 |
|             dma_pcie_req                                                                              |                                            xdma_ddr3_xdma_0_0_xdma_v4_1_14_dma_pcie_req |       3652 |       3199 |     453 |    0 |  3571 |      3 |      0 |          0 |
|               (dma_pcie_req)                                                                          |                                            xdma_ddr3_xdma_0_0_xdma_v4_1_14_dma_pcie_req |          7 |          7 |       0 |    0 |    13 |      0 |      0 |          0 |
|               TAG_FIFO_EVEN                                                                           |                             xdma_ddr3_xdma_0_0_xdma_v4_1_14_GenericFIFO__parameterized1 |         19 |         15 |       4 |    0 |    17 |      0 |      0 |          0 |
|               TAG_FIFO_ODD                                                                            |                          xdma_ddr3_xdma_0_0_xdma_v4_1_14_GenericFIFO__parameterized1_56 |         21 |         17 |       4 |    0 |    17 |      0 |      0 |          0 |
|               axidma_rrq_arb                                                                          |                          xdma_ddr3_xdma_0_0_xdma_v4_1_14_axidma_dcarb_v__parameterized2 |        150 |         74 |      76 |    0 |   112 |      0 |      0 |          0 |
|                 Fifowhead.fifoInfo                                                                    |                        xdma_ddr3_xdma_0_0_xdma_v4_1_14_GenericFIFOAsync__parameterized2 |        150 |         74 |      76 |    0 |   106 |      0 |      0 |          0 |
|                 arbchnls                                                                              |                                xdma_ddr3_xdma_0_0_xdma_v4_1_14_arbblock__parameterized1 |          0 |          0 |       0 |    0 |     6 |      0 |      0 |          0 |
|                   genarb[0].inst                                                                      |                               xdma_ddr3_xdma_0_0_xdma_v4_1_14_arbentity__parameterized5 |          0 |          0 |       0 |    0 |     2 |      0 |      0 |          0 |
|                   genarb[1].inst                                                                      |                               xdma_ddr3_xdma_0_0_xdma_v4_1_14_arbentity__parameterized6 |          0 |          0 |       0 |    0 |     2 |      0 |      0 |          0 |
|                   genarb[2].inst                                                                      |                               xdma_ddr3_xdma_0_0_xdma_v4_1_14_arbentity__parameterized7 |          0 |          0 |       0 |    0 |     2 |      0 |      0 |          0 |
|               axidma_wrq_arb                                                                          |                          xdma_ddr3_xdma_0_0_xdma_v4_1_14_axidma_dcarb_v__parameterized3 |        155 |         87 |      68 |    0 |   105 |      0 |      0 |          0 |
|                 Fifowhead.fifoInfo                                                                    |                        xdma_ddr3_xdma_0_0_xdma_v4_1_14_GenericFIFOAsync__parameterized3 |        153 |         85 |      68 |    0 |   103 |      0 |      0 |          0 |
|                 arbchnls                                                                              |                                                xdma_ddr3_xdma_0_0_xdma_v4_1_14_arbblock |          2 |          2 |       0 |    0 |     2 |      0 |      0 |          0 |
|                   genarb[0].inst                                                                      |                                               xdma_ddr3_xdma_0_0_xdma_v4_1_14_arbentity |          1 |          1 |       0 |    0 |     1 |      0 |      0 |          0 |
|                   genarb[1].inst                                                                      |                               xdma_ddr3_xdma_0_0_xdma_v4_1_14_arbentity__parameterized0 |          1 |          1 |       0 |    0 |     1 |      0 |      0 |          0 |
|               dma_pcie_rc                                                                             |                                             xdma_ddr3_xdma_0_0_xdma_v4_1_14_dma_pcie_rc |       1056 |        919 |     137 |    0 |  1521 |      3 |      0 |          0 |
|                 (dma_pcie_rc)                                                                         |                                             xdma_ddr3_xdma_0_0_xdma_v4_1_14_dma_pcie_rc |        931 |        894 |      37 |    0 |  1360 |      0 |      0 |          0 |
|                 u_dma_rc_mem_pfch                                                                     |                                         xdma_ddr3_xdma_0_0_xdma_v4_1_14_dma_rc_mem_pfch |        124 |         24 |     100 |    0 |   161 |      0 |      0 |          0 |
|                 u_mem_rc                                                                              |                                    xdma_ddr3_xdma_0_0_xdma_v4_1_14_mem_simple_dport_ram |          2 |          2 |       0 |    0 |     0 |      3 |      0 |          0 |
|               dma_pcie_rq                                                                             |                                             xdma_ddr3_xdma_0_0_xdma_v4_1_14_dma_pcie_rq |       2244 |       2080 |     164 |    0 |  1786 |      0 |      0 |          0 |
|                 (dma_pcie_rq)                                                                         |                                             xdma_ddr3_xdma_0_0_xdma_v4_1_14_dma_pcie_rq |       1574 |       1566 |       8 |    0 |  1481 |      0 |      0 |          0 |
|                 RQ_FIFO                                                                               |                                        xdma_ddr3_xdma_0_0_xdma_v4_1_14_GenericFIFOHead2 |        448 |        448 |       0 |    0 |   288 |      0 |      0 |          0 |
|                 WTLP_DAT_FIFO                                                                         |                                             xdma_ddr3_xdma_0_0_xdma_v4_1_14_GenericFIFO |        134 |         46 |      88 |    0 |     6 |      0 |      0 |          0 |
|                 WTLP_HDR_FIFO                                                                         |                             xdma_ddr3_xdma_0_0_xdma_v4_1_14_GenericFIFO__parameterized2 |         95 |         27 |      68 |    0 |    11 |      0 |      0 |          0 |
|             reset_cntrlr                                                                              |                            xdma_ddr3_xdma_0_0_xdma_v4_1_14_axi4mm_axi_pcie_reset_cntrlr |          2 |          2 |       0 |    0 |     4 |      0 |      0 |          0 |
|         xdma_ddr3_xdma_0_0_pcie2_to_pcie3_wrapper_i                                                   |                                               xdma_ddr3_xdma_0_0_pcie2_to_pcie3_wrapper |       2327 |       2220 |      96 |   11 |  3568 |     10 |      1 |          0 |
|           (xdma_ddr3_xdma_0_0_pcie2_to_pcie3_wrapper_i)                                               |                                               xdma_ddr3_xdma_0_0_pcie2_to_pcie3_wrapper |          2 |          2 |       0 |    0 |     0 |      0 |      0 |          0 |
|           pcie2_ip_i                                                                                  |                                                             xdma_ddr3_xdma_0_0_pcie2_ip |        995 |        984 |       0 |   11 |  1977 |      8 |      0 |          0 |
|             inst                                                                                      |                                                   xdma_ddr3_xdma_0_0_pcie2_ip_pcie2_top |        995 |        984 |       0 |   11 |  1977 |      8 |      0 |          0 |
|               inst                                                                                    |                                                    xdma_ddr3_xdma_0_0_pcie2_ip_core_top |        995 |        984 |       0 |   11 |  1977 |      8 |      0 |          0 |
|                 (inst)                                                                                |                                                    xdma_ddr3_xdma_0_0_pcie2_ip_core_top |          8 |          4 |       0 |    4 |    22 |      0 |      0 |          0 |
|                 gt_top_i                                                                              |                                                      xdma_ddr3_xdma_0_0_pcie2_ip_gt_top |        817 |        810 |       0 |    7 |  1267 |      0 |      0 |          0 |
|                   (gt_top_i)                                                                          |                                                      xdma_ddr3_xdma_0_0_pcie2_ip_gt_top |         29 |         29 |       0 |    0 |     8 |      0 |      0 |          0 |
|                   gt_rx_valid_filter[0].GT_RX_VALID_FILTER_7x_inst                                    |                                       xdma_ddr3_xdma_0_0_pcie2_ip_gt_rx_valid_filter_7x |         21 |         21 |       0 |    0 |    30 |      0 |      0 |          0 |
|                   gt_rx_valid_filter[1].GT_RX_VALID_FILTER_7x_inst                                    |                                    xdma_ddr3_xdma_0_0_pcie2_ip_gt_rx_valid_filter_7x_32 |         18 |         18 |       0 |    0 |    30 |      0 |      0 |          0 |
|                   gt_rx_valid_filter[2].GT_RX_VALID_FILTER_7x_inst                                    |                                    xdma_ddr3_xdma_0_0_pcie2_ip_gt_rx_valid_filter_7x_33 |         20 |         20 |       0 |    0 |    30 |      0 |      0 |          0 |
|                   gt_rx_valid_filter[3].GT_RX_VALID_FILTER_7x_inst                                    |                                    xdma_ddr3_xdma_0_0_pcie2_ip_gt_rx_valid_filter_7x_34 |         19 |         19 |       0 |    0 |    30 |      0 |      0 |          0 |
|                   pipe_wrapper_i                                                                      |                                                xdma_ddr3_xdma_0_0_pcie2_ip_pipe_wrapper |        710 |        703 |       0 |    7 |  1139 |      0 |      0 |          0 |
|                     (pipe_wrapper_i)                                                                  |                                                xdma_ddr3_xdma_0_0_pcie2_ip_pipe_wrapper |          1 |          1 |       0 |    0 |     2 |      0 |      0 |          0 |
|                     gtp_pipe_reset.gtp_pipe_reset_i                                                   |                                              xdma_ddr3_xdma_0_0_pcie2_ip_gtp_pipe_reset |         29 |         29 |       0 |    0 |    74 |      0 |      0 |          0 |
|                     pipe_clock_int.pipe_clock_i                                                       |                                                  xdma_ddr3_xdma_0_0_pcie2_ip_pipe_clock |          1 |          1 |       0 |    0 |     9 |      0 |      0 |          0 |
|                     pipe_lane[0].gt_wrapper_i                                                         |                                                  xdma_ddr3_xdma_0_0_pcie2_ip_gt_wrapper |          2 |          2 |       0 |    0 |     0 |      0 |      0 |          0 |
|                     pipe_lane[0].gtp_pipe_drp.gtp_pipe_drp_i                                          |                                                xdma_ddr3_xdma_0_0_pcie2_ip_gtp_pipe_drp |         23 |         23 |       0 |    0 |    63 |      0 |      0 |          0 |
|                     pipe_lane[0].gtp_pipe_rate.gtp_pipe_rate_i                                        |                                               xdma_ddr3_xdma_0_0_pcie2_ip_gtp_pipe_rate |         19 |         19 |       0 |    0 |    39 |      0 |      0 |          0 |
|                     pipe_lane[0].pipe_eq.pipe_eq_i                                                    |                                                     xdma_ddr3_xdma_0_0_pcie2_ip_pipe_eq |         70 |         70 |       0 |    0 |    66 |      0 |      0 |          0 |
|                     pipe_lane[0].pipe_quad.gt_common_enabled.gt_common_int.gt_common_i                |                                                   xdma_ddr3_xdma_0_0_pcie2_ip_gt_common |         58 |         51 |       0 |    7 |    80 |      0 |      0 |          0 |
|                       qpll_drp_i                                                                      |                                                    xdma_ddr3_xdma_0_0_pcie2_ip_qpll_drp |         50 |         50 |       0 |    0 |    78 |      0 |      0 |          0 |
|                       qpll_wrapper_i                                                                  |                                                xdma_ddr3_xdma_0_0_pcie2_ip_qpll_wrapper |          8 |          1 |       0 |    7 |     2 |      0 |      0 |          0 |
|                         (qpll_wrapper_i)                                                              |                                                xdma_ddr3_xdma_0_0_pcie2_ip_qpll_wrapper |          0 |          0 |       0 |    0 |     0 |      0 |      0 |          0 |
|                         cpllPDInst                                                                    |                                             xdma_ddr3_xdma_0_0_pcie2_ip_gtp_cpllpd_ovrd |          8 |          1 |       0 |    7 |     2 |      0 |      0 |          0 |
|                     pipe_lane[0].pipe_sync_i                                                          |                                                   xdma_ddr3_xdma_0_0_pcie2_ip_pipe_sync |          9 |          9 |       0 |    0 |    21 |      0 |      0 |          0 |
|                     pipe_lane[0].pipe_user_i                                                          |                                                   xdma_ddr3_xdma_0_0_pcie2_ip_pipe_user |         32 |         32 |       0 |    0 |    51 |      0 |      0 |          0 |
|                     pipe_lane[1].gt_wrapper_i                                                         |                                               xdma_ddr3_xdma_0_0_pcie2_ip_gt_wrapper_35 |          2 |          2 |       0 |    0 |     0 |      0 |      0 |          0 |
|                     pipe_lane[1].gtp_pipe_drp.gtp_pipe_drp_i                                          |                                             xdma_ddr3_xdma_0_0_pcie2_ip_gtp_pipe_drp_36 |         23 |         23 |       0 |    0 |    63 |      0 |      0 |          0 |
|                     pipe_lane[1].gtp_pipe_rate.gtp_pipe_rate_i                                        |                                            xdma_ddr3_xdma_0_0_pcie2_ip_gtp_pipe_rate_37 |         18 |         18 |       0 |    0 |    39 |      0 |      0 |          0 |
|                     pipe_lane[1].pipe_eq.pipe_eq_i                                                    |                                                  xdma_ddr3_xdma_0_0_pcie2_ip_pipe_eq_38 |         70 |         70 |       0 |    0 |    66 |      0 |      0 |          0 |
|                     pipe_lane[1].pipe_sync_i                                                          |                                                xdma_ddr3_xdma_0_0_pcie2_ip_pipe_sync_39 |          8 |          8 |       0 |    0 |    20 |      0 |      0 |          0 |
|                     pipe_lane[1].pipe_user_i                                                          |                                                xdma_ddr3_xdma_0_0_pcie2_ip_pipe_user_40 |         32 |         32 |       0 |    0 |    51 |      0 |      0 |          0 |
|                     pipe_lane[2].gt_wrapper_i                                                         |                                               xdma_ddr3_xdma_0_0_pcie2_ip_gt_wrapper_41 |          2 |          2 |       0 |    0 |     0 |      0 |      0 |          0 |
|                     pipe_lane[2].gtp_pipe_drp.gtp_pipe_drp_i                                          |                                             xdma_ddr3_xdma_0_0_pcie2_ip_gtp_pipe_drp_42 |         23 |         23 |       0 |    0 |    63 |      0 |      0 |          0 |
|                     pipe_lane[2].gtp_pipe_rate.gtp_pipe_rate_i                                        |                                            xdma_ddr3_xdma_0_0_pcie2_ip_gtp_pipe_rate_43 |         18 |         18 |       0 |    0 |    39 |      0 |      0 |          0 |
|                     pipe_lane[2].pipe_eq.pipe_eq_i                                                    |                                                  xdma_ddr3_xdma_0_0_pcie2_ip_pipe_eq_44 |         71 |         71 |       0 |    0 |    66 |      0 |      0 |          0 |
|                     pipe_lane[2].pipe_sync_i                                                          |                                                xdma_ddr3_xdma_0_0_pcie2_ip_pipe_sync_45 |          8 |          8 |       0 |    0 |    20 |      0 |      0 |          0 |
|                     pipe_lane[2].pipe_user_i                                                          |                                                xdma_ddr3_xdma_0_0_pcie2_ip_pipe_user_46 |         33 |         33 |       0 |    0 |    51 |      0 |      0 |          0 |
|                     pipe_lane[3].gt_wrapper_i                                                         |                                               xdma_ddr3_xdma_0_0_pcie2_ip_gt_wrapper_47 |          2 |          2 |       0 |    0 |     0 |      0 |      0 |          0 |
|                     pipe_lane[3].gtp_pipe_drp.gtp_pipe_drp_i                                          |                                             xdma_ddr3_xdma_0_0_pcie2_ip_gtp_pipe_drp_48 |         23 |         23 |       0 |    0 |    63 |      0 |      0 |          0 |
|                     pipe_lane[3].gtp_pipe_rate.gtp_pipe_rate_i                                        |                                            xdma_ddr3_xdma_0_0_pcie2_ip_gtp_pipe_rate_49 |         18 |         18 |       0 |    0 |    39 |      0 |      0 |          0 |
|                     pipe_lane[3].pipe_eq.pipe_eq_i                                                    |                                                  xdma_ddr3_xdma_0_0_pcie2_ip_pipe_eq_50 |         71 |         71 |       0 |    0 |    66 |      0 |      0 |          0 |
|                     pipe_lane[3].pipe_sync_i                                                          |                                                xdma_ddr3_xdma_0_0_pcie2_ip_pipe_sync_51 |          8 |          8 |       0 |    0 |    20 |      0 |      0 |          0 |
|                     pipe_lane[3].pipe_user_i                                                          |                                                xdma_ddr3_xdma_0_0_pcie2_ip_pipe_user_52 |         32 |         32 |       0 |    0 |    51 |      0 |      0 |          0 |
|                     qpll_reset.qpll_reset_i                                                           |                                                  xdma_ddr3_xdma_0_0_pcie2_ip_qpll_reset |          5 |          5 |       0 |    0 |    17 |      0 |      0 |          0 |
|                 pcie_top_i                                                                            |                                                    xdma_ddr3_xdma_0_0_pcie2_ip_pcie_top |        171 |        171 |       0 |    0 |   684 |      8 |      0 |          0 |
|                   (pcie_top_i)                                                                        |                                                    xdma_ddr3_xdma_0_0_pcie2_ip_pcie_top |          1 |          1 |       0 |    0 |    16 |      0 |      0 |          0 |
|                   axi_basic_top                                                                       |                                               xdma_ddr3_xdma_0_0_pcie2_ip_axi_basic_top |        159 |        159 |       0 |    0 |   470 |      0 |      0 |          0 |
|                     rx_inst                                                                           |                                                xdma_ddr3_xdma_0_0_pcie2_ip_axi_basic_rx |        135 |        135 |       0 |    0 |   306 |      0 |      0 |          0 |
|                       rx_null_gen_inst                                                                |                                       xdma_ddr3_xdma_0_0_pcie2_ip_axi_basic_rx_null_gen |         27 |         27 |       0 |    0 |    13 |      0 |      0 |          0 |
|                       rx_pipeline_inst                                                                |                                       xdma_ddr3_xdma_0_0_pcie2_ip_axi_basic_rx_pipeline |        109 |        109 |       0 |    0 |   293 |      0 |      0 |          0 |
|                     tx_inst                                                                           |                                                xdma_ddr3_xdma_0_0_pcie2_ip_axi_basic_tx |         24 |         24 |       0 |    0 |   164 |      0 |      0 |          0 |
|                       thrtl_ctl_enabled.tx_thrl_ctl_inst                                              |                                      xdma_ddr3_xdma_0_0_pcie2_ip_axi_basic_tx_thrtl_ctl |         20 |         20 |       0 |    0 |    26 |      0 |      0 |          0 |
|                       tx_pipeline_inst                                                                |                                       xdma_ddr3_xdma_0_0_pcie2_ip_axi_basic_tx_pipeline |          4 |          4 |       0 |    0 |   138 |      0 |      0 |          0 |
|                   pcie_7x_i                                                                           |                                                     xdma_ddr3_xdma_0_0_pcie2_ip_pcie_7x |         11 |         11 |       0 |    0 |     0 |      8 |      0 |          0 |
|                     (pcie_7x_i)                                                                       |                                                     xdma_ddr3_xdma_0_0_pcie2_ip_pcie_7x |         11 |         11 |       0 |    0 |     0 |      0 |      0 |          0 |
|                     pcie_bram_top                                                                     |                                            xdma_ddr3_xdma_0_0_pcie2_ip_pcie_bram_top_7x |          0 |          0 |       0 |    0 |     0 |      8 |      0 |          0 |
|                       pcie_brams_rx                                                                   |                                               xdma_ddr3_xdma_0_0_pcie2_ip_pcie_brams_7x |          0 |          0 |       0 |    0 |     0 |      4 |      0 |          0 |
|                         brams[0].ram                                                                  |                                             xdma_ddr3_xdma_0_0_pcie2_ip_pcie_bram_7x_24 |          0 |          0 |       0 |    0 |     0 |      1 |      0 |          0 |
|                           use_tdp.ramb36                                                              |                                 xdma_ddr3_xdma_0_0_xil_internal_svlib_BRAM_TDP_MACRO_31 |          0 |          0 |       0 |    0 |     0 |      1 |      0 |          0 |
|                         brams[1].ram                                                                  |                                             xdma_ddr3_xdma_0_0_pcie2_ip_pcie_bram_7x_25 |          0 |          0 |       0 |    0 |     0 |      1 |      0 |          0 |
|                           use_tdp.ramb36                                                              |                                 xdma_ddr3_xdma_0_0_xil_internal_svlib_BRAM_TDP_MACRO_30 |          0 |          0 |       0 |    0 |     0 |      1 |      0 |          0 |
|                         brams[2].ram                                                                  |                                             xdma_ddr3_xdma_0_0_pcie2_ip_pcie_bram_7x_26 |          0 |          0 |       0 |    0 |     0 |      1 |      0 |          0 |
|                           use_tdp.ramb36                                                              |                                 xdma_ddr3_xdma_0_0_xil_internal_svlib_BRAM_TDP_MACRO_29 |          0 |          0 |       0 |    0 |     0 |      1 |      0 |          0 |
|                         brams[3].ram                                                                  |                                             xdma_ddr3_xdma_0_0_pcie2_ip_pcie_bram_7x_27 |          0 |          0 |       0 |    0 |     0 |      1 |      0 |          0 |
|                           use_tdp.ramb36                                                              |                                 xdma_ddr3_xdma_0_0_xil_internal_svlib_BRAM_TDP_MACRO_28 |          0 |          0 |       0 |    0 |     0 |      1 |      0 |          0 |
|                       pcie_brams_tx                                                                   |                                            xdma_ddr3_xdma_0_0_pcie2_ip_pcie_brams_7x_17 |          0 |          0 |       0 |    0 |     0 |      4 |      0 |          0 |
|                         brams[0].ram                                                                  |                                                xdma_ddr3_xdma_0_0_pcie2_ip_pcie_bram_7x |          0 |          0 |       0 |    0 |     0 |      1 |      0 |          0 |
|                           use_tdp.ramb36                                                              |                                 xdma_ddr3_xdma_0_0_xil_internal_svlib_BRAM_TDP_MACRO_23 |          0 |          0 |       0 |    0 |     0 |      1 |      0 |          0 |
|                         brams[1].ram                                                                  |                                             xdma_ddr3_xdma_0_0_pcie2_ip_pcie_bram_7x_18 |          0 |          0 |       0 |    0 |     0 |      1 |      0 |          0 |
|                           use_tdp.ramb36                                                              |                                 xdma_ddr3_xdma_0_0_xil_internal_svlib_BRAM_TDP_MACRO_22 |          0 |          0 |       0 |    0 |     0 |      1 |      0 |          0 |
|                         brams[2].ram                                                                  |                                             xdma_ddr3_xdma_0_0_pcie2_ip_pcie_bram_7x_19 |          0 |          0 |       0 |    0 |     0 |      1 |      0 |          0 |
|                           use_tdp.ramb36                                                              |                                 xdma_ddr3_xdma_0_0_xil_internal_svlib_BRAM_TDP_MACRO_21 |          0 |          0 |       0 |    0 |     0 |      1 |      0 |          0 |
|                         brams[3].ram                                                                  |                                             xdma_ddr3_xdma_0_0_pcie2_ip_pcie_bram_7x_20 |          0 |          0 |       0 |    0 |     0 |      1 |      0 |          0 |
|                           use_tdp.ramb36                                                              |                                    xdma_ddr3_xdma_0_0_xil_internal_svlib_BRAM_TDP_MACRO |          0 |          0 |       0 |    0 |     0 |      1 |      0 |          0 |
|                   pcie_pipe_pipeline_i                                                                |                                          xdma_ddr3_xdma_0_0_pcie2_ip_pcie_pipe_pipeline |          0 |          0 |       0 |    0 |   198 |      0 |      0 |          0 |
|                     pipe_2_lane.pipe_lane_1_i                                                         |                                              xdma_ddr3_xdma_0_0_pcie2_ip_pcie_pipe_lane |          0 |          0 |       0 |    0 |    48 |      0 |      0 |          0 |
|                     pipe_4_lane.pipe_lane_2_i                                                         |                                           xdma_ddr3_xdma_0_0_pcie2_ip_pcie_pipe_lane_14 |          0 |          0 |       0 |    0 |    48 |      0 |      0 |          0 |
|                     pipe_4_lane.pipe_lane_3_i                                                         |                                           xdma_ddr3_xdma_0_0_pcie2_ip_pcie_pipe_lane_15 |          0 |          0 |       0 |    0 |    48 |      0 |      0 |          0 |
|                     pipe_lane_0_i                                                                     |                                           xdma_ddr3_xdma_0_0_pcie2_ip_pcie_pipe_lane_16 |          0 |          0 |       0 |    0 |    48 |      0 |      0 |          0 |
|                     pipe_misc_i                                                                       |                                              xdma_ddr3_xdma_0_0_pcie2_ip_pcie_pipe_misc |          0 |          0 |       0 |    0 |     6 |      0 |      0 |          0 |
|                 phy_lnk_up_cdc                                                                        |                                    xdma_ddr3_xdma_0_0_xpm_cdc_single__parameterized0__2 |          0 |          0 |       0 |    0 |     2 |      0 |      0 |          0 |
|                 pl_received_hot_rst_cdc                                                               |                                       xdma_ddr3_xdma_0_0_xpm_cdc_single__parameterized0 |          0 |          0 |       0 |    0 |     2 |      0 |      0 |          0 |
|           xdma_ddr3_xdma_0_0_axi_stream_intf_i                                                        |                                                      xdma_ddr3_xdma_0_0_axi_stream_intf |       1279 |       1183 |      96 |    0 |  1440 |      2 |      1 |          0 |
|             xdma_ddr3_xdma_0_0_dma_cpl_i                                                              |                                                              xdma_ddr3_xdma_0_0_dma_cpl |         32 |         32 |       0 |    0 |    23 |      0 |      0 |          0 |
|             xdma_ddr3_xdma_0_0_dma_req_i                                                              |                                                              xdma_ddr3_xdma_0_0_dma_req |        343 |        343 |       0 |    0 |   271 |      0 |      0 |          0 |
|             xdma_ddr3_xdma_0_0_rx_demux_i                                                             |                                                             xdma_ddr3_xdma_0_0_rx_demux |        584 |        488 |      96 |    0 |   888 |      2 |      1 |          0 |
|               (xdma_ddr3_xdma_0_0_rx_demux_i)                                                         |                                                             xdma_ddr3_xdma_0_0_rx_demux |        327 |        327 |       0 |    0 |   292 |      0 |      0 |          0 |
|               dma_cpl_fifo_inst                                                                       |                                         xdma_ddr3_xdma_0_0_pcie2_fifo_generator_dma_cpl |         41 |         41 |       0 |    0 |   199 |      2 |      1 |          0 |
|                 U0                                                                                    |                                               xdma_ddr3_xdma_0_0_fifo_generator_v13_1_4 |         41 |         41 |       0 |    0 |   199 |      2 |      1 |          0 |
|                   inst_fifo_gen                                                                       |                                         xdma_ddr3_xdma_0_0_fifo_generator_v13_1_4_synth |         41 |         41 |       0 |    0 |   199 |      2 |      1 |          0 |
|                     gaxis_fifo.gaxisf.axisf                                                           |                                                   xdma_ddr3_xdma_0_0_fifo_generator_top |         41 |         41 |       0 |    0 |   199 |      2 |      1 |          0 |
|                       grf.rf                                                                          |                                               xdma_ddr3_xdma_0_0_fifo_generator_ramfifo |         41 |         41 |       0 |    0 |   199 |      2 |      1 |          0 |
|                         gntv_or_sync_fifo.gl0.rd                                                      |                                                             xdma_ddr3_xdma_0_0_rd_logic |         23 |         23 |       0 |    0 |    25 |      0 |      0 |          0 |
|                           gr1.gr1_int.rfwft                                                           |                                                              xdma_ddr3_xdma_0_0_rd_fwft |          8 |          8 |       0 |    0 |    11 |      0 |      0 |          0 |
|                           grss.rsts                                                                   |                                                   xdma_ddr3_xdma_0_0_rd_status_flags_ss |          0 |          0 |       0 |    0 |     2 |      0 |      0 |          0 |
|                           rpntr                                                                       |                                                          xdma_ddr3_xdma_0_0_rd_bin_cntr |         15 |         15 |       0 |    0 |    12 |      0 |      0 |          0 |
|                         gntv_or_sync_fifo.gl0.wr                                                      |                                                             xdma_ddr3_xdma_0_0_wr_logic |          7 |          7 |       0 |    0 |    14 |      0 |      0 |          0 |
|                           gwss.wsts                                                                   |                                                   xdma_ddr3_xdma_0_0_wr_status_flags_ss |          3 |          3 |       0 |    0 |     2 |      0 |      0 |          0 |
|                           wpntr                                                                       |                                                          xdma_ddr3_xdma_0_0_wr_bin_cntr |          4 |          4 |       0 |    0 |    12 |      0 |      0 |          0 |
|                         gntv_or_sync_fifo.mem                                                         |                                                               xdma_ddr3_xdma_0_0_memory |          2 |          2 |       0 |    0 |   129 |      2 |      1 |          0 |
|                           (gntv_or_sync_fifo.mem)                                                     |                                                               xdma_ddr3_xdma_0_0_memory |          0 |          0 |       0 |    0 |   129 |      0 |      0 |          0 |
|                           gbm.gbmg.gbmga.ngecc.bmg                                                    |                                                   xdma_ddr3_xdma_0_0_blk_mem_gen_v8_3_6 |          2 |          2 |       0 |    0 |     0 |      2 |      1 |          0 |
|                             inst_blk_mem_gen                                                          |                                             xdma_ddr3_xdma_0_0_blk_mem_gen_v8_3_6_synth |          2 |          2 |       0 |    0 |     0 |      2 |      1 |          0 |
|                               gnbram.gnativebmg.native_blk_mem_gen                                    |                                   xdma_ddr3_xdma_0_0_blk_mem_gen_v8_3_6_blk_mem_gen_top |          2 |          2 |       0 |    0 |     0 |      2 |      1 |          0 |
|                                 valid.cstr                                                            |                          xdma_ddr3_xdma_0_0_blk_mem_gen_v8_3_6_blk_mem_gen_generic_cstr |          2 |          2 |       0 |    0 |     0 |      2 |      1 |          0 |
|                                   ramloop[0].ram.r                                                    |                            xdma_ddr3_xdma_0_0_blk_mem_gen_v8_3_6_blk_mem_gen_prim_width |          1 |          1 |       0 |    0 |     0 |      0 |      1 |          0 |
|                                     prim_noinit.ram                                                   |                          xdma_ddr3_xdma_0_0_blk_mem_gen_v8_3_6_blk_mem_gen_prim_wrapper |          1 |          1 |       0 |    0 |     0 |      0 |      1 |          0 |
|                                   ramloop[1].ram.r                                                    |            xdma_ddr3_xdma_0_0_blk_mem_gen_v8_3_6_blk_mem_gen_prim_width__parameterized0 |          0 |          0 |       0 |    0 |     0 |      1 |      0 |          0 |
|                                     prim_noinit.ram                                                   |          xdma_ddr3_xdma_0_0_blk_mem_gen_v8_3_6_blk_mem_gen_prim_wrapper__parameterized0 |          0 |          0 |       0 |    0 |     0 |      1 |      0 |          0 |
|                                   ramloop[2].ram.r                                                    |            xdma_ddr3_xdma_0_0_blk_mem_gen_v8_3_6_blk_mem_gen_prim_width__parameterized1 |          1 |          1 |       0 |    0 |     0 |      1 |      0 |          0 |
|                                     prim_noinit.ram                                                   |          xdma_ddr3_xdma_0_0_blk_mem_gen_v8_3_6_blk_mem_gen_prim_wrapper__parameterized1 |          1 |          1 |       0 |    0 |     0 |      1 |      0 |          0 |
|                         rstblk                                                                        |                                                    xdma_ddr3_xdma_0_0_reset_blk_ramfifo |         10 |         10 |       0 |    0 |    31 |      0 |      0 |          0 |
|                           (rstblk)                                                                    |                                                    xdma_ddr3_xdma_0_0_reset_blk_ramfifo |          6 |          6 |       0 |    0 |    20 |      0 |      0 |          0 |
|                           ngwrdrst.grst.g7serrst.gsckt_wrst.garst_sync[1].arst_sync_inst              |                                                    xdma_ddr3_xdma_0_0_synchronizer_ff_3 |          0 |          0 |       0 |    0 |     1 |      0 |      0 |          0 |
|                           ngwrdrst.grst.g7serrst.gsckt_wrst.garst_sync[2].arst_sync_inst              |                                                    xdma_ddr3_xdma_0_0_synchronizer_ff_4 |          0 |          0 |       0 |    0 |     1 |      0 |      0 |          0 |
|                           ngwrdrst.grst.g7serrst.gsckt_wrst.garst_sync[3].arst_sync_inst              |                                                    xdma_ddr3_xdma_0_0_synchronizer_ff_5 |          1 |          1 |       0 |    0 |     1 |      0 |      0 |          0 |
|                           ngwrdrst.grst.g7serrst.gsckt_wrst.gcc_rst.garst_sync_cc[1].rd_rst_wr_inst   |                                                    xdma_ddr3_xdma_0_0_synchronizer_ff_6 |          0 |          0 |       0 |    0 |     1 |      0 |      0 |          0 |
|                           ngwrdrst.grst.g7serrst.gsckt_wrst.gcc_rst.garst_sync_cc[2].rd_rst_wr_inst   |                                                    xdma_ddr3_xdma_0_0_synchronizer_ff_7 |          0 |          0 |       0 |    0 |     1 |      0 |      0 |          0 |
|                           ngwrdrst.grst.g7serrst.gwrrd_rst_sync_stage[1].rrst_inst                    |                                                    xdma_ddr3_xdma_0_0_synchronizer_ff_8 |          0 |          0 |       0 |    0 |     1 |      0 |      0 |          0 |
|                           ngwrdrst.grst.g7serrst.gwrrd_rst_sync_stage[1].wrst_inst                    |                                                    xdma_ddr3_xdma_0_0_synchronizer_ff_9 |          0 |          0 |       0 |    0 |     1 |      0 |      0 |          0 |
|                           ngwrdrst.grst.g7serrst.gwrrd_rst_sync_stage[2].rrst_inst                    |                                                   xdma_ddr3_xdma_0_0_synchronizer_ff_10 |          1 |          1 |       0 |    0 |     1 |      0 |      0 |          0 |
|                           ngwrdrst.grst.g7serrst.gwrrd_rst_sync_stage[2].wrst_inst                    |                                                   xdma_ddr3_xdma_0_0_synchronizer_ff_11 |          1 |          1 |       0 |    0 |     1 |      0 |      0 |          0 |
|                           ngwrdrst.grst.g7serrst.gwrrd_rst_sync_stage[3].rrst_inst                    |                                                   xdma_ddr3_xdma_0_0_synchronizer_ff_12 |          0 |          0 |       0 |    0 |     1 |      0 |      0 |          0 |
|                           ngwrdrst.grst.g7serrst.gwrrd_rst_sync_stage[3].wrst_inst                    |                                                   xdma_ddr3_xdma_0_0_synchronizer_ff_13 |          1 |          1 |       0 |    0 |     1 |      0 |      0 |          0 |
|               tgt_brdg_fifo_inst                                                                      |                                        xdma_ddr3_xdma_0_0_pcie2_fifo_generator_tgt_brdg |        122 |         26 |      96 |    0 |   315 |      0 |      0 |          0 |
|                 U0                                                                                    |                               xdma_ddr3_xdma_0_0_fifo_generator_v13_1_4__parameterized1 |        122 |         26 |      96 |    0 |   315 |      0 |      0 |          0 |
|                   inst_fifo_gen                                                                       |                         xdma_ddr3_xdma_0_0_fifo_generator_v13_1_4_synth__parameterized0 |        122 |         26 |      96 |    0 |   315 |      0 |      0 |          0 |
|                     gaxis_fifo.gaxisf.axisf                                                           |                                   xdma_ddr3_xdma_0_0_fifo_generator_top__parameterized0 |        122 |         26 |      96 |    0 |   315 |      0 |      0 |          0 |
|                       grf.rf                                                                          |                               xdma_ddr3_xdma_0_0_fifo_generator_ramfifo__parameterized0 |        122 |         26 |      96 |    0 |   315 |      0 |      0 |          0 |
|                         gntv_or_sync_fifo.gl0.rd                                                      |                                             xdma_ddr3_xdma_0_0_rd_logic__parameterized0 |         17 |         17 |       0 |    0 |    18 |      0 |      0 |          0 |
|                           gr1.gr1_int.rfwft                                                           |                                              xdma_ddr3_xdma_0_0_rd_fwft__parameterized0 |          7 |          7 |       0 |    0 |     8 |      0 |      0 |          0 |
|                           grss.rsts                                                                   |                                   xdma_ddr3_xdma_0_0_rd_status_flags_ss__parameterized0 |          0 |          0 |       0 |    0 |     2 |      0 |      0 |          0 |
|                           rpntr                                                                       |                                          xdma_ddr3_xdma_0_0_rd_bin_cntr__parameterized0 |         10 |         10 |       0 |    0 |     8 |      0 |      0 |          0 |
|                         gntv_or_sync_fifo.gl0.wr                                                      |                                             xdma_ddr3_xdma_0_0_wr_logic__parameterized0 |          5 |          5 |       0 |    0 |    10 |      0 |      0 |          0 |
|                           gwss.wsts                                                                   |                                   xdma_ddr3_xdma_0_0_wr_status_flags_ss__parameterized0 |          2 |          2 |       0 |    0 |     2 |      0 |      0 |          0 |
|                           wpntr                                                                       |                                          xdma_ddr3_xdma_0_0_wr_bin_cntr__parameterized0 |          3 |          3 |       0 |    0 |     8 |      0 |      0 |          0 |
|                         gntv_or_sync_fifo.mem                                                         |                                               xdma_ddr3_xdma_0_0_memory__parameterized0 |         96 |          0 |      96 |    0 |   268 |      0 |      0 |          0 |
|                           (gntv_or_sync_fifo.mem)                                                     |                                               xdma_ddr3_xdma_0_0_memory__parameterized0 |          0 |          0 |       0 |    0 |   134 |      0 |      0 |          0 |
|                           gdm.dm_gen.dm                                                               |                                                                 xdma_ddr3_xdma_0_0_dmem |         96 |          0 |      96 |    0 |   134 |      0 |      0 |          0 |
|                         rstblk                                                                        |                                    xdma_ddr3_xdma_0_0_reset_blk_ramfifo__parameterized0 |          4 |          4 |       0 |    0 |    19 |      0 |      0 |          0 |
|                           (rstblk)                                                                    |                                    xdma_ddr3_xdma_0_0_reset_blk_ramfifo__parameterized0 |          0 |          0 |       0 |    0 |    15 |      0 |      0 |          0 |
|                           ngwrdrst.grst.g7serrst.gwrrd_rst_sync_stage[1].rrst_inst                    |                                                      xdma_ddr3_xdma_0_0_synchronizer_ff |          1 |          1 |       0 |    0 |     1 |      0 |      0 |          0 |
|                           ngwrdrst.grst.g7serrst.gwrrd_rst_sync_stage[1].wrst_inst                    |                                                    xdma_ddr3_xdma_0_0_synchronizer_ff_0 |          1 |          1 |       0 |    0 |     1 |      0 |      0 |          0 |
|                           ngwrdrst.grst.g7serrst.gwrrd_rst_sync_stage[2].rrst_inst                    |                                                    xdma_ddr3_xdma_0_0_synchronizer_ff_1 |          1 |          1 |       0 |    0 |     1 |      0 |      0 |          0 |
|                           ngwrdrst.grst.g7serrst.gwrrd_rst_sync_stage[2].wrst_inst                    |                                                    xdma_ddr3_xdma_0_0_synchronizer_ff_2 |          1 |          1 |       0 |    0 |     1 |      0 |      0 |          0 |
|               xdma_ddr3_xdma_0_0_rx_destraddler_inst                                                  |                                                       xdma_ddr3_xdma_0_0_rx_destraddler |         95 |         95 |       0 |    0 |    82 |      0 |      0 |          0 |
|             xdma_ddr3_xdma_0_0_tgt_cpl_i                                                              |                                                              xdma_ddr3_xdma_0_0_tgt_cpl |        157 |        157 |       0 |    0 |    84 |      0 |      0 |          0 |
|             xdma_ddr3_xdma_0_0_tgt_req_i                                                              |                                                              xdma_ddr3_xdma_0_0_tgt_req |         98 |         98 |       0 |    0 |    38 |      0 |      0 |          0 |
|             xdma_ddr3_xdma_0_0_tx_mux_i                                                               |                                                               xdma_ddr3_xdma_0_0_tx_mux |         65 |         65 |       0 |    0 |   136 |      0 |      0 |          0 |
|           xdma_ddr3_xdma_0_0_cfg_sideband_i                                                           |                                                         xdma_ddr3_xdma_0_0_cfg_sideband |         54 |         54 |       0 |    0 |   151 |      0 |      0 |          0 |
|     xdma_0_axi_periph                                                                                 |                                                           xdma_ddr3_xdma_0_axi_periph_0 |        113 |        113 |       0 |    0 |   124 |      0 |      0 |          0 |
|       xbar                                                                                            |                                                                        xdma_ddr3_xbar_0 |        113 |        113 |       0 |    0 |   124 |      0 |      0 |          0 |
|         inst                                                                                          |                                      xdma_ddr3_xbar_0_axi_crossbar_v2_1_26_axi_crossbar |        113 |        113 |       0 |    0 |   124 |      0 |      0 |          0 |
|           gen_sasd.crossbar_sasd_0                                                                    |                                     xdma_ddr3_xbar_0_axi_crossbar_v2_1_26_crossbar_sasd |        113 |        113 |       0 |    0 |   124 |      0 |      0 |          0 |
|             (gen_sasd.crossbar_sasd_0)                                                                |                                     xdma_ddr3_xbar_0_axi_crossbar_v2_1_26_crossbar_sasd |          0 |          0 |       0 |    0 |     6 |      0 |      0 |          0 |
|             addr_arbiter_inst                                                                         |                                 xdma_ddr3_xbar_0_axi_crossbar_v2_1_26_addr_arbiter_sasd |         64 |         64 |       0 |    0 |    35 |      0 |      0 |          0 |
|             gen_decerr.decerr_slave_inst                                                              |                                      xdma_ddr3_xbar_0_axi_crossbar_v2_1_26_decerr_slave |          8 |          8 |       0 |    0 |     4 |      0 |      0 |          0 |
|             reg_slice_r                                                                               |                         xdma_ddr3_xbar_0_axi_register_slice_v2_1_25_axic_register_slice |         37 |         37 |       0 |    0 |    74 |      0 |      0 |          0 |
|             splitter_ar                                                                               |                          xdma_ddr3_xbar_0_axi_crossbar_v2_1_26_splitter__parameterized0 |          1 |          1 |       0 |    0 |     2 |      0 |      0 |          0 |
|             splitter_aw                                                                               |                                          xdma_ddr3_xbar_0_axi_crossbar_v2_1_26_splitter |          3 |          3 |       0 |    0 |     3 |      0 |      0 |          0 |
+-------------------------------------------------------------------------------------------------------+-----------------------------------------------------------------------------------------+------------+------------+---------+------+-------+--------+--------+------------+
* Note: The sum of lower-level cells may be larger than their parent cells total, due to cross-hierarchy LUT combining


